s_m,ref_line_x_m,ref_line_y_m,ref_line_z_m,theta_rad,mu_rad,phi_rad,omega_x_radpm,omega_y_radpm,omega_z_radpm,track_width_left_m,track_width_right_m
0.000000,-0.027120,0.000001,-0.030301,0.000019,-0.829866,0.000009,-0.000053,-0.001633,-0.000011,8.000000,-8.000004
0.199988,0.107854,0.000003,0.117271,0.000009,-0.829965,0.000003,-0.000076,0.000647,-0.000056,7.999997,-8.000004
0.399976,0.242845,0.000003,0.264826,-0.000002,-0.829642,0.000002,-0.000012,0.002583,-0.000018,7.999997,-8.000003
0.599964,0.377905,0.000003,0.412318,-0.000004,-0.829072,0.000004,0.000012,0.003117,0.000003,7.999997,-8.000003
0.799952,0.513053,0.000002,0.559729,-0.000003,-0.828485,0.000005,0.000007,0.002753,0.000003,7.999998,-8.000002
0.999940,0.648282,0.000002,0.707067,-0.000003,-0.827976,0.000006,0.000002,0.002343,0.000001,7.999998,-8.000002
1.199928,0.783582,0.000002,0.854339,-0.000002,-0.827509,0.000006,0.000000,0.002321,0.000001,7.999998,-8.000002
1.399916,0.918952,0.000001,1.001547,-0.000002,-0.827009,0.000006,0.000002,0.002683,0.000002,7.999999,-8.000001
1.599904,1.054403,0.000001,1.148681,-0.000002,-0.826417,0.000006,0.000001,0.003241,0.000001,7.999999,-8.000001
1.799892,1.189948,0.000001,1.295727,-0.000001,-0.825711,0.000006,0.000001,0.003816,-0.000000,7.999999,-8.000001
1.999880,1.325605,0.000001,1.442670,-0.000001,-0.824896,0.000006,0.000006,0.004335,0.000003,7.999999,-8.000001
2.199868,1.461390,0.000001,1.589496,-0.000000,-0.823983,0.000007,0.000007,0.004791,0.000002,7.999999,-8.000001
2.399856,1.597315,0.000001,1.736192,-0.000000,-0.822983,0.000008,0.000001,0.005217,-0.000002,7.999999,-8.000001
2.599844,1.733393,0.000001,1.882745,-0.000001,-0.821896,0.000009,0.000002,0.005652,-0.000001,7.999999,-8.000001
2.799832,1.869636,0.000000,2.029145,-0.000001,-0.820721,0.000009,0.000003,0.006093,0.000001,8.000000,-8.000000
2.999820,2.006058,0.000000,2.175379,-0.000001,-0.819457,0.000009,0.000001,0.006553,-0.000000,8.000000,-8.000000
3.199808,2.142672,0.000000,2.321433,-0.000001,-0.818099,0.000009,0.000001,0.007026,-0.000000,8.000000,-8.000000
3.399796,2.279490,0.000000,2.467296,-0.000000,-0.816647,0.000010,0.000003,0.007498,0.000000,8.000000,-8.000000
3.599784,2.416527,0.000000,2.612953,-0.000000,-0.815099,0.000010,0.000003,0.007984,0.000000,8.000000,-8.000000
3.799772,2.553797,0.000000,2.758391,-0.000000,-0.813454,0.000011,0.000003,0.008464,0.000000,8.000000,-8.000000
3.999760,2.691312,0.000000,2.903597,-0.000000,-0.811713,0.000012,0.000003,0.008948,0.000000,8.000000,-8.000000
4.199748,2.829087,0.000000,3.048556,-0.000000,-0.809874,0.000012,0.000001,0.009445,-0.000000,8.000000,-8.000000
4.399736,2.967136,0.000000,3.193255,-0.000000,-0.807936,0.000012,0.000000,0.009933,-0.000000,8.000000,-8.000000
4.599724,3.105472,0.000000,3.337679,-0.000000,-0.805900,0.000012,0.000004,0.010434,0.000001,8.000000,-8.000000
4.799712,3.244109,0.000000,3.481814,0.000000,-0.803763,0.000013,0.000005,0.010932,0.000001,8.000000,-8.000000
4.999699,3.383061,0.000000,3.625646,0.000000,-0.801527,0.000014,0.000003,0.011434,-0.000001,8.000000,-8.000000
5.199687,3.522341,0.000000,3.769159,0.000000,-0.799187,0.000015,0.000002,0.011961,-0.000001,8.000000,-8.000000
5.399675,3.661965,0.000000,3.912339,-0.000000,-0.796743,0.000015,0.000001,0.012484,-0.000001,8.000000,-8.000000
5.599663,3.801945,0.000000,4.055170,-0.000000,-0.794192,0.000015,0.000002,0.013032,0.000000,8.000000,-8.000000
5.799651,3.942297,0.000000,4.197635,-0.000000,-0.791529,0.000016,0.000003,0.013593,0.000000,8.000000,-8.000000
5.999639,4.083036,0.000000,4.339719,-0.000000,-0.788756,0.000017,0.000003,0.014141,-0.000000,8.000000,-8.000000
6.199627,4.224177,0.000000,4.481404,-0.000000,-0.785872,0.000017,0.000003,0.014705,0.000000,8.000000,-8.000000
6.399615,4.365733,0.000000,4.622673,0.000000,-0.782875,0.000018,0.000002,0.015259,-0.000000,8.000000,-8.000000
6.599603,4.507720,0.000000,4.763509,-0.000000,-0.779767,0.000018,0.000001,0.015829,-0.000001,8.000000,-8.000000
6.799591,4.650152,0.000000,4.903895,-0.000000,-0.776541,0.000018,0.000003,0.016427,-0.000000,8.000000,-8.000000
6.999579,4.793044,0.000000,5.043813,-0.000000,-0.773198,0.000019,0.000006,0.017011,0.000001,8.000000,-8.000000
7.199567,4.936412,0.000000,5.183243,0.000000,-0.769735,0.000020,0.000004,0.017620,-0.000000,8.000000,-8.000000
7.399555,5.080270,0.000000,5.322168,0.000000,-0.766150,0.000021,0.000002,0.018234,-0.000001,8.000000,-8.000000
7.599543,5.224634,0.000000,5.460567,-0.000000,-0.762441,0.000021,0.000000,0.018852,-0.000001,8.000000,-8.000000
7.799531,5.369519,0.000000,5.598420,-0.000000,-0.758606,0.000021,0.000002,0.019506,-0.000000,8.000000,-8.000000
7.999519,5.514940,0.000000,5.735707,-0.000000,-0.754641,0.000022,0.000003,0.020148,-0.000000,8.000000,-8.000000
8.199507,5.660914,0.000000,5.872407,0.000000,-0.750545,0.000022,0.000003,0.020812,-0.000000,8.000000,-8.000000
8.399495,5.807455,0.000000,6.008498,0.000000,-0.746315,0.000023,0.000003,0.021485,-0.000001,8.000000,-8.000000
8.599483,5.954579,0.000000,6.143959,0.000000,-0.741953,0.000024,0.000003,0.022143,-0.000001,8.000000,-8.000000
8.799471,6.102302,0.000000,6.278766,0.000000,-0.737454,0.000024,0.000003,0.022851,-0.000001,8.000000,-8.000000
8.999459,6.250640,0.000000,6.412897,0.000000,-0.732813,0.000025,0.000003,0.023560,-0.000001,8.000000,-8.000000
9.199447,6.399608,0.000000,6.546327,0.000000,-0.728030,0.000025,0.000003,0.024276,-0.000001,8.000000,-8.000000
9.399435,6.549222,0.000000,6.679033,0.000000,-0.723100,0.000026,0.000003,0.025020,-0.000001,8.000000,-8.000000
9.599423,6.699498,0.000000,6.810988,0.000000,-0.718025,0.000027,0.000003,0.025741,-0.000001,8.000000,-8.000000
9.799411,6.850452,0.000000,6.942167,0.000000,-0.712801,0.000027,0.000003,0.026499,-0.000001,8.000000,-8.000000
9.999399,7.002099,0.000000,7.072545,0.000000,-0.707425,0.000028,0.000003,0.027261,-0.000001,8.000000,-8.000000
10.199387,7.154454,0.000000,7.202094,0.000000,-0.701898,0.000028,0.000003,0.028022,-0.000001,8.000000,-8.000000
10.399375,7.307533,0.000000,7.330788,0.000000,-0.696212,0.000029,0.000003,0.028834,-0.000001,8.000000,-8.000000
10.599363,7.461351,0.000000,7.458596,0.000000,-0.690367,0.000030,0.000003,0.029625,-0.000001,8.000000,-8.000000
10.799351,7.615924,0.000000,7.585490,0.000000,-0.684360,0.000030,0.000003,0.030449,-0.000001,8.000000,-8.000000
10.999339,7.771267,0.000000,7.711441,0.000000,-0.678185,0.000031,0.000003,0.031298,-0.000001,8.000000,-8.000000
11.199327,7.927395,0.000000,7.836417,0.000000,-0.671845,0.000031,0.000003,0.032113,-0.000001,8.000000,-8.000000
11.399315,8.084323,0.000000,7.960388,0.000000,-0.665335,0.000032,0.000003,0.032984,-0.000001,8.000000,-8.000000
11.599303,8.242065,0.000000,8.083321,0.000000,-0.658653,0.000033,0.000004,0.033845,-0.000002,8.000000,-8.000000
11.799291,8.400636,0.000000,8.205183,-0.000000,-0.651799,0.000034,0.000004,0.034693,-0.000003,8.000000,-8.000000
11.999279,8.560048,0.000000,8.325942,-0.000001,-0.644773,0.000035,0.000005,0.035575,-0.000001,8.000000,-8.000000
12.199267,8.720315,-0.000000,8.445564,-0.000000,-0.637573,0.000036,0.000005,0.036432,0.000001,8.000000,-8.000000
12.399255,8.881450,-0.000000,8.564015,0.000000,-0.630196,0.000036,0.000004,0.037338,-0.000001,8.000000,-8.000000
12.599243,9.043465,-0.000000,8.681260,0.000000,-0.622638,0.000037,0.000003,0.038246,-0.000002,8.000000,-8.000000
12.799231,9.206371,-0.000000,8.797261,0.000000,-0.614900,0.000037,0.000003,0.039145,-0.000002,8.000000,-8.000000
12.999219,9.370181,0.000000,8.911984,0.000000,-0.606975,0.000038,0.000003,0.040104,-0.000002,8.000000,-8.000000
13.199207,9.534906,0.000000,9.025389,0.000000,-0.598865,0.000039,0.000003,0.041002,-0.000002,8.000000,-8.000000
13.399195,9.700555,0.000000,9.137440,0.000000,-0.590573,0.000039,0.000003,0.041918,-0.000001,8.000000,-8.000000
13.599183,9.867138,0.000000,9.248098,0.000000,-0.582097,0.000040,0.000002,0.042856,-0.000002,8.000000,-8.000000
13.799171,10.034662,0.000000,9.357325,0.000000,-0.573439,0.000040,0.000000,0.043727,-0.000002,8.000000,-8.000000
13.999159,10.203136,0.000000,9.465082,0.000000,-0.564601,0.000040,0.000002,0.044654,-0.000002,8.000000,-8.000000
14.199147,10.372565,0.000000,9.571330,0.000000,-0.555580,0.000041,0.000004,0.045559,-0.000002,8.000000,-8.000000
14.399135,10.542955,0.000000,9.676031,0.000000,-0.546381,0.000042,0.000006,0.046439,-0.000001,8.000000,-8.000000
14.599123,10.714310,0.000000,9.779144,0.000000,-0.537002,0.000043,0.000005,0.047355,-0.000002,8.000000,-8.000000
14.799110,10.886633,0.000000,9.880630,0.000000,-0.527447,0.000043,0.000003,0.048204,-0.000002,8.000000,-8.000000
14.999098,11.059927,0.000000,9.980450,0.000000,-0.517720,0.000044,-0.000001,0.049068,-0.000004,8.000000,-8.000000
15.199086,11.234192,0.000000,10.078565,-0.000000,-0.507824,0.000044,-0.000001,0.049895,-0.000004,8.000000,-8.000000
15.399074,11.409428,0.000000,10.174937,-0.000001,-0.497769,0.000044,0.000000,0.050669,-0.000002,8.000000,-8.000000
15.599062,11.585630,0.000000,10.269528,-0.000001,-0.487553,0.000044,0.000002,0.051494,-0.000002,8.000000,-8.000000
15.799050,11.762798,0.000000,10.362299,-0.000000,-0.477181,0.000044,0.000003,0.052227,-0.000002,8.000000,-8.000000
15.999038,11.940924,0.000000,10.453215,-0.000000,-0.466663,0.000045,0.000005,0.052961,0.000000,8.000000,-8.000000
16.199026,12.120004,0.000000,10.542240,0.000000,-0.455997,0.000046,0.000002,0.053704,-0.000002,8.000000,-8.000000
16.399014,12.300029,0.000000,10.629337,0.000000,-0.445195,0.000046,-0.000001,0.054324,-0.000005,8.000000,-8.000000
16.599002,12.480989,0.000000,10.714472,-0.000000,-0.434268,0.000046,0.000001,0.054954,-0.000001,8.000000,-8.000000
16.798990,12.662874,0.000000,10.797614,0.000000,-0.423223,0.000046,0.000001,0.055501,-0.000001,8.000000,-8.000000
16.998978,12.845671,0.000000,10.878733,0.000000,-0.412076,0.000046,-0.000001,0.055976,-0.000005,8.000000,-8.000000
17.198966,13.029364,0.000000,10.957801,-0.000000,-0.400833,0.000046,-0.000002,0.056459,-0.000002,8.000000,-8.000000
17.398954,13.213937,0.000000,11.034790,0.000000,-0.389506,0.000045,-0.000002,0.056819,-0.000000,8.000000,-8.000000
17.598942,13.399374,0.000000,11.109677,0.000000,-0.378108,0.000045,-0.000004,0.057168,-0.000004,8.000000,-8.000000
17.798930,13.585654,0.000000,11.182439,-0.000000,-0.366647,0.000044,-0.000004,0.057446,-0.000005,8.000000,-8.000000
17.998918,13.772758,0.000000,11.253057,-0.000000,-0.355143,0.000043,-0.000003,0.057606,-0.000002,8.000000,-8.000000
18.198906,13.960663,0.000000,11.321515,-0.000000,-0.343606,0.000042,-0.000005,0.057767,-0.000002,8.000000,-8.000000
18.398894,14.149346,0.000000,11.387799,-0.000000,-0.332051,0.000041,-0.000005,0.057789,-0.000003,8.000000,-8.000000
18.598882,14.338782,0.000000,11.451898,-0.000000,-0.320497,0.000040,-0.000004,0.057766,-0.000002,8.000000,-8.000000
18.798870,14.528946,0.000000,11.513804,-0.000000,-0.308948,0.000040,-0.000004,0.057722,-0.000002,8.000000,-8.000000
18.998858,14.719812,0.000000,11.573512,-0.000000,-0.297426,0.000039,-0.000006,0.057512,-0.000002,8.000000,-8.000000
19.198846,14.911351,0.000000,11.631021,-0.000000,-0.285948,0.000037,-0.000006,0.057271,-0.000002,8.000000,-8.000000
19.398834,15.103537,0.000000,11.686334,-0.000000,-0.274531,0.000036,-0.000006,0.056909,-0.000002,8.000000,-8.000000
19.598822,15.296339,0.000000,11.739456,-0.000000,-0.263196,0.000035,-0.000006,0.056447,-0.000002,8.000000,-8.000000
19.798810,15.489729,0.000000,11.790398,-0.000000,-0.251954,0.000034,-0.000008,0.055978,-0.000002,8.000000,-8.000000
19.998798,15.683677,0.000000,11.839174,-0.000000,-0.240820,0.000032,-0.000009,0.055365,-0.000002,8.000000,-8.000000
20.198786,15.878153,0.000000,11.885799,-0.000000,-0.229812,0.000030,-0.000009,0.054721,-0.000002,8.000000,-8.000000
20.398774,16.073128,0.000000,11.930293,-0.000000,-0.218941,0.000028,-0.000009,0.053997,-0.000001,8.000000,-8.000000
20.598762,16.268571,0.000000,11.972681,-0.000000,-0.208229,0.000026,-0.000009,0.053133,-0.000001,8.000000,-8.000000
20.798750,16.464454,0.000000,12.012989,-0.000000,-0.197691,0.000024,-0.000009,0.052259,-0.000001,8.000000,-8.000000
20.998738,16.660747,0.000000,12.051249,-0.000000,-0.187339,0.000023,-0.000010,0.051260,-0.000001,8.000000,-8.000000
21.198726,16.857422,0.000000,12.087495,-0.000000,-0.177194,0.000020,-0.000011,0.050201,-0.000001,8.000000,-8.000000
21.398714,17.054451,0.000000,12.121765,-0.000000,-0.167263,0.000018,-0.000011,0.049116,-0.000001,8.000000,-8.000000
21.598702,17.251807,0.000000,12.154098,-0.000000,-0.157561,0.000016,-0.000010,0.047908,-0.000001,8.000000,-8.000000
21.798690,17.449464,0.000000,12.184540,-0.000000,-0.148101,0.000014,-0.000011,0.046693,-0.000001,8.000000,-8.000000
21.998678,17.647396,0.000000,12.213135,-0.000000,-0.138893,0.000012,-0.000012,0.045399,-0.000001,8.000000,-8.000000
22.198666,17.845580,0.000000,12.239932,-0.000000,-0.129950,0.000009,-0.000012,0.044033,-0.000000,8.000000,-8.000000
22.398654,18.043992,0.000000,12.264983,-0.000000,-0.121281,0.000007,-0.000012,0.042667,-0.000000,8.000000,-8.000000
22.598642,18.242611,0.000000,12.288341,-0.000000,-0.112895,0.000004,-0.000012,0.041199,-0.000000,8.000000,-8.000000
22.798630,18.441415,0.000000,12.310061,-0.000000,-0.104802,0.000002,-0.000012,0.039729,-0.000000,8.000000,-8.000000
22.998618,18.640386,0.000000,12.330202,-0.000000,-0.097006,-0.000001,-0.000012,0.038234,0.000000,8.000000,-8.000000
23.198606,18.839505,0.000000,12.348820,-0.000000,-0.089517,-0.000003,-0.000012,0.036664,0.000000,8.000000,-8.000000
23.398594,19.038755,0.000000,12.365979,-0.000000,-0.082339,-0.000005,-0.000010,0.035117,0.000000,8.000000,-8.000000
23.598582,19.238121,-0.000000,12.381738,-0.000000,-0.075476,-0.000007,-0.000010,0.033517,0.000000,8.000000,-8.000000
23.798570,19.437588,-0.000000,12.396160,-0.000000,-0.068935,-0.000010,-0.000012,0.031902,0.000000,8.000000,-8.000000
23.998558,19.637143,-0.000000,12.409309,-0.000000,-0.062714,-0.000012,-0.000012,0.030308,0.000000,8.000000,-8.000000
24.198546,19.836774,-0.000000,12.421249,-0.000000,-0.056815,-0.000014,-0.000012,0.028685,0.000000,8.000000,-8.000000
24.398534,20.036470,-0.000000,12.432043,-0.000000,-0.051238,-0.000017,-0.000012,0.027091,0.000000,8.000000,-8.000000
24.598521,20.236222,-0.000000,12.441755,-0.000000,-0.045982,-0.000019,-0.000012,0.025474,0.000000,8.000000,-8.000000
24.798509,20.436020,-0.000000,12.450450,-0.000000,-0.041050,-0.000022,-0.000012,0.023850,0.000000,8.000000,-8.000000
24.998497,20.635858,-0.000000,12.458191,-0.000000,-0.036438,-0.000024,-0.000011,0.022265,0.000001,8.000000,-8.000000
25.198485,20.835729,-0.000000,12.465042,-0.000000,-0.032146,-0.000026,-0.000009,0.020660,0.000001,8.000000,-8.000000
25.398473,21.035626,-0.000000,12.471067,-0.000000,-0.028170,-0.000028,-0.000009,0.019102,0.000001,8.000000,-8.000000
25.598461,21.235544,-0.000000,12.476328,-0.000000,-0.024502,-0.000030,-0.000009,0.017587,0.000000,8.000000,-8.000000
25.798449,21.435480,-0.000000,12.480886,-0.000000,-0.021135,-0.000032,-0.000009,0.016078,0.000000,8.000000,-8.000000
25.998437,21.635430,-0.000000,12.484801,-0.000000,-0.018066,-0.000033,-0.000007,0.014622,0.000000,8.000000,-8.000000
26.198425,21.835390,-0.000000,12.488131,-0.000000,-0.015284,-0.000035,-0.000007,0.013200,0.000000,8.000000,-8.000000
26.398413,22.035358,-0.000000,12.490933,-0.000000,-0.012780,-0.000036,-0.000009,0.011834,0.000000,8.000000,-8.000000
26.598401,22.235333,-0.000000,12.493261,-0.000000,-0.010545,-0.000038,-0.000009,0.010527,0.000000,8.000000,-8.000000
26.798389,22.435312,-0.000000,12.495167,-0.000000,-0.008567,-0.000040,-0.000009,0.009254,0.000000,8.000000,-8.000000
26.998377,22.635294,-0.000000,12.496704,-0.000000,-0.006837,-0.000041,-0.000007,0.008047,0.000000,8.000000,-8.000000
27.198365,22.835278,-0.000000,12.497918,-0.000000,-0.005342,-0.000043,-0.000005,0.006896,0.000000,8.000000,-8.000000
27.398353,23.035264,-0.000000,12.498855,-0.000000,-0.004073,-0.000043,-0.000003,0.005804,0.000000,8.000000,-8.000000
27.598341,23.235250,-0.000000,12.499560,-0.000000,-0.003013,-0.000044,-0.000003,0.004798,-0.000000,8.000000,-8.000000
27.798329,23.435238,-0.000000,12.500073,-0.000000,-0.002145,-0.000045,-0.000003,0.003882,-0.000000,8.000000,-8.000000
27.998317,23.635225,-0.000000,12.500430,-0.000000,-0.001450,-0.000045,-0.000003,0.003064,-0.000000,8.000000,-8.000000
28.198305,23.835213,-0.000000,12.500663,-0.000000,-0.000911,-0.000046,-0.000002,0.002327,-0.000000,8.000000,-8.000000
28.398293,24.035201,-0.000001,12.500803,-0.000001,-0.000512,-0.000046,-0.000000,0.001668,-0.000000,8.000001,-7.999999
28.598281,24.235189,-0.000001,12.500876,-0.000001,-0.000233,-0.000046,0.000000,0.001118,-0.000000,8.000001,-7.999999
28.798269,24.435177,-0.000001,12.500903,-0.000001,-0.000052,-0.000046,0.000001,0.000692,-0.000001,8.000001,-7.999999
28.998257,24.635165,-0.000001,12.500902,-0.000001,0.000056,-0.000046,0.000003,0.000386,-0.000001,8.000001,-7.999999
29.198245,24.835153,-0.000001,12.500884,-0.000001,0.000113,-0.000045,0.000003,0.000182,-0.000001,8.000001,-7.999999
29.398233,25.035141,-0.000001,12.500859,-0.000001,0.000137,-0.000044,0.000003,0.000062,-0.000001,8.000001,-7.999999
29.598221,25.235129,-0.000002,12.500831,-0.000001,0.000144,-0.000044,0.000003,0.000004,-0.000001,8.000002,-7.999998
29.798209,25.435117,-0.000002,12.500802,-0.000002,0.000142,-0.000043,0.000004,-0.000021,-0.000002,8.000002,-7.999998
29.998197,25.635105,-0.000002,12.500774,-0.000002,0.000137,-0.000042,0.000005,-0.000031,-0.000002,8.000002,-7.999998
30.198185,25.835093,-0.000003,12.500747,-0.000002,0.000130,-0.000041,0.000003,-0.000033,0.000001,8.000003,-7.999997
30.398173,26.035081,-0.000003,12.500722,-0.000002,0.000125,-0.000041,0.000002,-0.000026,0.000005,8.000003,-7.999997
30.598161,26.235069,-0.000003,12.500697,-0.000000,0.000120,-0.000040,0.000004,-0.000022,0.000008,8.000004,-7.999996
30.798149,26.435057,-0.000003,12.500674,0.000002,0.000115,-0.000039,0.000005,-0.000024,0.000014,8.000004,-7.999996
30.998137,26.635045,-0.000003,12.500651,0.000005,0.000110,-0.000038,0.000003,-0.000031,0.000021,8.000005,-7.999995
31.198125,26.835033,-0.000001,12.500630,0.000011,0.000103,-0.000038,0.000003,-0.000033,0.000034,8.000006,-7.999994
31.398113,27.035021,0.000002,12.500610,0.000019,0.000097,-0.000037,0.000004,-0.000027,0.000050,8.000006,-7.999994
31.598101,27.235009,0.000007,12.500591,0.000032,0.000093,-0.000036,0.000005,-0.000019,0.000072,8.000007,-7.999993
31.798089,27.434997,0.000015,12.500573,0.000049,0.000090,-0.000035,0.000005,-0.000010,0.000099,8.000007,-7.999991
31.998077,27.634985,0.000027,12.500555,0.000072,0.000088,-0.000034,0.000004,-0.000005,0.000130,8.000007,-7.999989
32.198065,27.834973,0.000044,12.500538,0.000102,0.000087,-0.000033,0.000005,-0.000007,0.000171,8.000008,-7.999988
32.398053,28.034961,0.000068,12.500520,0.000141,0.000085,-0.000032,0.000005,-0.000015,0.000218,8.000008,-7.999988
32.598041,28.234949,0.000101,12.500504,0.000190,0.000081,-0.000032,0.000004,-0.000020,0.000278,8.000009,-7.999985
32.798029,28.434937,0.000145,12.500488,0.000252,0.000078,-0.000031,0.000003,-0.000018,0.000345,8.000007,-7.999985
32.998017,28.634925,0.000203,12.500473,0.000329,0.000075,-0.000030,0.000003,-0.000012,0.000417,8.000008,-7.999983
33.198005,28.834913,0.000278,12.500458,0.000422,0.000072,-0.000030,0.000003,-0.000012,0.000514,8.000009,-7.999979
33.397993,29.034901,0.000373,12.500444,0.000534,0.000069,-0.000029,0.000003,-0.000016,0.000615,8.000005,-7.999981
33.597981,29.234888,0.000493,12.500430,0.000669,0.000066,-0.000028,0.000003,-0.000016,0.000727,8.000009,-7.999976
33.797969,29.434876,0.000642,12.500417,0.000828,0.000063,-0.000028,0.000003,-0.000011,0.000863,8.000008,-7.999975
33.997957,29.634864,0.000826,12.500405,0.001014,0.000062,-0.000027,0.000004,-0.000004,0.000997,8.000005,-7.999974
34.197945,29.834852,0.001049,12.500392,0.001229,0.000061,-0.000026,0.000005,0.000000,0.001161,8.000010,-7.999967
34.397933,30.034840,0.001320,12.500380,0.001479,0.000062,-0.000025,0.000005,-0.000000,0.001336,8.000002,-7.999972
34.597920,30.234828,0.001643,12.500368,0.001765,0.000061,-0.000024,0.000003,-0.000005,0.001518,8.000006,-7.999963
34.797908,30.434815,0.002028,12.500356,0.002090,0.000059,-0.000024,0.000003,-0.000011,0.001741,8.000005,-7.999959
34.997896,30.634803,0.002482,12.500344,0.002460,0.000057,-0.000023,0.000003,-0.000017,0.001955,7.999998,-7.999965
35.197884,30.834790,0.003015,12.500333,0.002875,0.000053,-0.000022,0.000003,-0.000018,0.002196,8.000007,-7.999951
35.397872,31.034777,0.003636,12.500323,0.003341,0.000050,-0.000022,0.000003,-0.000012,0.002468,7.999995,-7.999958
35.597860,31.234764,0.004355,12.500313,0.003861,0.000048,-0.000021,0.000003,-0.000004,0.002731,7.999998,-7.999952
35.797848,31.434750,0.005184,12.500303,0.004439,0.000048,-0.000021,0.000003,-0.000001,0.003046,8.000005,-7.999940
35.997836,31.634736,0.006135,12.500294,0.005079,0.000047,-0.000020,0.000003,-0.000006,0.003358,7.999987,-7.999953
36.197824,31.834721,0.007220,12.500284,0.005784,0.000046,-0.000019,0.000002,-0.000010,0.003687,8.000003,-7.999933
36.397812,32.034705,0.008453,12.500276,0.006559,0.000044,-0.000019,0.000001,-0.000009,0.004060,7.999992,-7.999938
36.597800,32.234688,0.009848,12.500267,0.007406,0.000042,-0.000019,0.000001,-0.000006,0.004412,7.999983,-7.999940
36.797788,32.434670,0.011420,12.500259,0.008329,0.000041,-0.000019,0.000002,-0.000004,0.004821,8.000003,-7.999916
36.997776,32.634650,0.013185,12.500250,0.009335,0.000041,-0.000018,0.000003,-0.000005,0.005241,7.999973,-7.999941
37.197764,32.834628,0.015159,12.500242,0.010424,0.000040,-0.000017,0.000003,-0.000006,0.005649,7.999991,-7.999916
37.397752,33.034604,0.017360,12.500235,0.011601,0.000038,-0.000017,0.000003,-0.000006,0.006122,7.999991,-7.999910
37.597740,33.234577,0.019805,12.500227,0.012870,0.000037,-0.000016,0.000003,-0.000005,0.006570,7.999964,-7.999932
37.797728,33.434547,0.022514,12.500220,0.014233,0.000036,-0.000015,0.000002,-0.000005,0.007062,8.000000,-7.999891
37.997716,33.634512,0.025505,12.500212,0.015698,0.000035,-0.000015,0.000001,-0.000006,0.007589,7.999968,-7.999920
38.197704,33.834473,0.028799,12.500206,0.017265,0.000034,-0.000015,0.000001,-0.000007,0.008078,7.999975,-7.999910
38.397692,34.034428,0.032417,12.500199,0.018937,0.000032,-0.000015,0.000002,-0.000008,0.008639,7.999999,-7.999883
38.597680,34.234377,0.036380,12.500193,0.020719,0.000031,-0.000014,0.000003,-0.000006,0.009185,7.999951,-7.999927
38.797668,34.434318,0.040711,12.500186,0.022611,0.000030,-0.000013,0.000002,-0.000003,0.009740,7.999997,-7.999876
38.997656,34.634250,0.045431,12.500180,0.024621,0.000030,-0.000013,0.000001,-0.000000,0.010360,7.999973,-7.999895
39.197644,34.834172,0.050566,12.500174,0.026749,0.000030,-0.000013,0.000001,-0.000001,0.010919,7.999956,-7.999909
39.397632,35.034083,0.056137,12.500169,0.028995,0.000029,-0.000013,0.000002,-0.000004,0.011544,8.000008,-7.999855
39.597620,35.233980,0.062170,12.500163,0.031368,0.000028,-0.000012,0.000003,-0.000006,0.012184,7.999940,-7.999920
39.797608,35.433861,0.068689,12.500157,0.033864,0.000027,-0.000011,0.000002,-0.000005,0.012786,7.999985,-7.999872
39.997596,35.633725,0.075721,12.500152,0.036490,0.000026,-0.000011,0.000001,-0.000004,0.013467,7.999991,-7.999864
40.197584,35.833570,0.083290,12.500147,0.039246,0.000025,-0.000011,0.000001,-0.000005,0.014098,7.999932,-7.999924
40.397572,36.033393,0.091423,12.500142,0.042132,0.000024,-0.000010,0.000002,-0.000006,0.014763,8.000016,-7.999840
40.597560,36.233190,0.100146,12.500137,0.045154,0.000023,-0.000010,0.000001,-0.000006,0.015458,7.999954,-7.999902
40.797548,36.432960,0.109486,12.500133,0.048306,0.000022,-0.000010,0.000001,-0.000004,0.016066,7.999966,-7.999892
40.997536,36.632698,0.119468,12.500128,0.051587,0.000022,-0.000010,0.000002,-0.000002,0.016742,8.000021,-7.999839
41.197524,36.832402,0.130119,12.500124,0.055009,0.000021,-0.000009,0.000001,-0.000003,0.017480,7.999937,-7.999925
41.397512,37.032068,0.141469,12.500120,0.058578,0.000021,-0.000009,0.000001,-0.000004,0.018212,8.000033,-7.999831
41.597500,37.231691,0.153545,12.500116,0.062292,0.000020,-0.000009,0.000002,-0.000004,0.018936,8.000002,-7.999866
41.797488,37.431267,0.166377,12.500112,0.066144,0.000019,-0.000008,0.000001,-0.000004,0.019581,7.999976,-7.999899
41.997476,37.630791,0.179991,12.500108,0.070131,0.000018,-0.000008,0.000001,-0.000003,0.020296,8.000077,-7.999803
42.197464,37.830258,0.194414,12.500104,0.074262,0.000018,-0.000008,0.000001,-0.000002,0.021012,7.999969,-7.999915
42.397452,38.029662,0.209675,12.500101,0.078529,0.000018,-0.000007,0.000002,-0.000002,0.021665,8.000045,-7.999843
42.597440,38.228999,0.225801,12.500097,0.082935,0.000017,-0.000007,0.000000,-0.000001,0.022398,8.000067,-7.999827
42.797428,38.428261,0.242818,12.500094,0.087481,0.000017,-0.000007,-0.000000,-0.000001,0.023067,7.999973,-7.999928
42.997416,38.627443,0.260755,12.500091,0.092162,0.000017,-0.000007,0.000000,-0.000003,0.023745,8.000110,-7.999797
43.197404,38.826538,0.279638,12.500087,0.096983,0.000016,-0.000007,0.000001,-0.000007,0.024460,8.000022,-7.999893
43.397392,39.025537,0.299494,12.500084,0.101937,0.000015,-0.000006,0.000002,-0.000007,0.025091,8.000040,-7.999883
43.597380,39.224435,0.320349,12.500081,0.107025,0.000013,-0.000006,0.000001,-0.000005,0.025785,8.000130,-7.999802
43.797368,39.423222,0.342228,12.500079,0.112247,0.000013,-0.000006,0.000001,-0.000000,0.026440,7.999997,-7.999944
43.997356,39.621891,0.365159,12.500076,0.117596,0.000013,-0.000005,0.000002,0.000003,0.027057,8.000132,-7.999818
44.197344,39.820433,0.389164,12.500074,0.123075,0.000014,-0.000005,0.000001,0.000002,0.027736,8.000094,-7.999866
44.397331,40.018838,0.414270,12.500071,0.128681,0.000014,-0.000005,-0.000000,-0.000001,0.028329,8.000042,-7.999929
44.597319,40.217098,0.440499,12.500068,0.134409,0.000013,-0.000005,-0.000000,-0.000004,0.028951,8.000190,-7.999792
44.797307,40.415203,0.467877,12.500066,0.140262,0.000012,-0.000005,0.000001,-0.000006,0.029580,8.000042,-7.999949
44.997295,40.613143,0.496425,12.500063,0.146232,0.000011,-0.000004,0.000002,-0.000007,0.030130,8.000139,-7.999867
45.197283,40.810907,0.526165,12.500061,0.152319,0.000010,-0.000004,0.000001,-0.000005,0.030733,8.000179,-7.999837
45.397271,41.008484,0.557120,12.500059,0.158519,0.000009,-0.000004,-0.000000,-0.000002,0.031276,8.000045,-7.999979
45.597259,41.205864,0.589310,12.500057,0.164826,0.000009,-0.000004,-0.000001,0.000001,0.031799,8.000224,-7.999806
45.797247,41.403035,0.622755,12.500055,0.171241,0.000010,-0.000004,-0.000000,0.000003,0.032354,8.000114,-7.999925
45.997235,41.599986,0.657475,12.500053,0.177759,0.000010,-0.000004,0.000001,0.000001,0.032830,8.000126,-7.999926
46.197223,41.796705,0.693487,12.500051,0.184376,0.000010,-0.000004,0.000002,-0.000002,0.033337,8.000249,-7.999813
46.397211,41.993179,0.730809,12.500049,0.191091,0.000009,-0.000003,0.000001,-0.000005,0.033819,8.000075,-7.999997
46.597199,42.189396,0.769459,12.500048,0.197897,0.000008,-0.000003,-0.000000,-0.000004,0.034246,8.000237,-7.999842
46.797187,42.385344,0.809453,12.500046,0.204792,0.000008,-0.000003,-0.000000,-0.000002,0.034713,8.000199,-7.999890
46.997175,42.581009,0.850805,12.500044,0.211774,0.000007,-0.000003,-0.000000,-0.000001,0.035114,8.000118,-7.999986
47.197163,42.776380,0.893530,12.500043,0.218836,0.000007,-0.000003,-0.000000,0.000000,0.035507,8.000304,-7.999809
47.397151,42.971442,0.937642,12.500041,0.225977,0.000008,-0.000003,-0.000000,0.000001,0.035902,8.000130,-7.999991
47.597139,43.166182,0.983152,12.500040,0.233190,0.000008,-0.000003,0.000001,0.000001,0.036233,8.000225,-7.999904
47.797127,43.360588,1.030073,12.500038,0.240472,0.000008,-0.000003,0.000002,0.000000,0.036594,8.000283,-7.999852
47.997115,43.554645,1.078414,12.500037,0.247823,0.000008,-0.000002,0.000001,0.000000,0.036918,8.000116,-8.000026
48.197103,43.748339,1.128187,12.500035,0.255234,0.000008,-0.000002,0.000000,-0.000002,0.037201,8.000322,-7.999827
48.397091,43.941659,1.179400,12.500034,0.262704,0.000007,-0.000002,-0.000000,-0.000004,0.037508,8.000202,-7.999953
48.597079,44.134588,1.232061,12.500032,0.270231,0.000006,-0.000002,-0.000000,-0.000005,0.037758,8.000195,-7.999962
48.797067,44.327115,1.286177,12.500031,0.277807,0.000005,-0.000002,-0.000000,-0.000004,0.038006,8.000343,-7.999821
48.997055,44.519224,1.341755,12.500030,0.285431,0.000005,-0.000002,-0.000000,-0.000002,0.038245,8.000140,-8.000032
49.197043,44.710903,1.398801,12.500029,0.293098,0.000005,-0.000002,-0.000000,0.000001,0.038432,8.000312,-7.999862
49.397031,44.902138,1.457318,12.500028,0.300806,0.000005,-0.000002,-0.000000,0.000002,0.038648,8.000281,-7.999897
49.597019,45.092915,1.517311,12.500027,0.308552,0.000005,-0.000002,-0.000000,0.000000,0.038823,8.000165,-8.000016
49.797007,45.283220,1.578783,12.500026,0.316331,0.000005,-0.000002,0.000000,-0.000003,0.038963,8.000374,-7.999811
49.996995,45.473041,1.641737,12.500025,0.324140,0.000004,-0.000002,0.000002,-0.000004,0.039133,8.000188,-7.999999
50.196983,45.662363,1.706173,12.500024,0.331978,0.000004,-0.000001,0.000002,-0.000002,0.039257,8.000267,-7.999919
50.396971,45.851173,1.772094,12.500024,0.339841,0.000004,-0.000001,0.000001,0.000001,0.039377,8.000343,-7.999844
50.596959,46.039459,1.839500,12.500023,0.347728,0.000004,-0.000001,-0.000000,0.000002,0.039493,8.000154,-8.000036
50.796947,46.227206,1.908391,12.500022,0.355633,0.000004,-0.000001,-0.000000,0.000000,0.039568,8.000364,-7.999824
50.996935,46.414403,1.978765,12.500021,0.363555,0.000004,-0.000001,-0.000000,-0.000002,0.039658,8.000244,-7.999942
51.196923,46.601035,2.050622,12.500020,0.371493,0.000004,-0.000001,-0.000000,-0.000003,0.039723,8.000219,-7.999965
51.396911,46.787091,2.123958,12.500020,0.379442,0.000003,-0.000001,-0.000000,-0.000002,0.039773,8.000381,-7.999802
51.596899,46.972557,2.198773,12.500019,0.387403,0.000003,-0.000001,-0.000000,-0.000001,0.039838,8.000158,-8.000024
51.796887,47.157421,2.275062,12.500018,0.395372,0.000003,-0.000001,-0.000000,0.000001,0.039859,8.000326,-7.999856
51.996875,47.341672,2.352823,12.500018,0.403348,0.000003,-0.000001,-0.000000,0.000002,0.039903,8.000309,-7.999872
52.196863,47.525296,2.432051,12.500017,0.411332,0.000004,-0.000001,-0.000000,0.000002,0.039950,8.000166,-8.000012
52.396851,47.708281,2.512744,12.500016,0.419323,0.000004,-0.000001,-0.000000,0.000001,0.039956,8.000387,-7.999789
52.596839,47.890616,2.594897,12.500016,0.427316,0.000004,-0.000001,-0.000000,-0.000001,0.039984,8.000203,-7.999970
52.796827,48.072288,2.678505,12.500015,0.435313,0.000003,-0.000001,-0.000000,-0.000004,0.039988,8.000261,-7.999910
52.996815,48.253286,2.763562,12.500014,0.443309,0.000003,-0.000001,-0.000000,-0.000004,0.039982,8.000353,-7.999815
53.196803,48.433597,2.850065,12.500014,0.451307,0.000002,-0.000001,-0.000000,-0.000000,0.040003,8.000149,-8.000015
53.396791,48.613211,2.938007,12.500013,0.459306,0.000002,-0.000001,-0.000000,0.000002,0.039994,8.000356,-7.999806
53.596779,48.792116,3.027383,12.500013,0.467307,0.000003,-0.000001,-0.000000,0.000001,0.040017,8.000246,-7.999912
53.796767,48.970300,3.118188,12.500012,0.475310,0.000003,-0.000001,-0.000000,-0.000001,0.040019,8.000201,-7.999954
53.996755,49.147751,3.210416,12.500012,0.483311,0.000003,-0.000001,0.000000,-0.000002,0.039996,8.000376,-7.999777
54.196742,49.324459,3.304060,12.500011,0.491312,0.000002,-0.000001,0.000002,-0.000003,0.040018,8.000146,-8.000003
54.396730,49.500412,3.399116,12.500011,0.499314,0.000002,-0.000000,0.000002,-0.000002,0.040003,8.000305,-7.999842
54.596718,49.675599,3.495576,12.500011,0.507314,0.000001,-0.000000,0.000001,-0.000002,0.040003,8.000305,-7.999839
54.796706,49.850008,3.593435,12.500010,0.515316,0.000001,0.000000,-0.000000,-0.000001,0.040020,8.000141,-7.999998
54.996694,50.023629,3.692686,12.500010,0.523317,0.000001,0.000000,-0.000000,0.000001,0.039998,8.000367,-7.999770
55.196682,50.196450,3.793323,12.500010,0.531318,0.000001,0.000000,-0.000000,0.000004,0.040015,8.000193,-7.999942
55.396670,50.368461,3.895339,12.500010,0.539320,0.000002,-0.000000,-0.000000,0.000005,0.040012,8.000229,-7.999899
55.596658,50.539649,3.998729,12.500009,0.547320,0.000003,-0.000000,-0.000000,0.000002,0.039995,8.000338,-7.999787
55.796646,50.710006,4.103485,12.500009,0.555321,0.000003,0.000000,-0.000000,-0.000002,0.040015,8.000129,-7.999995
55.996634,50.879518,4.209601,12.500008,0.563322,0.000002,0.000000,-0.000000,-0.000003,0.040004,8.000328,-7.999792
56.196622,51.048176,4.317069,12.500008,0.571323,0.000002,0.000000,-0.000000,-0.000004,0.040007,8.000235,-7.999881
56.396610,51.215969,4.425883,12.500007,0.579324,0.000001,0.000000,-0.000000,-0.000003,0.040008,8.000169,-7.999944
56.596598,51.382885,4.536037,12.500007,0.587323,0.000001,0.000000,-0.000000,-0.000001,0.039993,8.000354,-7.999757
56.796586,51.548916,4.647522,12.500007,0.595324,0.000001,0.000000,-0.000000,0.000001,0.040018,8.000134,-7.999976
56.996574,51.714049,4.760332,12.500007,0.603326,0.000001,0.000000,-0.000000,0.000002,0.040006,8.000270,-7.999836
57.196562,51.878274,4.874459,12.500007,0.611326,0.000001,0.000000,-0.000000,0.000000,0.039999,8.000290,-7.999813
57.396550,52.041581,4.989897,12.500006,0.619327,0.000001,0.000000,-0.000000,-0.000003,0.040015,8.000120,-7.999983
57.596538,52.203959,5.106638,12.500006,0.627327,0.000001,0.000000,-0.000000,-0.000003,0.039994,8.000340,-7.999758
57.796526,52.365398,5.224673,12.500006,0.635326,0.000000,0.000000,-0.000000,-0.000001,0.040003,8.000179,-7.999916
57.996514,52.525887,5.343997,12.500006,0.643326,0.000000,0.000000,-0.000000,0.000004,0.040004,8.000198,-7.999893
58.196502,52.685417,5.464601,12.500006,0.651326,0.000001,0.000000,-0.000000,0.000006,0.039999,8.000322,-7.999768
58.396490,52.843977,5.586476,12.500005,0.659327,0.000003,0.000000,-0.000000,0.000005,0.040017,8.000108,-7.999980
58.596478,53.001556,5.709617,12.500005,0.667328,0.000003,0.000000,-0.000000,-0.000001,0.039998,8.000297,-7.999787
58.796466,53.158146,5.834015,12.500004,0.675327,0.000002,0.000000,-0.000000,-0.000006,0.039998,8.000225,-7.999856
58.996454,53.313735,5.959661,12.500004,0.683327,0.000001,0.000000,-0.000000,-0.000006,0.040008,8.000140,-7.999940
59.196442,53.468314,6.086548,12.500004,0.691328,0.000000,0.000000,-0.000000,-0.000004,0.040000,8.000334,-7.999743
59.396430,53.621873,6.214667,12.500004,0.699329,-0.000000,-0.000000,0.000000,-0.000001,0.040017,8.000123,-7.999950
59.596418,53.774402,6.344011,12.500004,0.707331,-0.000000,-0.000000,0.000000,0.000000,0.040003,8.000239,-7.999832
59.796406,53.925891,6.474571,12.500004,0.715330,-0.000000,-0.000000,0.000000,0.000001,0.040000,8.000279,-7.999790
59.996394,54.076331,6.606339,12.500004,0.723331,-0.000000,-0.000000,0.000000,0.000001,0.040009,8.000099,-7.999969
60.196382,54.225712,6.739307,12.500004,0.731329,0.000000,0.000000,-0.000000,0.000002,0.039982,8.000315,-7.999750
60.396370,54.374025,6.873464,12.500004,0.739327,0.000001,0.000000,-0.000000,0.000003,0.040003,8.000169,-7.999895
60.596358,54.521260,7.008804,12.500004,0.747328,0.000001,0.000000,-0.000000,0.000003,0.040011,8.000173,-7.999891
60.796346,54.667408,7.145318,12.500004,0.755329,0.000001,0.000000,-0.000000,0.000000,0.040003,8.000312,-7.999750
60.996334,54.812458,7.282996,12.500003,0.763330,0.000001,0.000000,-0.000000,-0.000002,0.040012,8.000093,-7.999965
61.196322,54.956402,7.421831,12.500003,0.771330,0.000001,0.000000,-0.000000,-0.000003,0.039988,8.000273,-7.999782
61.396310,55.099231,7.561812,12.500003,0.779328,0.000000,0.000000,-0.000000,-0.000002,0.040000,8.000222,-7.999831
61.596298,55.240936,7.702932,12.500003,0.787329,-0.000000,-0.000000,0.000000,-0.000001,0.040012,8.000114,-7.999937
61.796286,55.381508,7.845180,12.500003,0.795329,-0.000000,-0.000000,0.000000,-0.000000,0.039993,8.000318,-7.999731
61.996274,55.520936,7.988549,12.500003,0.803329,-0.000000,-0.000000,0.000000,0.000000,0.040016,8.000118,-7.999929
62.196262,55.659214,8.133029,12.500003,0.811331,-0.000000,-0.000000,0.000000,0.000001,0.040009,8.000211,-7.999835
62.396250,55.796330,8.278610,12.500003,0.819331,0.000000,0.000000,-0.000000,0.000001,0.039996,8.000272,-7.999773
62.596238,55.932278,8.425284,12.500003,0.827331,0.000000,0.000000,-0.000000,0.000002,0.040006,8.000083,-7.999961
62.796226,56.067049,8.573040,12.500003,0.835330,0.000001,0.000000,-0.000000,0.000003,0.039984,8.000297,-7.999745
62.996214,56.200633,8.721870,12.500003,0.843328,0.000001,0.000000,-0.000000,0.000001,0.040007,8.000165,-7.999874
63.196202,56.333022,8.871763,12.500002,0.851329,0.000001,0.000000,-0.000000,-0.000001,0.040008,8.000151,-7.999888
63.396190,56.464208,9.022711,12.500002,0.859328,0.000001,0.000000,-0.000000,-0.000002,0.039989,8.000304,-7.999733
63.596178,56.594182,9.174704,12.500002,0.867328,0.000001,0.000000,-0.000000,0.000000,0.040014,8.000082,-7.999954
63.796166,56.722936,9.327731,12.500002,0.875329,0.000001,0.000000,-0.000000,0.000002,0.040000,8.000255,-7.999780
63.996153,56.850462,9.481784,12.500002,0.883328,0.000001,0.000000,-0.000000,0.000001,0.039997,8.000224,-7.999809
64.196141,56.976751,9.636851,12.500001,0.891329,0.000001,0.000000,-0.000000,-0.000001,0.040011,8.000094,-7.999938
64.396129,57.101795,9.792924,12.500001,0.899329,0.000001,0.000000,-0.000000,-0.000003,0.039997,8.000307,-7.999722
64.596117,57.225587,9.949993,12.500001,0.907329,0.000000,0.000000,-0.000000,-0.000002,0.040011,8.000116,-7.999911
64.796105,57.348119,10.108047,12.500001,0.915330,-0.000000,0.000000,0.000000,-0.000001,0.040000,8.000188,-7.999839
64.996093,57.469382,10.267076,12.500001,0.923328,-0.000000,-0.000000,0.000000,-0.000000,0.039983,8.000270,-7.999756
65.196081,57.589369,10.427070,12.500001,0.931326,-0.000000,-0.000000,0.000000,0.000000,0.040005,8.000073,-7.999951
65.396069,57.708073,10.588018,12.500001,0.939325,-0.000000,-0.000000,0.000000,0.000000,0.039997,8.000282,-7.999742
65.596057,57.825486,10.749911,12.500001,0.947326,0.000000,-0.000000,-0.000000,0.000000,0.040011,8.000165,-7.999858
65.796045,57.941599,10.912738,12.500001,0.955328,0.000000,0.000000,-0.000000,-0.000000,0.040011,8.000133,-7.999890
65.996033,58.056406,11.076489,12.500001,0.963328,0.000000,0.000000,-0.000000,-0.000000,0.039995,8.000300,-7.999722
66.196021,58.169899,11.241153,12.500001,0.971328,0.000000,0.000000,-0.000000,-0.000000,0.040013,8.000073,-7.999947
66.396009,58.282072,11.406720,12.500001,0.979328,-0.000000,-0.000000,0.000000,-0.000000,0.039993,8.000236,-7.999782
66.595997,58.392916,11.573178,12.500001,0.987326,-0.000000,-0.000000,0.000000,0.000000,0.039992,8.000227,-7.999790
66.795985,58.502425,11.740518,12.500001,0.995326,-0.000000,-0.000000,0.000000,0.000000,0.040009,8.000076,-7.999941
66.995973,58.610592,11.908729,12.500001,1.003325,-0.000000,-0.000000,0.000000,0.000000,0.039991,8.000299,-7.999716
67.195961,58.717410,12.077800,12.500001,1.011324,0.000000,-0.000000,-0.000000,-0.000000,0.040005,8.000118,-7.999896
67.395949,58.822873,12.247719,12.500001,1.019325,-0.000000,-0.000000,0.000000,-0.000000,0.040003,8.000168,-7.999846
67.595937,58.926972,12.418477,12.500001,1.027324,-0.000000,-0.000000,0.000000,-0.000000,0.039995,8.000270,-7.999743
67.795925,59.029702,12.590063,12.500001,1.035325,-0.000000,-0.000000,0.000000,0.000000,0.040014,8.000063,-7.999949
67.995913,59.131056,12.762464,12.500001,1.043325,0.000000,0.000000,-0.000000,0.000000,0.039998,8.000269,-7.999742
68.195901,59.231028,12.935671,12.500001,1.051325,0.000000,0.000000,-0.000000,0.000000,0.040004,8.000166,-7.999843
68.395889,59.329611,13.109672,12.500001,1.059325,0.000000,0.000000,-0.000000,0.000000,0.040004,8.000116,-7.999892
68.595877,59.426798,13.284457,12.500001,1.067324,0.000000,0.000000,-0.000000,-0.000000,0.039991,8.000295,-7.999713
68.795865,59.522585,13.460013,12.500001,1.075324,-0.000000,-0.000000,0.000000,-0.000000,0.040012,8.000070,-7.999938
68.995853,59.616964,13.636330,12.500001,1.083325,-0.000000,-0.000000,0.000000,-0.000000,0.039997,8.000220,-7.999786
69.195841,59.709929,13.813396,12.500001,1.091324,-0.000000,-0.000000,0.000000,-0.000000,0.040000,8.000230,-7.999776
69.395829,59.801475,13.991200,12.500001,1.099325,-0.000000,-0.000000,0.000000,0.000001,0.040012,8.000066,-7.999941
69.595817,59.891596,14.169731,12.500001,1.107324,0.000000,0.000000,-0.000000,0.000002,0.039983,8.000290,-7.999714
69.795805,59.980285,14.348977,12.500001,1.115321,0.000001,0.000000,-0.000000,0.000002,0.039998,8.000123,-7.999881
69.995793,60.067539,14.528926,12.500001,1.123321,0.000001,0.000000,-0.000000,0.000001,0.040003,8.000154,-7.999849
70.195781,60.153350,14.709568,12.500001,1.131321,0.000001,0.000000,-0.000000,-0.000001,0.040000,8.000270,-7.999731
70.395769,60.237713,14.890891,12.500001,1.139321,0.000000,0.000000,-0.000000,-0.000003,0.040013,8.000059,-7.999941
70.595757,60.320622,15.072882,12.500000,1.147322,0.000000,0.000000,-0.000000,-0.000001,0.039993,8.000256,-7.999744
70.795745,60.402073,15.255531,12.500000,1.155321,-0.000000,0.000000,0.000000,-0.000000,0.040005,8.000175,-7.999825
70.995733,60.482061,15.438826,12.500001,1.163322,-0.000000,-0.000000,0.000000,0.000000,0.040008,8.000102,-7.999897
71.195721,60.560579,15.622755,12.500001,1.171320,0.000000,0.000000,-0.000000,0.000002,0.039985,8.000291,-7.999707
71.395709,60.637624,15.807306,12.500000,1.179320,0.000001,0.000000,-0.000000,0.000003,0.040013,8.000076,-7.999922
71.595697,60.713190,15.992468,12.500000,1.187321,0.000001,0.000000,-0.000000,0.000001,0.040005,8.000204,-7.999793
71.795685,60.787271,16.178228,12.500000,1.195321,0.000001,0.000000,-0.000000,-0.000001,0.039996,8.000233,-7.999763
71.995673,60.859865,16.364575,12.500000,1.203320,0.000000,0.000000,-0.000000,-0.000002,0.040005,8.000059,-7.999937
72.195661,60.930966,16.551496,12.500000,1.211319,0.000000,0.000000,-0.000000,-0.000001,0.039982,8.000280,-7.999716
72.395649,61.000569,16.738980,12.500000,1.219317,-0.000000,0.000000,0.000000,-0.000001,0.040007,8.000127,-7.999869
72.595637,61.068671,16.927015,12.500000,1.227318,-0.000000,-0.000000,0.000000,0.000000,0.040011,8.000142,-7.999854
72.795625,61.135265,17.115589,12.500000,1.235318,-0.000000,-0.000000,0.000000,0.000000,0.039994,8.000273,-7.999723
72.995613,61.200350,17.304690,12.500000,1.243319,-0.000000,-0.000000,0.000000,0.000000,0.040012,8.000059,-7.999937
73.195601,61.263919,17.494305,12.500000,1.251319,0.000000,-0.000000,-0.000000,0.000000,0.039994,8.000246,-7.999749
73.395589,61.325969,17.684423,12.500000,1.259317,0.000000,0.000000,-0.000000,-0.000000,0.039991,8.000183,-7.999810
73.595577,61.386497,17.875031,12.500000,1.267316,0.000000,0.000000,-0.000000,-0.000000,0.040001,8.000089,-7.999905
73.795564,61.445498,18.066117,12.500000,1.275314,0.000000,0.000000,-0.000000,-0.000000,0.039992,8.000288,-7.999706
73.995552,61.502969,18.257669,12.500000,1.283315,-0.000000,0.000000,0.000000,-0.000000,0.040016,8.000084,-7.999910
74.195540,61.558905,18.449674,12.500000,1.291316,-0.000000,-0.000000,0.000000,0.000000,0.040005,8.000190,-7.999804
74.395528,61.613304,18.642121,12.500000,1.299315,-0.000000,-0.000000,0.000000,0.000000,0.039991,8.000241,-7.999753
74.595516,61.666161,18.834997,12.500000,1.307315,-0.000000,-0.000000,0.000000,0.000000,0.040006,8.000058,-7.999934
74.795504,61.717474,19.028289,12.500000,1.315314,0.000000,-0.000000,-0.000000,0.000000,0.039990,8.000274,-7.999718
74.995492,61.767239,19.221986,12.500000,1.323313,0.000000,-0.000000,-0.000000,-0.000000,0.040005,8.000134,-7.999858
75.195480,61.815453,19.416075,12.500000,1.331314,0.000000,0.000000,-0.000000,-0.000000,0.040008,8.000131,-7.999861
75.395468,61.862112,19.610543,12.500000,1.339314,0.000000,0.000000,-0.000000,-0.000000,0.039999,8.000277,-7.999715
75.595456,61.907214,19.805378,12.500000,1.347314,-0.000000,0.000000,0.000000,-0.000000,0.040009,8.000057,-7.999935
75.795444,61.950756,20.000568,12.500000,1.355313,-0.000000,0.000000,0.000000,0.000000,0.039984,8.000235,-7.999756
75.995432,61.992736,20.196100,12.500000,1.363310,-0.000000,-0.000000,0.000000,0.000000,0.039993,8.000194,-7.999797
76.195420,62.033151,20.391961,12.500000,1.371310,0.000000,-0.000000,-0.000000,0.000000,0.040010,8.000077,-7.999915
76.395408,62.071997,20.588139,12.500000,1.379310,0.000000,-0.000000,-0.000000,0.000000,0.039995,8.000287,-7.999704
76.595396,62.109273,20.784622,12.500000,1.387310,0.000000,-0.000000,-0.000000,-0.000000,0.040010,8.000092,-7.999898
76.795384,62.144975,20.981397,12.500000,1.395311,0.000000,-0.000000,-0.000000,-0.000000,0.040003,8.000176,-7.999814
76.995372,62.179102,21.178451,12.500000,1.403310,-0.000000,0.000000,0.000000,-0.000000,0.039996,8.000247,-7.999743
77.195360,62.211652,21.375772,12.500000,1.411310,-0.000000,0.000000,0.000000,-0.000000,0.040009,8.000054,-7.999934
77.395348,62.242622,21.573346,12.500000,1.419309,-0.000000,0.000000,0.000000,0.000000,0.039989,8.000266,-7.999722
77.595336,62.272011,21.771163,12.500000,1.427308,-0.000000,0.000000,0.000000,0.000000,0.040004,8.000141,-7.999847
77.795324,62.299817,21.969208,12.500000,1.435309,0.000000,-0.000000,-0.000000,0.000000,0.040007,8.000119,-7.999869
77.995312,62.326037,22.167469,12.500000,1.443308,0.000000,-0.000000,-0.000000,0.000000,0.039993,8.000279,-7.999709
78.195300,62.350670,22.365933,12.500000,1.451308,0.000000,-0.000000,-0.000000,-0.000000,0.040008,8.000054,-7.999931
78.395288,62.373715,22.564589,12.500000,1.459307,0.000000,-0.000000,-0.000000,-0.000000,0.039988,8.000225,-7.999761
78.595276,62.395171,22.763422,12.500000,1.467305,-0.000000,0.000000,0.000000,-0.000000,0.039995,8.000204,-7.999782
78.795264,62.415035,22.962420,12.500000,1.475305,-0.000000,0.000000,0.000000,0.000000,0.040011,8.000065,-7.999921
78.995252,62.433306,23.161571,12.500000,1.483305,-0.000000,0.000000,0.000000,0.000000,0.039992,8.000285,-7.999701
79.195240,62.449984,23.360862,12.500000,1.491305,-0.000000,-0.000000,0.000000,0.000000,0.040010,8.000099,-7.999887
79.395228,62.465067,23.560280,12.500000,1.499306,0.000000,-0.000000,-0.000000,0.000000,0.040007,8.000161,-7.999825
79.595216,62.478554,23.759812,12.500000,1.507305,0.000000,-0.000000,-0.000000,-0.000000,0.039994,8.000252,-7.999734
79.795204,62.490445,23.959446,12.500000,1.515305,0.000000,-0.000000,-0.000000,-0.000000,0.040007,8.000050,-7.999936
79.995192,62.500738,24.159168,12.500000,1.523304,0.000000,0.000000,-0.000000,-0.000000,0.039990,8.000259,-7.999727
80.195180,62.509433,24.358967,12.500000,1.531303,-0.000000,0.000000,0.000000,-0.000000,0.040005,8.000149,-7.999837
80.395168,62.516530,24.558828,12.500000,1.539304,-0.000000,0.000000,0.000000,-0.000000,0.040005,8.000108,-7.999876
80.595156,62.522027,24.758740,12.500000,1.547302,-0.000000,-0.000000,0.000000,0.000000,0.039986,8.000282,-7.999702
80.795144,62.525926,24.958689,12.500000,1.555302,-0.000000,-0.000000,0.000000,0.000000,0.040012,8.000054,-7.999930
80.995132,62.528224,25.158664,12.500000,1.563302,-0.000000,-0.000000,0.000000,0.000000,0.039999,8.000216,-7.999769
81.195120,62.528923,25.358650,12.500000,1.571302,0.000000,-0.000000,-0.000000,0.000000,0.040002,8.000215,-7.999771
81.395108,62.528022,25.558635,12.500000,1.579303,0.000000,0.000000,-0.000000,0.000000,0.040014,8.000055,-7.999931
81.595096,62.525521,25.758607,12.500000,1.587303,0.000000,0.000000,-0.000000,-0.000000,0.039986,8.000283,-7.999702
81.795084,62.521420,25.958552,12.500000,1.595301,0.000000,0.000000,-0.000000,-0.000000,0.040002,8.000107,-7.999876
81.995072,62.515720,26.158459,12.500000,1.603301,0.000000,0.000000,-0.000000,-0.000000,0.040003,8.000149,-7.999835
82.195060,62.508422,26.358313,12.500000,1.611300,-0.000000,-0.000000,0.000000,-0.000000,0.039992,8.000258,-7.999726
82.395048,62.499525,26.558102,12.500000,1.619300,-0.000000,-0.000000,0.000000,-0.000000,0.040010,8.000051,-7.999933
82.595036,62.489029,26.757814,12.500000,1.627300,-0.000000,-0.000000,0.000000,0.000000,0.039995,8.000252,-7.999732
82.795024,62.476937,26.957436,12.500000,1.635299,-0.000000,0.000000,0.000000,0.000000,0.040001,8.000158,-7.999826
82.995012,62.463248,27.156954,12.500000,1.643299,0.000000,0.000000,-0.000000,0.000000,0.040003,8.000098,-7.999886
83.195000,62.447963,27.356357,12.500000,1.651298,0.000000,0.000000,-0.000000,0.000000,0.039989,8.000283,-7.999701
83.394988,62.431084,27.555631,12.500000,1.659298,0.000000,0.000000,-0.000000,-0.000000,0.040016,8.000063,-7.999921
83.594975,62.412611,27.754763,12.500000,1.667299,0.000000,0.000000,-0.000000,-0.000000,0.040004,8.000204,-7.999778
83.794963,62.392546,27.953741,12.500000,1.675299,-0.000000,-0.000000,0.000000,-0.000000,0.039996,8.000222,-7.999760
83.994951,62.370889,28.152553,12.500000,1.683299,-0.000000,-0.000000,0.000000,-0.000000,0.040009,8.000052,-7.999929
84.194939,62.347643,28.351184,12.500000,1.691298,-0.000000,-0.000000,0.000000,-0.000000,0.039987,8.000277,-7.999706
84.394927,62.322809,28.549624,12.500000,1.699296,-0.000000,-0.000000,0.000000,0.000000,0.040000,8.000116,-7.999868
84.594915,62.296388,28.747858,12.500000,1.707296,-0.000000,-0.000000,0.000000,0.000000,0.040002,8.000140,-7.999844
84.794903,62.268383,28.945875,12.500000,1.715295,0.000000,-0.000000,-0.000000,0.000000,0.039997,8.000264,-7.999720
84.994891,62.238794,29.143662,12.500000,1.723295,0.000000,0.000000,-0.000000,0.000000,0.040012,8.000052,-7.999932
85.194879,62.207623,29.341205,12.500000,1.731295,0.000000,0.000000,-0.000000,0.000000,0.039992,8.000244,-7.999740
85.394867,62.174874,29.538493,12.500000,1.739294,0.000000,0.000000,-0.000000,-0.000000,0.039995,8.000171,-7.999813
85.594855,62.140548,29.735512,12.500000,1.747293,0.000000,0.000000,-0.000000,-0.000000,0.040002,8.000089,-7.999893
85.794843,62.104646,29.932251,12.500000,1.755292,0.000000,0.000000,-0.000000,-0.000000,0.039991,8.000284,-7.999699
85.994831,62.067173,30.128696,12.500000,1.763292,0.000000,0.000000,-0.000000,-0.000000,0.040014,8.000074,-7.999910
86.194819,62.028128,30.324835,12.500000,1.771293,-0.000000,-0.000000,0.000000,-0.000000,0.040004,8.000193,-7.999791
86.394807,61.987516,30.520656,12.500000,1.779293,-0.000000,-0.000000,0.000000,-0.000000,0.040000,8.000232,-7.999752
86.594795,61.945338,30.716145,12.500000,1.787293,-0.000000,-0.000000,0.000000,0.000000,0.040012,8.000053,-7.999931
86.794783,61.901598,30.911290,12.500000,1.795293,0.000000,0.000000,-0.000000,0.000000,0.039988,8.000272,-7.999712
86.994771,61.856299,31.106080,12.500000,1.803291,0.000000,0.000000,-0.000000,0.000000,0.040002,8.000125,-7.999859
87.194759,61.809442,31.300500,12.500000,1.811291,0.000000,-0.000000,-0.000000,-0.000000,0.040002,8.000132,-7.999852
87.394747,61.761032,31.494540,12.500000,1.819290,-0.000000,-0.000000,0.000000,-0.000000,0.039987,8.000269,-7.999714
87.594735,61.711071,31.688187,12.500000,1.827289,-0.000000,-0.000000,0.000000,-0.000000,0.040005,8.000052,-7.999930
87.794723,61.659563,31.881427,12.500000,1.835288,-0.000000,-0.000000,0.000000,0.000000,0.039991,8.000236,-7.999747
87.994711,61.606511,32.074250,12.500000,1.843287,-0.000000,0.000000,0.000000,0.000000,0.040003,8.000184,-7.999800
88.194699,61.551919,32.266641,12.500000,1.851288,-0.000000,-0.000000,0.000000,0.000000,0.040011,8.000081,-7.999903
88.394687,61.495788,32.458590,12.500000,1.859287,-0.000000,-0.000000,0.000000,-0.000000,0.039989,8.000284,-7.999700
88.594675,61.438124,32.650084,12.500000,1.867287,-0.000000,-0.000000,0.000000,0.000000,0.040014,8.000083,-7.999901
88.794663,61.378930,32.841110,12.500000,1.875289,-0.000000,0.000000,0.000000,0.000000,0.040007,8.000179,-7.999803
88.994651,61.318209,33.031657,12.500000,1.883288,0.000000,0.000000,-0.000000,0.000000,0.039992,8.000238,-7.999744
89.194639,61.255967,33.221711,12.500000,1.891287,0.000000,0.000000,-0.000000,0.000000,0.040004,8.000051,-7.999931
89.394627,61.192205,33.411262,12.500000,1.899285,0.000000,0.000000,-0.000000,-0.000000,0.039985,8.000266,-7.999716
89.594615,61.126930,33.600297,12.500000,1.907284,-0.000000,-0.000000,0.000000,-0.000000,0.040004,8.000134,-7.999848
89.794603,61.060145,33.788804,12.500000,1.915284,-0.000000,-0.000000,0.000000,-0.000000,0.040007,8.000121,-7.999861
89.994591,60.991854,33.976770,12.500000,1.923284,-0.000000,-0.000000,0.000000,0.000000,0.039993,8.000273,-7.999709
90.194579,60.922062,34.164184,12.500000,1.931284,-0.000000,0.000000,0.000000,0.000000,0.040013,8.000053,-7.999929
90.394567,60.850772,34.351033,12.500000,1.939285,0.000000,-0.000000,-0.000000,0.000000,0.039996,8.000228,-7.999754
90.594555,60.777990,34.537307,12.500000,1.947283,0.000000,-0.000000,-0.000000,0.000000,0.039997,8.000196,-7.999786
90.794543,60.703720,34.722992,12.500000,1.955283,0.000000,-0.000000,-0.000000,-0.000000,0.040008,8.000069,-7.999913
90.994531,60.627967,34.908077,12.500000,1.963282,0.000000,-0.000000,-0.000000,-0.000000,0.039986,8.000283,-7.999699
91.194519,60.550736,35.092550,12.500000,1.971281,0.000000,0.000000,-0.000000,-0.000000,0.040004,8.000092,-7.999890
91.394507,60.472032,35.276399,12.500000,1.979281,-0.000000,0.000000,0.000000,-0.000000,0.040002,8.000165,-7.999815
91.594495,60.391860,35.459613,12.500000,1.987280,-0.000000,0.000000,0.000000,-0.000000,0.039996,8.000245,-7.999735
91.794483,60.310224,35.642180,12.500000,1.995280,-0.000000,-0.000000,0.000000,-0.000000,0.040010,8.000050,-7.999930
91.994471,60.227131,35.824088,12.500000,2.003280,-0.000000,-0.000000,0.000000,-0.000000,0.039992,8.000260,-7.999721
92.194459,60.142585,36.005326,12.500000,2.011279,-0.000000,0.000000,0.000000,0.000000,0.040003,8.000142,-7.999840
92.394447,60.056593,36.185881,12.500000,2.019279,-0.000000,0.000000,0.000000,0.000000,0.040005,8.000111,-7.999869
92.594435,59.969158,36.365743,12.500000,2.027279,0.000000,0.000000,-0.000000,0.000000,0.039993,8.000278,-7.999702
92.794423,59.880288,36.544899,12.500000,2.035279,0.000000,0.000000,-0.000000,0.000000,0.040015,8.000053,-7.999927
92.994411,59.789987,36.723339,12.500000,2.043279,0.000000,0.000000,-0.000000,-0.000000,0.039996,8.000218,-7.999762
93.194399,59.698261,36.901050,12.500000,2.051278,0.000000,-0.000000,-0.000000,-0.000000,0.039993,8.000207,-7.999774
93.394386,59.605117,37.078022,12.500000,2.059278,0.000000,-0.000000,-0.000000,-0.000000,0.040009,8.000059,-7.999923
93.594374,59.510560,37.254244,12.500000,2.067277,-0.000000,-0.000000,0.000000,-0.000000,0.039989,8.000282,-7.999700
93.794362,59.414597,37.429703,12.500000,2.075276,-0.000000,0.000000,0.000000,0.000000,0.040004,8.000101,-7.999881
93.994350,59.317233,37.604389,12.500000,2.083276,0.000000,0.000000,-0.000000,0.000000,0.040003,8.000153,-7.999827
94.194338,59.218475,37.778291,12.500000,2.091276,0.000000,0.000000,-0.000000,0.000000,0.039995,8.000253,-7.999727
94.394326,59.118329,37.951397,12.500000,2.099276,0.000000,0.000000,-0.000000,-0.000000,0.040010,8.000048,-7.999932
94.594314,59.016801,38.123697,12.500000,2.107275,0.000000,-0.000000,-0.000000,-0.000000,0.039993,8.000254,-7.999726
94.794302,58.913898,38.295178,12.500000,2.115275,-0.000000,-0.000000,0.000000,-0.000000,0.040003,8.000149,-7.999831
94.994290,58.809627,38.465831,12.500000,2.123275,-0.000000,-0.000000,0.000000,-0.000000,0.040004,8.000103,-7.999877
95.194278,58.703994,38.635645,12.500000,2.131274,-0.000000,-0.000000,0.000000,0.000000,0.039989,8.000282,-7.999698
95.394266,58.597006,38.804608,12.500000,2.139273,-0.000000,-0.000000,0.000000,0.000000,0.040015,8.000056,-7.999924
95.594254,58.488669,38.972710,12.500000,2.147275,0.000000,0.000000,-0.000000,0.000000,0.040001,8.000210,-7.999770
95.794242,58.378991,39.139939,12.500000,2.155274,0.000000,0.000000,-0.000000,0.000000,0.039999,8.000217,-7.999763
95.994230,58.267979,39.306286,12.500000,2.163274,0.000000,0.000000,-0.000000,-0.000000,0.040011,8.000052,-7.999928
96.194218,58.155640,39.471740,12.500000,2.171273,0.000000,0.000000,-0.000000,-0.000000,0.039984,8.000278,-7.999702
96.394206,58.041981,39.636289,12.500000,2.179271,-0.000000,-0.000000,0.000000,-0.000000,0.040001,8.000110,-7.999870
96.594194,57.927009,39.799925,12.500000,2.187272,-0.000000,-0.000000,0.000000,-0.000000,0.040005,8.000144,-7.999836
96.794182,57.810732,39.962635,12.500000,2.195271,-0.000000,-0.000000,0.000000,-0.000000,0.039998,8.000259,-7.999721
96.994170,57.693157,40.124410,12.500000,2.203272,-0.000000,-0.000000,0.000000,0.000000,0.040012,8.000050,-7.999930
97.194158,57.574291,40.285239,12.500000,2.211272,-0.000000,-0.000000,0.000000,0.000000,0.039992,8.000247,-7.999733
97.394146,57.454143,40.445112,12.500000,2.219270,-0.000000,-0.000000,0.000000,0.000000,0.039998,8.000162,-7.999818
97.594134,57.332720,40.604019,12.500000,2.227270,0.000000,0.000000,-0.000000,0.000000,0.040003,8.000094,-7.999886
97.794122,57.210030,40.761949,12.500000,2.235269,0.000000,0.000000,-0.000000,0.000000,0.039989,8.000282,-7.999698
97.994110,57.086080,40.918893,12.500000,2.243268,0.000000,0.000000,-0.000000,-0.000000,0.040014,8.000066,-7.999914
98.194098,56.960879,41.074841,12.500000,2.251269,0.000000,0.000000,-0.000000,-0.000000,0.040002,8.000198,-7.999782
98.394086,56.834434,41.229781,12.500000,2.259269,0.000000,0.000000,-0.000000,-0.000000,0.039995,8.000225,-7.999755
98.594074,56.706753,41.383706,12.500000,2.267269,-0.000000,-0.000000,0.000000,-0.000000,0.040011,8.000051,-7.999929
98.794062,56.577846,41.536604,12.500000,2.275268,-0.000000,-0.000000,0.000000,-0.000000,0.039990,8.000274,-7.999706
98.994050,56.447719,41.688466,12.500000,2.283267,-0.000000,-0.000000,0.000000,0.000000,0.040000,8.000119,-7.999861
99.194038,56.316382,41.839282,12.500000,2.291266,-0.000000,-0.000000,0.000000,0.000000,0.040000,8.000136,-7.999844
99.394026,56.183843,41.989043,12.500000,2.299265,-0.000000,0.000000,0.000000,0.000000,0.039993,8.000265,-7.999715
99.594014,56.050110,42.137739,12.500000,2.307265,0.000000,0.000000,-0.000000,0.000000,0.040014,8.000051,-7.999929
99.794002,55.915191,42.285360,12.500000,2.315266,0.000000,0.000000,-0.000000,0.000000,0.039998,8.000241,-7.999740
99.993990,55.779096,42.431897,12.500000,2.323265,0.000000,0.000000,-0.000000,-0.000000,0.039998,8.000177,-7.999805
100.193978,55.641833,42.577341,12.500000,2.331265,0.000000,-0.000000,-0.000000,-0.000000,0.040004,8.000084,-7.999898
100.393966,55.503411,42.721682,12.500000,2.339264,-0.000000,-0.000000,0.000000,-0.000000,0.039989,8.000282,-7.999699
100.593954,55.363839,42.864911,12.500000,2.347263,-0.000000,-0.000000,0.000000,-0.000000,0.040008,8.000076,-7.999904
100.793942,55.223126,43.007019,12.500000,2.355263,-0.000000,-0.000000,0.000000,-0.000000,0.039998,8.000186,-7.999794
100.993930,55.081280,43.147997,12.500000,2.363262,-0.000000,-0.000000,0.000000,0.000000,0.039996,8.000234,-7.999746
101.193918,54.938311,43.287836,12.500000,2.371262,-0.000000,0.000000,0.000000,0.000000,0.040012,8.000051,-7.999929
101.393906,54.794228,43.426526,12.500000,2.379262,0.000000,0.000000,-0.000000,0.000000,0.039990,8.000269,-7.999711
101.593894,54.649040,43.564060,12.500000,2.387261,0.000000,-0.000000,-0.000000,0.000000,0.040003,8.000128,-7.999852
101.793882,54.502757,43.700428,12.500000,2.395261,0.000000,-0.000000,-0.000000,-0.000000,0.040004,8.000126,-7.999854
101.993870,54.355387,43.835621,12.500000,2.403260,0.000000,0.000000,-0.000000,-0.000000,0.039994,8.000270,-7.999710
102.193858,54.206941,43.969631,12.500000,2.411261,0.000000,0.000000,-0.000000,0.000000,0.040014,8.000051,-7.999929
102.393846,54.057427,44.102449,12.500000,2.419261,0.000000,0.000000,-0.000000,-0.000000,0.039996,8.000231,-7.999749
102.593834,53.906856,44.234066,12.500000,2.427260,0.000000,0.000000,-0.000000,-0.000000,0.039996,8.000188,-7.999792
102.793822,53.755236,44.364475,12.500000,2.435259,0.000000,-0.000000,-0.000000,-0.000000,0.040005,8.000074,-7.999906
102.993810,53.602579,44.493667,12.500000,2.443258,-0.000000,-0.000000,0.000000,-0.000000,0.039986,8.000283,-7.999698
103.193798,53.448893,44.621634,12.500000,2.451256,-0.000000,-0.000000,0.000000,-0.000000,0.040005,8.000086,-7.999896
103.393785,53.294188,44.748368,12.500000,2.459257,-0.000000,-0.000000,0.000000,-0.000000,0.040001,8.000173,-7.999807
103.593773,53.138474,44.873860,12.500000,2.467256,-0.000000,-0.000000,0.000000,0.000000,0.039999,8.000242,-7.999739
103.793761,52.981761,44.998102,12.500000,2.475257,-0.000000,-0.000000,0.000000,0.000000,0.040014,8.000051,-7.999931
103.993749,52.824059,45.121086,12.500000,2.483257,-0.000000,0.000000,0.000000,0.000000,0.039994,8.000264,-7.999717
104.193737,52.665379,45.242805,12.500000,2.491257,0.000000,0.000000,-0.000000,0.000000,0.040004,8.000137,-7.999843
104.393725,52.505730,45.363250,12.500000,2.499257,0.000000,0.000000,-0.000000,0.000000,0.040001,8.000118,-7.999862
104.593713,52.345122,45.482415,12.500000,2.507255,0.000000,-0.000000,-0.000000,-0.000000,0.039984,8.000275,-7.999705
104.793701,52.183567,45.600291,12.500000,2.515253,0.000000,-0.000000,-0.000000,-0.000000,0.040009,8.000053,-7.999927
104.993689,52.021074,45.716872,12.500000,2.523254,0.000000,-0.000000,-0.000000,0.000000,0.039998,8.000223,-7.999757
105.193677,51.857653,45.832148,12.500000,2.531253,0.000000,0.000000,-0.000000,0.000000,0.040000,8.000200,-7.999780
105.393665,51.693315,45.946114,12.500000,2.539254,0.000000,0.000000,-0.000000,0.000000,0.040012,8.000065,-7.999917
105.593653,51.528071,46.058761,12.500000,2.547253,0.000000,0.000000,-0.000000,0.000000,0.039989,8.000283,-7.999699
105.793641,51.361931,46.170082,12.500000,2.555252,0.000000,0.000000,-0.000000,-0.000000,0.040005,8.000097,-7.999885
105.993629,51.194906,46.280072,12.500000,2.563252,0.000000,-0.000000,-0.000000,-0.000000,0.040002,8.000160,-7.999820
106.193617,51.027007,46.388721,12.500000,2.571252,-0.000000,-0.000000,0.000000,-0.000000,0.039996,8.000249,-7.999731
106.393605,50.858243,46.496024,12.500000,2.579252,-0.000000,-0.000000,0.000000,-0.000000,0.040010,8.000050,-7.999930
106.593593,50.688627,46.601973,12.500000,2.587252,-0.000000,-0.000000,0.000000,0.000000,0.039992,8.000257,-7.999722
106.793581,50.518168,46.706562,12.500000,2.595250,-0.000000,0.000000,0.000000,0.000000,0.040001,8.000144,-7.999834
106.993569,50.346879,46.809784,12.500000,2.603250,-0.000000,0.000000,0.000000,0.000000,0.040003,8.000107,-7.999872
107.193557,50.174769,46.911633,12.500000,2.611249,-0.000000,0.000000,0.000000,0.000000,0.039993,8.000280,-7.999700
107.393545,50.001850,47.012102,12.500000,2.619250,0.000000,0.000000,-0.000000,0.000000,0.040015,8.000053,-7.999927
107.593533,49.828132,47.111184,12.500000,2.627251,0.000000,0.000000,-0.000000,0.000000,0.039999,8.000214,-7.999766
107.793521,49.653628,47.208873,12.500000,2.635250,0.000000,0.000000,-0.000000,0.000000,0.040000,8.000211,-7.999769
107.993509,49.478347,47.305163,12.500000,2.643251,0.000000,0.000000,-0.000000,0.000000,0.040014,8.000051,-7.999927
108.193497,49.302302,47.400047,12.500000,2.651250,0.000000,0.000000,-0.000000,-0.000000,0.039987,8.000279,-7.999699
108.393485,49.125504,47.493521,12.500000,2.659249,0.000000,0.000000,-0.000000,-0.000000,0.040002,8.000102,-7.999876
108.593473,48.947963,47.585577,12.500000,2.667249,-0.000000,-0.000000,0.000000,-0.000000,0.040002,8.000146,-7.999834
108.793461,48.769692,47.676210,12.500000,2.675248,-0.000000,-0.000000,0.000000,-0.000000,0.039992,8.000253,-7.999727
108.993449,48.590701,47.765414,12.500000,2.683248,-0.000000,-0.000000,0.000000,-0.000000,0.040009,8.000046,-7.999934
109.193437,48.411003,47.853183,12.500000,2.691247,-0.000000,-0.000000,0.000000,0.000000,0.039990,8.000249,-7.999731
109.393425,48.230608,47.939512,12.500000,2.699244,-0.000000,-0.000000,0.000000,0.000000,0.039984,8.000152,-7.999828
109.593413,48.049529,48.024396,12.500000,2.707239,-0.000000,-0.000000,0.000000,0.000000,0.039973,8.000093,-7.999885
109.793401,47.867777,48.107830,12.500000,2.715231,0.000000,0.000000,-0.000000,0.000000,0.039945,8.000275,-7.999703
109.993389,47.685364,48.189809,12.500000,2.723220,0.000000,0.000000,-0.000000,-0.000000,0.039952,8.000054,-7.999924
110.193377,47.502303,48.270329,12.500000,2.731207,0.000000,0.000000,-0.000000,0.000000,0.039921,8.000197,-7.999781
110.393365,47.318604,48.349384,12.500000,2.739188,0.000000,0.000000,-0.000000,0.000000,0.039896,8.000212,-7.999765
110.593353,47.134280,48.426971,12.500000,2.747165,0.000000,0.000000,-0.000000,0.000000,0.039876,8.000044,-7.999932
110.793341,46.949343,48.503085,12.500000,2.755132,0.000000,0.000000,-0.000000,0.000000,0.039807,8.000266,-7.999709
110.993329,46.763807,48.577726,12.500000,2.763089,0.000000,0.000000,-0.000000,0.000000,0.039762,8.000102,-7.999871
111.193317,46.577682,48.650888,12.500000,2.771035,0.000000,0.000000,-0.000000,-0.000000,0.039706,8.000126,-7.999845
111.393305,46.390983,48.722570,12.500000,2.778968,0.000000,0.000000,-0.000000,-0.000000,0.039627,8.000244,-7.999725
111.593293,46.203722,48.792771,12.500000,2.786886,0.000000,0.000000,-0.000000,-0.000000,0.039559,8.000034,-7.999934
111.793281,46.015911,48.861487,12.500000,2.794787,-0.000000,-0.000000,0.000000,-0.000000,0.039454,8.000224,-7.999743
111.993269,45.827563,48.928720,12.500000,2.802668,-0.000000,-0.000000,0.000000,0.000000,0.039358,8.000147,-7.999818
112.193257,45.638693,48.994469,12.500000,2.810528,-0.000000,-0.000000,0.000000,0.000000,0.039248,8.000068,-7.999893
112.393245,45.449312,49.058733,12.500000,2.818361,-0.000000,-0.000000,0.000000,0.000000,0.039086,8.000253,-7.999704
112.593233,45.259434,49.121515,12.500000,2.826165,0.000000,0.000000,-0.000000,0.000000,0.038959,8.000044,-7.999910
112.793221,45.069074,49.182815,12.500000,2.833940,0.000000,0.000000,-0.000000,0.000000,0.038798,8.000162,-7.999788
112.993209,44.878243,49.242637,12.500000,2.841680,0.000000,0.000000,-0.000000,0.000000,0.038600,8.000192,-7.999754
113.193196,44.686956,49.300984,12.500000,2.849382,0.000000,0.000000,-0.000000,-0.000000,0.038429,8.000019,-7.999924
113.393184,44.495227,49.357860,12.500000,2.857045,0.000000,0.000000,-0.000000,-0.000000,0.038203,8.000227,-7.999709
113.593172,44.303068,49.413269,12.500000,2.864662,-0.000000,-0.000000,0.000000,-0.000000,0.037971,8.000080,-7.999851
113.793160,44.110495,49.467217,12.500000,2.872232,-0.000000,-0.000000,0.000000,-0.000000,0.037737,8.000088,-7.999840
113.993148,43.917520,49.519711,12.500000,2.879750,-0.000000,-0.000000,0.000000,0.000000,0.037446,8.000210,-7.999714
114.193136,43.724157,49.570758,12.500000,2.887212,0.000000,0.000000,-0.000000,0.000000,0.037181,8.000006,-7.999914
114.393124,43.530420,49.620366,12.500000,2.894617,0.000000,0.000000,-0.000000,0.000000,0.036877,8.000175,-7.999738
114.593112,43.336322,49.668544,12.500000,2.901959,0.000000,0.000000,-0.000000,-0.000000,0.036542,8.000117,-7.999791
114.793100,43.141878,49.715302,12.500000,2.909235,0.000000,0.000000,-0.000000,-0.000000,0.036227,8.000025,-7.999879
114.993088,42.947099,49.760651,12.500000,2.916442,-0.000000,-0.000000,0.000000,-0.000000,0.035845,8.000203,-7.999696
115.193076,42.752001,49.804602,12.500000,2.923574,-0.000000,-0.000000,0.000000,-0.000000,0.035473,8.000017,-7.999876
115.393064,42.556596,49.847168,12.500000,2.930629,-0.000000,-0.000000,0.000000,-0.000000,0.035087,8.000105,-7.999782
115.593052,42.360897,49.888363,12.500000,2.937600,-0.000000,-0.000000,0.000000,0.000000,0.034629,8.000146,-7.999736
115.793040,42.164918,49.928201,12.500000,2.944484,-0.000000,-0.000000,0.000000,0.000000,0.034216,7.999985,-7.999893
115.993028,41.968670,49.966697,12.500000,2.951281,-0.000000,-0.000000,0.000000,0.000000,0.033753,8.000166,-7.999708
116.193016,41.772167,50.003868,12.500000,2.957983,0.000000,0.000000,-0.000000,0.000000,0.033270,8.000045,-7.999824
116.393004,41.575422,50.039730,12.500000,2.964590,0.000000,0.000000,-0.000000,0.000000,0.032812,8.000040,-7.999825
116.592992,41.378445,50.074302,12.500000,2.971099,0.000000,0.000000,-0.000000,-0.000000,0.032274,8.000154,-7.999707
116.792980,41.181249,50.107600,12.500000,2.977502,0.000000,0.000000,-0.000000,-0.000000,0.031764,7.999974,-7.999882
116.992968,40.983845,50.139646,12.500000,2.983801,0.000000,0.000000,-0.000000,-0.000000,0.031231,8.000115,-7.999738
117.192956,40.786246,50.170459,12.500000,2.989988,-0.000000,-0.000000,0.000000,-0.000000,0.030639,8.000079,-7.999772
117.392944,40.588461,50.200060,12.500000,2.996062,-0.000000,-0.000000,0.000000,0.000000,0.030104,7.999990,-7.999860
117.592932,40.390501,50.228470,12.500000,3.002021,-0.000000,-0.000000,0.000000,0.000000,0.029497,8.000143,-7.999704
117.792920,40.192378,50.255711,12.500000,3.007860,0.000000,0.000000,-0.000000,0.000000,0.028891,7.999995,-7.999849
117.992908,39.994100,50.281808,12.500000,3.013579,0.000000,0.000000,-0.000000,0.000000,0.028306,8.000054,-7.999787
118.192896,39.795678,50.306782,12.500000,3.019172,0.000000,0.000000,-0.000000,-0.000000,0.027631,8.000099,-7.999741
118.392884,39.597120,50.330659,12.500000,3.024637,-0.000000,-0.000000,0.000000,-0.000000,0.027015,7.999969,-7.999873
118.592872,39.398437,50.353463,12.500000,3.029974,-0.000000,-0.000000,0.000000,-0.000000,0.026361,8.000111,-7.999732
118.792860,39.199636,50.375220,12.500000,3.035178,-0.000000,-0.000000,0.000000,-0.000000,0.025678,8.000025,-7.999819
118.992848,39.000726,50.395955,12.500000,3.040251,-0.000000,-0.000000,0.000000,0.000000,0.025060,8.000012,-7.999830
119.192836,38.801715,50.415693,12.500000,3.045193,-0.000000,-0.000000,0.000000,0.000000,0.024361,8.000105,-7.999736
119.392824,38.602610,50.434462,12.500000,3.049997,0.000000,0.000000,-0.000000,0.000000,0.023686,7.999968,-7.999872
119.592812,38.403418,50.452287,12.500000,3.054667,0.000000,0.000000,-0.000000,0.000000,0.023019,8.000070,-7.999771
119.792800,38.204146,50.469195,12.500000,3.059198,0.000000,0.000000,-0.000000,-0.000000,0.022291,8.000052,-7.999791
119.992788,38.004801,50.485214,12.500000,3.063591,0.000000,0.000000,-0.000000,-0.000000,0.021637,7.999978,-7.999868
120.192776,37.805388,50.500372,12.500000,3.067846,-0.000000,-0.000000,0.000000,-0.000000,0.020916,8.000094,-7.999754
120.392764,37.605914,50.514694,12.500000,3.071958,-0.000000,-0.000000,0.000000,-0.000000,0.020206,7.999995,-7.999856
120.592752,37.406384,50.528210,12.500000,3.075934,-0.000000,-0.000000,0.000000,0.000000,0.019559,8.000030,-7.999826
120.792740,37.206802,50.540946,12.500000,3.079772,-0.000000,-0.000000,0.000000,0.000000,0.018829,8.000068,-7.999793
120.992728,37.007173,50.552931,12.500000,3.083469,0.000000,0.000000,-0.000000,0.000000,0.018134,7.999976,-7.999890
121.192716,36.807503,50.564191,12.500000,3.087024,0.000000,0.000000,-0.000000,-0.000000,0.017423,8.000069,-7.999803
121.392704,36.607794,50.574755,12.500000,3.090437,0.000000,0.000000,-0.000000,-0.000000,0.016706,8.000016,-7.999863
121.592692,36.408051,50.584652,12.500000,3.093714,-0.000000,-0.000000,0.000000,-0.000000,0.016071,8.000005,-7.999882
121.792680,36.208277,50.593907,12.500000,3.096858,0.000000,0.000000,-0.000000,0.000000,0.015364,8.000070,-7.999823
121.992668,36.008476,50.602548,12.500000,3.099863,0.000000,0.000000,-0.000000,0.000000,0.014695,7.999985,-7.999916
122.192656,35.808651,50.610602,12.500000,3.102738,0.000000,0.000000,-0.000000,0.000000,0.014056,8.000049,-7.999862
122.392644,35.608803,50.618094,12.500000,3.105480,0.000000,0.000000,-0.000000,0.000000,0.013362,8.000046,-7.999876
122.592632,35.408936,50.625052,12.500000,3.108091,0.000000,0.000000,-0.000000,-0.000000,0.012753,8.000002,-7.999931
122.792620,35.209052,50.631500,12.500000,3.110577,-0.000000,0.000000,0.000000,-0.000000,0.012108,8.000075,-7.999868
122.992607,35.009153,50.637464,12.500000,3.112935,-0.000000,0.000000,0.000000,-0.000000,0.011472,8.000023,-7.999930
123.192595,34.809241,50.642969,12.500000,3.115171,-0.000000,0.000000,0.000000,-0.000000,0.010898,8.000042,-7.999918
123.392583,34.609317,50.648038,12.500000,3.117287,-0.000000,0.000000,0.000000,-0.000000,0.010258,8.000066,-7.999901
123.592571,34.409384,50.652697,12.500000,3.119282,-0.000000,0.000000,0.000000,0.000000,0.009693,8.000017,-7.999959
123.792559,34.209441,50.656969,12.500000,3.121165,-0.000000,-0.000000,0.000000,0.000000,0.009137,8.000070,-7.999918
123.992547,34.009492,50.660875,12.500000,3.122934,0.000000,-0.000000,-0.000000,0.000000,0.008557,8.000049,-7.999952
124.192535,33.809535,50.664439,12.500000,3.124595,0.000000,-0.000000,-0.000000,0.000000,0.008055,8.000045,-7.999969
124.392523,33.609574,50.667680,12.500000,3.126152,0.000000,-0.000000,-0.000000,-0.000000,0.007514,8.000080,-7.999944
124.592511,33.409607,50.670621,12.500000,3.127604,-0.000000,0.000000,0.000000,-0.000000,0.007009,8.000043,-7.999993
124.792499,33.209637,50.673282,12.500000,3.128959,-0.000000,0.000000,0.000000,-0.000000,0.006543,8.000076,-7.999971
124.992487,33.009664,50.675680,12.500000,3.130218,-0.000000,0.000000,0.000000,-0.000000,0.006046,8.000077,-7.999981
125.192475,32.809687,50.677837,12.500000,3.131385,-0.000000,-0.000000,0.000000,0.000000,0.005622,8.000059,-8.000011
125.392463,32.609709,50.679769,12.500000,3.132466,0.000000,-0.000000,-0.000000,0.000000,0.005188,8.000090,-7.999987
125.592451,32.409728,50.681493,12.500000,3.133461,0.000000,-0.000000,-0.000000,0.000000,0.004763,8.000069,-8.000015
125.792439,32.209746,50.683027,12.500000,3.134376,0.000000,-0.000000,-0.000000,0.000000,0.004392,8.000079,-8.000012
125.992427,32.009763,50.684385,12.500000,3.135215,0.000000,-0.000000,-0.000000,-0.000000,0.003995,8.000091,-8.000009
126.192415,31.809778,50.685583,12.500000,3.135980,-0.000000,0.000000,0.000000,-0.000000,0.003652,8.000072,-8.000036
126.392403,31.609793,50.686634,12.500000,3.136677,-0.000000,0.000000,0.000000,-0.000000,0.003326,8.000092,-8.000025
126.592391,31.409807,50.687553,12.500000,3.137309,-0.000000,0.000000,0.000000,-0.000000,0.002992,8.000085,-8.000039
126.792379,31.209821,50.688352,12.500000,3.137880,-0.000000,0.000000,0.000000,0.000000,0.002713,8.000082,-8.000045
126.992367,31.009834,50.689042,12.500000,3.138394,0.000000,-0.000000,-0.000000,0.000000,0.002426,8.000096,-8.000040
127.192355,30.809847,50.689635,12.500000,3.138852,0.000000,-0.000000,-0.000000,0.000000,0.002164,8.000087,-8.000059
127.392343,30.609860,50.690141,12.500000,3.139262,0.000000,-0.000000,-0.000000,-0.000000,0.001934,8.000094,-8.000057
127.592331,30.409872,50.690570,12.500000,3.139625,0.000000,-0.000000,-0.000000,-0.000000,0.001695,8.000095,-8.000062
127.792319,30.209884,50.690931,12.500000,3.139944,-0.000000,0.000000,0.000000,-0.000000,0.001498,8.000091,-8.000070
127.992307,30.009897,50.691232,12.500000,3.140225,-0.000000,0.000000,0.000000,-0.000000,0.001307,8.000098,-8.000067
128.192295,29.809909,50.691481,12.500000,3.140468,-0.000000,0.000000,0.000000,0.000000,0.001130,8.000092,-8.000077
128.392283,29.609921,50.691684,12.500000,3.140680,-0.000000,-0.000000,-0.000000,0.000000,0.000982,8.000094,-8.000076
128.592271,29.409933,50.691848,12.500000,3.140861,0.000000,-0.000000,-0.000000,0.000000,0.000831,8.000095,-8.000076
128.792259,29.209945,50.691978,12.500000,3.141015,0.000000,-0.000000,-0.000000,0.000000,0.000707,8.000090,-8.000082
128.992247,29.009957,50.692081,12.500000,3.141145,0.000000,-0.000000,-0.000000,-0.000000,0.000596,8.000095,-8.000082
129.192235,28.809969,50.692159,12.500000,3.141253,0.000000,0.000000,0.000000,-0.000000,0.000489,8.000093,-8.000086
129.392223,28.609981,50.692218,12.500000,3.141343,-0.000000,0.000000,0.000000,-0.000000,0.000407,8.000090,-8.000086
129.592211,28.409993,50.692260,12.500000,3.141417,-0.000000,0.000000,0.000000,-0.000000,0.000328,8.000093,-8.000087
129.792199,28.210005,50.692289,12.500000,3.141475,-0.000000,0.000000,0.000000,0.000000,0.000259,8.000091,-8.000091
129.992187,28.010017,50.692308,12.500000,3.141522,0.000000,-0.000000,-0.000000,0.000000,0.000205,8.000088,-8.000092
130.192175,27.810029,50.692318,12.500000,3.141557,0.000000,-0.000000,-0.000000,0.000000,0.000154,8.000086,-8.000094
130.392163,27.610041,50.692322,12.500000,3.141585,0.000000,-0.000000,-0.000000,0.000000,0.000118,8.000085,-8.000095
130.592151,27.410053,50.692322,12.500000,3.141605,0.000000,-0.000000,0.000000,-0.000000,0.000086,8.000085,-8.000094
130.792139,27.210065,50.692318,12.500000,3.141620,-0.000000,0.000000,0.000000,-0.000000,0.000058,8.000083,-8.000094
130.992127,27.010077,50.692311,12.500000,3.141629,-0.000000,0.000000,0.000000,-0.000000,0.000038,8.000083,-8.000092
131.192115,26.810089,50.692303,12.500000,3.141635,-0.000000,0.000000,0.000000,-0.000000,0.000023,8.000082,-8.000092
131.392103,26.610101,50.692294,12.500000,3.141639,-0.000000,0.000000,-0.000000,0.000000,0.000012,8.000081,-8.000093
131.592091,26.410113,50.692285,12.500000,3.141640,0.000000,-0.000000,-0.000000,0.000002,0.000003,8.000079,-8.000092
131.792079,26.210125,50.692275,12.500000,3.141640,0.000000,-0.000000,-0.000000,0.000002,-0.000003,8.000077,-8.000091
131.992067,26.010137,50.692266,12.500000,3.141640,0.000001,-0.000000,0.000000,0.000002,-0.000005,8.000076,-8.000089
132.192055,25.810149,50.692257,12.500000,3.141638,0.000001,0.000000,0.000000,-0.000001,-0.000006,8.000074,-8.000090
132.392043,25.610162,50.692248,12.500000,3.141637,0.000000,0.000000,0.000000,-0.000005,-0.000007,8.000072,-8.000091
132.592031,25.410174,50.692239,12.500000,3.141635,-0.000001,0.000000,-0.000000,-0.000003,-0.000009,8.000073,-8.000088
132.792018,25.210186,50.692230,12.500000,3.141634,0.000001,-0.000000,-0.000000,0.000020,-0.000009,8.000071,-8.000087
132.992006,25.010198,50.692222,12.499999,3.141632,0.000011,-0.000000,-0.000000,0.000083,-0.000007,8.000069,-8.000087
133.191994,24.810210,50.692215,12.499994,3.141631,0.000041,0.000000,0.000001,0.000211,-0.000006,8.000069,-8.000085
133.391982,24.610222,50.692207,12.499980,3.141629,0.000105,0.000000,0.000002,0.000430,-0.000007,8.000068,-8.000083
133.591970,24.410234,50.692200,12.499948,3.141628,0.000223,0.000001,0.000003,0.000756,-0.000006,8.000066,-8.000081
133.791958,24.210246,50.692193,12.499886,3.141627,0.000418,0.000001,0.000003,0.001195,-0.000006,8.000065,-8.000080
133.991946,24.010258,50.692186,12.499774,3.141625,0.000713,0.000002,0.000005,0.001749,-0.000007,8.000064,-8.000080
134.191934,23.810270,50.692180,12.499592,3.141624,0.001129,0.000003,0.000006,0.002411,-0.000007,8.000064,-8.000077
134.391922,23.610282,50.692174,12.499313,3.141623,0.001687,0.000005,0.000006,0.003172,-0.000005,8.000063,-8.000076
134.591910,23.410294,50.692168,12.498907,3.141622,0.002406,0.000006,0.000006,0.004022,-0.000004,8.000061,-8.000075
134.791898,23.210307,50.692162,12.498339,3.141621,0.003303,0.000007,0.000007,0.004943,-0.000004,8.000060,-8.000075
134.991886,23.010321,50.692156,12.497573,3.141620,0.004392,0.000008,0.000008,0.005951,-0.000006,8.000060,-8.000074
135.191874,22.810335,50.692151,12.496568,3.141619,0.005691,0.000010,0.000008,0.007037,-0.000007,8.000059,-8.000072
135.391862,22.610352,50.692146,12.495282,3.141618,0.007214,0.000012,0.000007,0.008191,-0.000005,8.000058,-8.000070
135.591850,22.410370,50.692141,12.493667,3.141617,0.008975,0.000013,0.000008,0.009422,-0.000003,8.000057,-8.000069
135.791838,22.210392,50.692136,12.491675,3.141617,0.010987,0.000015,0.000009,0.010703,-0.000002,8.000056,-8.000067
135.991826,22.010419,50.692131,12.489255,3.141616,0.013262,0.000016,0.000009,0.012043,-0.000005,8.000055,-8.000065
136.191814,21.810452,50.692127,12.486353,3.141615,0.015809,0.000018,0.000009,0.013432,-0.000005,8.000055,-8.000064
136.391802,21.610494,50.692122,12.482913,3.141614,0.018638,0.000020,0.000009,0.014861,-0.000003,8.000054,-8.000063
136.591790,21.410546,50.692118,12.478879,3.141614,0.021760,0.000022,0.000009,0.016356,-0.000005,8.000052,-8.000061
136.791778,21.210613,50.692114,12.474191,3.141613,0.025181,0.000024,0.000010,0.017862,-0.000005,8.000051,-8.000060
136.991766,21.010699,50.692110,12.468788,3.141612,0.028906,0.000026,0.000011,0.019392,-0.000001,8.000050,-8.000059
137.191754,20.810806,50.692106,12.462610,3.141612,0.032941,0.000028,0.000011,0.020958,-0.000003,8.000050,-8.000058
137.391742,20.610941,50.692102,12.455594,3.141611,0.037288,0.000030,0.000010,0.022519,-0.000006,8.000048,-8.000057
137.591730,20.411110,50.692099,12.447678,3.141610,0.041954,0.000032,0.000009,0.024136,-0.000005,8.000047,-8.000056
137.791718,20.211320,50.692095,12.438797,3.141609,0.046944,0.000034,0.000009,0.025766,-0.000003,8.000047,-8.000055
137.991706,20.011578,50.692092,12.428887,3.141609,0.052259,0.000035,0.000009,0.027393,-0.000001,8.000047,-8.000054
138.191694,19.811893,50.692089,12.417882,3.141609,0.057903,0.000037,0.000009,0.029049,-0.000003,8.000046,-8.000052
138.391682,19.612276,50.692085,12.405718,3.141608,0.063874,0.000039,0.000009,0.030661,-0.000005,8.000044,-8.000051
138.591670,19.412737,50.692082,12.392330,3.141608,0.070168,0.000041,0.000009,0.032281,-0.000002,8.000043,-8.000050
138.791658,19.213288,50.692079,12.377655,3.141608,0.076784,0.000043,0.000008,0.033891,-0.000003,8.000043,-8.000050
138.991646,19.013944,50.692076,12.361628,3.141607,0.083720,0.000044,0.000007,0.035466,-0.000005,8.000042,-8.000048
139.191634,18.814718,50.692074,12.344187,3.141607,0.090973,0.000045,0.000008,0.037073,-0.000004,8.000042,-8.000046
139.391622,18.615628,50.692071,12.325270,3.141606,0.098540,0.000047,0.000009,0.038605,-0.000003,8.000040,-8.000046
139.591610,18.416689,50.692068,12.304817,3.141606,0.106411,0.000049,0.000009,0.040107,-0.000005,8.000039,-8.000046
139.791598,18.217920,50.692066,12.282769,3.141605,0.114582,0.000051,0.000008,0.041606,-0.000005,8.000039,-8.000044
139.991586,18.019342,50.692063,12.259069,3.141605,0.123043,0.000052,0.000007,0.043011,-0.000003,8.000038,-8.000043
140.191574,17.820976,50.692061,12.233661,3.141604,0.131787,0.000053,0.000006,0.044428,-0.000004,8.000037,-8.000042
140.391562,17.622842,50.692059,12.206492,3.141604,0.140807,0.000054,0.000005,0.045783,-0.000004,8.000036,-8.000040
140.591550,17.424966,50.692056,12.177511,3.141604,0.150091,0.000055,0.000004,0.047062,-0.000004,8.000036,-8.000039
140.791538,17.227371,50.692054,12.146669,3.141603,0.159629,0.000056,0.000005,0.048327,-0.000004,8.000035,-8.000039
140.991526,17.030084,50.692052,12.113919,3.141603,0.169408,0.000057,0.000006,0.049464,-0.000005,8.000034,-8.000038
141.191514,16.833130,50.692050,12.079219,3.141603,0.179412,0.000058,0.000004,0.050584,-0.000005,8.000033,-8.000037
141.391502,16.636538,50.692048,12.042530,3.141602,0.189636,0.000058,0.000002,0.051656,-0.000005,8.000034,-8.000036
141.591490,16.440334,50.692046,12.003812,3.141602,0.200061,0.000059,0.000001,0.052604,-0.000005,8.000032,-8.000036
141.791478,16.244549,50.692045,11.963032,3.141602,0.210674,0.000059,0.000002,0.053532,-0.000005,8.000031,-8.000035
141.991466,16.049211,50.692043,11.920159,3.141601,0.221458,0.000059,0.000002,0.054313,-0.000004,8.000030,-8.000034
142.191454,15.854351,50.692041,11.875168,3.141601,0.232391,0.000060,0.000001,0.055019,-0.000002,8.000030,-8.000033
142.391442,15.659997,50.692040,11.828036,3.141601,0.243462,0.000060,0.000000,0.055702,-0.000003,8.000029,-8.000033
142.591429,15.466181,50.692038,11.778743,3.141601,0.254656,0.000060,-0.000001,0.056245,-0.000006,8.000029,-8.000032
142.791417,15.272931,50.692036,11.727272,3.141601,0.265957,0.000059,-0.000004,0.056775,-0.000005,8.000028,-8.000031
142.991405,15.080277,50.692035,11.673612,3.141600,0.277354,0.000058,-0.000005,0.057198,-0.000005,8.000027,-8.000030
143.191393,14.888250,50.692033,11.617752,3.141600,0.288823,0.000057,-0.000003,0.057500,-0.000005,8.000026,-8.000029
143.391381,14.696878,50.692032,11.559688,3.141600,0.300350,0.000057,-0.000001,0.057778,-0.000004,8.000026,-8.000028
143.591369,14.506189,50.692031,11.499417,3.141600,0.311918,0.000057,-0.000002,0.057904,-0.000003,8.000025,-8.000028
143.791357,14.316211,50.692029,11.436943,3.141600,0.323508,0.000056,-0.000004,0.058011,-0.000005,8.000025,-8.000027
143.991345,14.126970,50.692028,11.372269,3.141599,0.335115,0.000055,-0.000006,0.058061,-0.000005,8.000025,-8.000025
144.191333,13.938493,50.692027,11.305403,3.141599,0.346715,0.000054,-0.000007,0.057948,-0.000003,8.000024,-8.000025
144.391321,13.750803,50.692025,11.236357,3.141599,0.358291,0.000052,-0.000006,0.057821,-0.000004,8.000023,-8.000025
144.591309,13.563924,50.692024,11.165147,3.141599,0.369829,0.000051,-0.000006,0.057569,-0.000005,8.000022,-8.000024
144.791297,13.377877,50.692023,11.091790,3.141599,0.381311,0.000050,-0.000009,0.057255,-0.000002,8.000022,-8.000024
144.991285,13.192682,50.692022,11.016308,3.141599,0.392730,0.000048,-0.000009,0.056936,-0.000003,8.000021,-8.000023
145.191273,13.008358,50.692021,10.938723,3.141598,0.404072,0.000046,-0.000008,0.056499,-0.000005,8.000021,-8.000022
145.391261,12.824923,50.692020,10.859060,3.141598,0.415328,0.000044,-0.000009,0.056064,-0.000003,8.000020,-8.000022
145.591249,12.642392,50.692019,10.777346,3.141598,0.426488,0.000042,-0.000009,0.055543,-0.000002,8.000020,-8.000022
145.791237,12.460779,50.692018,10.693610,3.141598,0.437536,0.000041,-0.000008,0.054941,-0.000004,8.000020,-8.000021
145.991225,12.280098,50.692017,10.607883,3.141597,0.448466,0.000039,-0.000007,0.054365,-0.000004,8.000020,-8.000020
146.191213,12.100359,50.692016,10.520198,3.141597,0.459270,0.000037,-0.000007,0.053680,-0.000002,8.000019,-8.000019
146.391201,11.921572,50.692015,10.430588,3.141597,0.469937,0.000036,-0.000009,0.053000,-0.000001,8.000018,-8.000019
146.591189,11.743744,50.692015,10.339088,3.141597,0.480466,0.000034,-0.000009,0.052295,-0.000001,8.000018,-8.000019
146.791177,11.566883,50.692014,10.245734,3.141597,0.490842,0.000032,-0.000010,0.051469,-0.000002,8.000017,-8.000018
146.991165,11.390992,50.692013,10.150565,3.141597,0.501055,0.000030,-0.000010,0.050677,-0.000003,8.000016,-8.000018
147.191153,11.216074,50.692012,10.053618,3.141597,0.511106,0.000028,-0.000010,0.049832,-0.000002,8.000016,-8.000018
147.391141,11.042131,50.692011,9.954933,3.141597,0.520985,0.000026,-0.000010,0.048966,-0.000001,8.000016,-8.000018
147.591129,10.869163,50.692011,9.854549,3.141597,0.530695,0.000024,-0.000008,0.048135,-0.000002,8.000016,-8.000016
147.791117,10.697169,50.692010,9.752505,3.141597,0.540232,0.000022,-0.000008,0.047242,-0.000003,8.000015,-8.000016
147.991105,10.526147,50.692009,9.648841,3.141596,0.549593,0.000020,-0.000009,0.046378,-0.000001,8.000014,-8.000015
148.191093,10.356094,50.692009,9.543595,3.141596,0.558778,0.000019,-0.000009,0.045473,-0.000000,8.000014,-8.000015
148.391081,10.187004,50.692008,9.436807,3.141596,0.567778,0.000017,-0.000009,0.044534,-0.000000,8.000014,-8.000014
148.591069,10.018873,50.692007,9.328517,3.141596,0.576596,0.000015,-0.000009,0.043650,-0.000000,8.000014,-8.000014
148.791057,9.851693,50.692007,9.218764,3.141596,0.585230,0.000013,-0.000009,0.042698,-0.000001,8.000013,-8.000014
148.991045,9.685456,50.692006,9.107587,3.141596,0.593676,0.000011,-0.000008,0.041773,-0.000002,8.000012,-8.000013
149.191033,9.520154,50.692006,8.995025,3.141596,0.601941,0.000009,-0.000008,0.040876,-0.000002,8.000013,-8.000013
149.391021,9.355777,50.692005,8.881116,3.141596,0.610020,0.000008,-0.000009,0.039924,0.000000,8.000012,-8.000013
149.591009,9.192315,50.692005,8.765898,3.141596,0.617915,0.000006,-0.000007,0.039031,-0.000000,8.000012,-8.000012
149.790997,9.029758,50.692004,8.649407,3.141596,0.625630,0.000005,-0.000007,0.038121,-0.000000,8.000012,-8.000012
149.990985,8.868093,50.692004,8.531681,3.141596,0.633162,0.000003,-0.000009,0.037203,0.000000,8.000012,-8.000012
150.190973,8.707309,50.692003,8.412754,3.141596,0.640514,0.000001,-0.000007,0.036322,-0.000001,8.000012,-8.000012
150.390961,8.547393,50.692003,8.292664,3.141595,0.647687,-0.000000,-0.000005,0.035407,-0.000003,8.000011,-8.000012
150.590949,8.388331,50.692002,8.171443,3.141595,0.654680,-0.000002,-0.000008,0.034533,0.000000,8.000010,-8.000011
150.790937,8.230110,50.692002,8.049127,3.141595,0.661499,-0.000003,-0.000008,0.033658,0.000001,8.000010,-8.000010
150.990925,8.072716,50.692002,7.925749,3.141595,0.668142,-0.000005,-0.000007,0.032774,0.000000,8.000010,-8.000010
151.190913,7.916134,50.692001,7.801341,3.141595,0.674614,-0.000006,-0.000006,0.031950,0.000000,8.000009,-8.000011
151.390901,7.760351,50.692001,7.675936,3.141595,0.680918,-0.000007,-0.000006,0.031098,0.000001,8.000009,-8.000010
151.590889,7.605350,50.692001,7.549564,3.141595,0.687056,-0.000008,-0.000006,0.030277,0.000001,8.000009,-8.000009
151.790877,7.451118,50.692000,7.422256,3.141595,0.693032,-0.000009,-0.000005,0.029489,0.000000,8.000009,-8.000009
151.990865,7.297639,50.692000,7.294040,3.141595,0.698847,-0.000010,-0.000004,0.028667,-0.000000,8.000009,-8.000009
152.190853,7.144897,50.691999,7.164947,3.141595,0.704503,-0.000011,-0.000003,0.027891,-0.000001,8.000008,-8.000009
152.390840,6.992878,50.691999,7.035003,3.141595,0.710002,-0.000012,-0.000004,0.027109,-0.000000,8.000008,-8.000008
152.590828,6.841566,50.691999,6.904237,3.141595,0.715345,-0.000013,-0.000006,0.026324,0.000002,8.000008,-8.000008
152.790816,6.690944,50.691998,6.772677,3.141595,0.720535,-0.000014,-0.000005,0.025577,0.000000,8.000008,-8.000008
152.990804,6.540997,50.691998,6.640347,3.141595,0.725575,-0.000015,-0.000003,0.024823,-0.000001,8.000008,-8.000008
153.190792,6.391710,50.691998,6.507275,3.141594,0.730467,-0.000016,-0.000003,0.024107,-0.000000,8.000008,-8.000008
153.390780,6.243065,50.691998,6.373484,3.141594,0.735217,-0.000016,-0.000003,0.023394,0.000001,8.000007,-8.000008
153.590768,6.095048,50.691997,6.239000,3.141594,0.739824,-0.000017,-0.000003,0.022673,0.000001,8.000007,-8.000007
153.790756,5.947643,50.691997,6.103845,3.141594,0.744291,-0.000018,-0.000003,0.021999,0.000000,8.000007,-8.000007
153.990744,5.800833,50.691997,5.968043,3.141594,0.748621,-0.000018,-0.000003,0.021313,0.000001,8.000006,-8.000006
154.190732,5.654604,50.691997,5.831617,3.141594,0.752817,-0.000019,-0.000003,0.020643,0.000001,8.000006,-8.000007
154.390720,5.508939,50.691996,5.694588,3.141595,0.756881,-0.000019,-0.000003,0.019998,0.000001,8.000006,-8.000008
154.590708,5.363823,50.691996,5.556978,3.141595,0.760814,-0.000020,-0.000003,0.019339,0.000000,8.000006,-8.000007
154.790696,5.219241,50.691996,5.418807,3.141594,0.764619,-0.000020,-0.000001,0.018712,-0.000001,8.000006,-8.000006
154.990684,5.075177,50.691996,5.280096,3.141594,0.768298,-0.000021,-0.000001,0.018082,-0.000001,8.000006,-8.000006
155.190672,4.931616,50.691995,5.140865,3.141594,0.771852,-0.000021,-0.000003,0.017455,0.000001,8.000006,-8.000006
155.390660,4.788541,50.691995,5.001134,3.141594,0.775283,-0.000022,-0.000001,0.016860,0.000000,8.000006,-8.000006
155.590648,4.645939,50.691995,4.860921,3.141594,0.778594,-0.000022,-0.000001,0.016257,-0.000001,8.000005,-8.000005
155.790636,4.503793,50.691995,4.720245,3.141594,0.781788,-0.000023,-0.000003,0.015678,0.000000,8.000005,-8.000005
155.990624,4.362089,50.691995,4.579124,3.141594,0.784866,-0.000023,-0.000002,0.015105,0.000001,8.000005,-8.000005
156.190612,4.220812,50.691994,4.437576,3.141594,0.787829,-0.000023,-0.000001,0.014527,-0.000000,8.000005,-8.000005
156.390600,4.079946,50.691994,4.295618,3.141594,0.790680,-0.000024,-0.000002,0.013983,0.000000,8.000005,-8.000005
156.590588,3.939479,50.691994,4.153266,3.141594,0.793421,-0.000024,-0.000002,0.013435,0.000001,8.000005,-8.000005
156.790576,3.799394,50.691994,4.010537,3.141594,0.796054,-0.000024,-0.000001,0.012890,-0.000000,8.000005,-8.000005
156.990564,3.659678,50.691994,3.867448,3.141594,0.798578,-0.000024,-0.000001,0.012358,0.000000,8.000004,-8.000004
157.190552,3.520316,50.691994,3.724014,3.141594,0.800996,-0.000025,-0.000003,0.011821,0.000001,8.000004,-8.000004
157.390540,3.381293,50.691994,3.580251,3.141594,0.803309,-0.000025,-0.000001,0.011304,0.000000,8.000004,-8.000004
157.590528,3.242596,50.691993,3.436173,3.141594,0.805518,-0.000025,-0.000001,0.010786,-0.000000,8.000004,-8.000004
157.790516,3.104210,50.691993,3.291797,3.141594,0.807624,-0.000026,-0.000003,0.010276,0.000001,8.000004,-8.000004
157.990504,2.966121,50.691993,3.147137,3.141594,0.809630,-0.000026,-0.000001,0.009787,0.000000,8.000004,-8.000004
158.190492,2.828315,50.691993,3.002207,3.141594,0.811537,-0.000026,-0.000000,0.009287,-0.000000,8.000004,-8.000004
158.390480,2.690779,50.691993,2.857021,3.141594,0.813345,-0.000026,0.000000,0.008795,0.000000,8.000004,-8.000004
158.590468,2.553499,50.691993,2.711593,3.141594,0.815056,-0.000026,0.000000,0.008310,0.000000,8.000003,-8.000003
158.790456,2.416460,50.691993,2.565937,3.141594,0.816670,-0.000026,-0.000000,0.007831,0.000000,8.000003,-8.000003
158.990444,2.279650,50.691993,2.420067,3.141594,0.818190,-0.000026,-0.000000,0.007371,0.000000,8.000003,-8.000003
159.190432,2.143054,50.691992,2.273995,3.141594,0.819617,-0.000026,-0.000000,0.006904,-0.000001,8.000003,-8.000003
159.390420,2.006661,50.691992,2.127735,3.141593,0.820951,-0.000027,-0.000000,0.006438,-0.000001,8.000003,-8.000003
159.590408,1.870456,50.691992,1.981299,3.141593,0.822193,-0.000027,0.000000,0.005976,-0.000000,8.000003,-8.000003
159.790396,1.734426,50.691992,1.834701,3.141593,0.823341,-0.000027,0.000000,0.005506,0.000001,8.000003,-8.000003
159.990384,1.598558,50.691992,1.687953,3.141593,0.824396,-0.000026,0.000000,0.005045,0.000001,8.000003,-8.000003
160.190372,1.462838,50.691992,1.541068,3.141593,0.825359,-0.000026,-0.000000,0.004591,-0.000000,8.000003,-8.000003
160.390360,1.327253,50.691992,1.394058,3.141593,0.826233,-0.000027,-0.000000,0.004144,-0.000001,8.000003,-8.000003
160.590348,1.191790,50.691992,1.246936,3.141593,0.827018,-0.000027,-0.000000,0.003705,-0.000001,8.000003,-8.000003
160.790336,1.056435,50.691992,1.099714,3.141593,0.827714,-0.000027,0.000000,0.003260,0.000001,8.000003,-8.000003
160.990324,0.921177,50.691992,0.952403,3.141593,0.828322,-0.000027,0.000000,0.002820,0.000001,8.000003,-8.000003
161.190312,0.786002,50.691992,0.805016,3.141593,0.828842,-0.000027,-0.000001,0.002384,0.000001,8.000003,-8.000003
161.390300,0.650897,50.691992,0.657565,3.141593,0.829275,-0.000027,-0.000002,0.001946,0.000000,8.000003,-8.000003
161.590288,0.515850,50.691991,0.510061,3.141593,0.829621,-0.000027,0.000001,0.001510,-0.000001,8.000002,-8.000003
161.790276,0.380847,50.691991,0.362516,3.141593,0.829879,-0.000027,0.000002,0.001073,-0.000000,8.000002,-8.000002
161.990264,0.245876,50.691991,0.214943,3.141593,0.830050,-0.000027,-0.000002,0.000637,0.000002,8.000002,-8.000002
162.190251,0.110924,50.691991,0.067352,3.141594,0.830134,-0.000027,-0.000000,0.000199,0.000000,8.000002,-8.000002
162.390239,-0.024023,50.691991,-0.080244,3.141593,0.830130,-0.000027,0.000002,-0.000240,-0.000002,8.000002,-8.000002
162.590227,-0.158977,50.691991,-0.227834,3.141593,0.830038,-0.000027,0.000001,-0.000676,-0.000001,8.000002,-8.000002
162.790215,-0.293950,50.691991,-0.375406,3.141593,0.829860,-0.000027,-0.000000,-0.001111,-0.000000,8.000002,-8.000002
162.990203,-0.428956,50.691991,-0.522947,3.141593,0.829594,-0.000027,0.000000,-0.001547,-0.000000,8.000002,-8.000002
163.190191,-0.564008,50.691991,-0.670447,3.141593,0.829240,-0.000027,-0.000002,-0.001992,0.000001,8.000002,-8.000002
163.390179,-0.699119,50.691991,-0.817893,3.141593,0.828797,-0.000027,-0.000002,-0.002437,0.000001,8.000002,-8.000002
163.590167,-0.834302,50.691991,-0.965273,3.141593,0.828266,-0.000027,0.000002,-0.002875,-0.000001,8.000002,-8.000002
163.790155,-0.969569,50.691991,-1.112575,3.141593,0.827647,-0.000027,0.000002,-0.003311,-0.000002,8.000002,-8.000002
163.990143,-1.104934,50.691991,-1.259788,3.141593,0.826942,-0.000027,-0.000000,-0.003743,-0.000000,8.000002,-8.000002
164.190131,-1.240409,50.691991,-1.406899,3.141593,0.826149,-0.000027,-0.000002,-0.004186,0.000001,8.000002,-8.000002
164.390119,-1.376007,50.691991,-1.553897,3.141593,0.825267,-0.000028,-0.000001,-0.004634,0.000001,8.000002,-8.000002
164.590107,-1.511741,50.691991,-1.700769,3.141593,0.824295,-0.000028,0.000002,-0.005089,-0.000001,8.000002,-8.000002
164.790095,-1.647625,50.691991,-1.847503,3.141593,0.823230,-0.000027,-0.000000,-0.005558,0.000000,8.000002,-8.000002
164.990083,-1.783671,50.691991,-1.994085,3.141593,0.822073,-0.000028,-0.000003,-0.006017,0.000001,8.000002,-8.000002
165.190071,-1.919894,50.691991,-2.140504,3.141593,0.820823,-0.000028,-0.000001,-0.006477,-0.000000,8.000002,-8.000002
165.390059,-2.056307,50.691990,-2.286746,3.141593,0.819482,-0.000028,0.000000,-0.006941,-0.000001,8.000001,-8.000001
165.590047,-2.192922,50.691990,-2.432799,3.141593,0.818047,-0.000028,0.000000,-0.007408,-0.000000,8.000001,-8.000001
165.790035,-2.329754,50.691990,-2.578649,3.141593,0.816517,-0.000028,-0.000000,-0.007890,-0.000000,8.000001,-8.000001
165.990023,-2.466816,50.691990,-2.724283,3.141593,0.814892,-0.000028,0.000000,-0.008359,-0.000000,8.000001,-8.000001
166.190011,-2.604121,50.691990,-2.869688,3.141593,0.813173,-0.000028,0.000000,-0.008832,-0.000000,8.000001,-8.000001
166.389999,-2.741682,50.691990,-3.014850,3.141593,0.811358,-0.000028,-0.000001,-0.009324,0.000001,8.000001,-8.000001
166.589987,-2.879515,50.691990,-3.159755,3.141593,0.809444,-0.000028,-0.000002,-0.009817,0.000002,8.000001,-8.000001
166.789975,-3.017631,50.691990,-3.304389,3.141594,0.807429,-0.000028,0.000001,-0.010331,-0.000001,8.000001,-8.000001
166.989963,-3.156046,50.691990,-3.448738,3.141593,0.805312,-0.000028,0.000002,-0.010846,-0.000002,8.000001,-8.000001
167.189951,-3.294774,50.691990,-3.592785,3.141593,0.803091,-0.000028,-0.000000,-0.011359,-0.000001,8.000001,-8.000001
167.389939,-3.433828,50.691990,-3.736518,3.141593,0.800767,-0.000028,-0.000002,-0.011884,0.000000,8.000001,-8.000001
167.589927,-3.573224,50.691990,-3.879919,3.141593,0.798340,-0.000029,-0.000003,-0.012393,0.000000,8.000001,-8.000001
167.789915,-3.712975,50.691990,-4.022975,3.141593,0.795809,-0.000029,-0.000001,-0.012920,-0.000000,8.000001,-8.000001
167.989903,-3.853095,50.691990,-4.165669,3.141593,0.793170,-0.000029,0.000000,-0.013468,-0.000000,8.000001,-8.000001
168.189891,-3.993599,50.691990,-4.307984,3.141593,0.790421,-0.000029,0.000000,-0.014022,-0.000000,8.000001,-8.000001
168.389879,-4.134501,50.691989,-4.449906,3.141593,0.787559,-0.000029,0.000000,-0.014601,-0.000001,8.000001,-8.000001
168.589867,-4.275818,50.691989,-4.591415,3.141593,0.784583,-0.000029,-0.000001,-0.015163,-0.000001,8.000001,-8.000001
168.789855,-4.417563,50.691989,-4.732495,3.141593,0.781494,-0.000029,-0.000003,-0.015728,-0.000000,8.000001,-8.000001
168.989843,-4.559750,50.691989,-4.873128,3.141593,0.778290,-0.000030,-0.000002,-0.016315,-0.000001,8.000001,-8.000001
169.189831,-4.702396,50.691989,-5.013297,3.141593,0.774969,-0.000030,-0.000000,-0.016893,-0.000001,8.000001,-8.000001
169.389819,-4.845515,50.691989,-5.152983,3.141593,0.771530,-0.000030,0.000000,-0.017506,-0.000001,8.000001,-8.000001
169.589807,-4.989122,50.691989,-5.292167,3.141593,0.767966,-0.000030,0.000000,-0.018128,-0.000001,8.000001,-8.000001
169.789795,-5.133233,50.691989,-5.430829,3.141593,0.764279,-0.000030,-0.000000,-0.018751,-0.000001,8.000001,-8.000001
169.989783,-5.277863,50.691989,-5.568950,3.141593,0.760464,-0.000030,-0.000002,-0.019402,-0.000000,8.000001,-8.000001
170.189771,-5.423027,50.691989,-5.706509,3.141593,0.756520,-0.000031,-0.000002,-0.020036,-0.000000,8.000001,-8.000001
170.389759,-5.568742,50.691989,-5.843484,3.141593,0.752447,-0.000031,-0.000001,-0.020699,-0.000001,8.000001,-8.000001
170.589747,-5.715023,50.691989,-5.979856,3.141593,0.748239,-0.000031,-0.000001,-0.021382,-0.000001,8.000001,-8.000001
170.789735,-5.861885,50.691989,-6.115600,3.141593,0.743896,-0.000032,-0.000003,-0.022046,-0.000000,8.000001,-8.000001
170.989723,-6.009345,50.691989,-6.250696,3.141593,0.739418,-0.000032,-0.000001,-0.022743,-0.000001,8.000001,-8.000001
171.189711,-6.157417,50.691989,-6.385120,3.141593,0.734800,-0.000032,-0.000001,-0.023432,-0.000001,8.000001,-8.000001
171.389699,-6.306118,50.691989,-6.518848,3.141593,0.730044,-0.000033,-0.000002,-0.024136,-0.000000,8.000001,-8.000001
171.589687,-6.455462,50.691989,-6.651856,3.141593,0.725143,-0.000033,-0.000002,-0.024882,-0.000001,8.000001,-8.000001
171.789675,-6.605467,50.691989,-6.784120,3.141593,0.720093,-0.000033,-0.000001,-0.025619,-0.000001,8.000001,-8.000001
171.989663,-6.756147,50.691989,-6.915613,3.141593,0.714892,-0.000034,-0.000002,-0.026397,-0.000001,8.000001,-8.000001
172.189650,-6.907520,50.691989,-7.046309,3.141593,0.709535,-0.000034,-0.000003,-0.027174,-0.000001,8.000001,-8.000001
172.389638,-7.059600,50.691989,-7.176181,3.141593,0.704024,-0.000035,-0.000003,-0.027934,-0.000001,8.000001,-8.000001
172.589626,-7.212404,50.691989,-7.305201,3.141593,0.698357,-0.000035,-0.000001,-0.028737,-0.000001,8.000001,-8.000001
172.789614,-7.365947,50.691989,-7.433340,3.141593,0.692532,-0.000035,-0.000001,-0.029519,-0.000001,8.000001,-8.000001
172.989602,-7.520243,50.691989,-7.560571,3.141593,0.686547,-0.000036,-0.000002,-0.030338,-0.000001,8.000001,-8.000001
173.189590,-7.675309,50.691989,-7.686863,3.141593,0.680396,-0.000036,-0.000003,-0.031179,-0.000001,8.000001,-8.000001
173.389578,-7.831159,50.691989,-7.812186,3.141593,0.674079,-0.000037,-0.000003,-0.031987,-0.000001,8.000001,-8.000001
173.589566,-7.987808,50.691989,-7.936509,3.141593,0.667596,-0.000037,-0.000003,-0.032854,-0.000001,8.000001,-8.000001
173.789554,-8.145270,50.691989,-8.059800,3.141593,0.660939,-0.000038,-0.000002,-0.033718,-0.000001,8.000001,-8.000001
173.989542,-8.303560,50.691989,-8.182026,3.141593,0.654110,-0.000038,-0.000001,-0.034580,-0.000002,8.000001,-8.000001
174.189530,-8.462692,50.691989,-8.303155,3.141593,0.647104,-0.000038,-0.000001,-0.035484,-0.000001,8.000001,-8.000001
174.389518,-8.622679,50.691989,-8.423152,3.141593,0.639919,-0.000039,-0.000002,-0.036361,-0.000001,8.000001,-8.000001
174.589506,-8.783534,50.691989,-8.541981,3.141593,0.632556,-0.000039,-0.000001,-0.037275,-0.000002,8.000001,-8.000001
174.789494,-8.945271,50.691989,-8.659609,3.141593,0.625012,-0.000039,-0.000001,-0.038173,-0.000002,8.000000,-8.000000
174.989482,-9.107901,50.691989,-8.775998,3.141593,0.617289,-0.000040,-0.000003,-0.039056,-0.000001,8.000000,-8.000000
175.189470,-9.271435,50.691989,-8.891113,3.141593,0.609384,-0.000040,-0.000003,-0.040005,-0.000002,8.000000,-8.000000
175.389458,-9.435885,50.691989,-9.004917,3.141593,0.601293,-0.000041,-0.000003,-0.040910,-0.000002,8.000000,-8.000000
175.589446,-9.601261,50.691989,-9.117371,3.141593,0.593018,-0.000042,-0.000003,-0.041841,-0.000002,8.000000,-8.000000
175.789434,-9.767571,50.691989,-9.228437,3.141593,0.584556,-0.000042,-0.000003,-0.042791,-0.000002,8.000000,-8.000000
175.989422,-9.934826,50.691989,-9.338076,3.141593,0.575911,-0.000043,-0.000003,-0.043663,-0.000002,8.000000,-8.000000
176.189410,-10.103032,50.691989,-9.446251,3.141593,0.567086,-0.000043,-0.000001,-0.044588,-0.000002,8.000000,-8.000000
176.389398,-10.272196,50.691989,-9.552921,3.141593,0.558078,-0.000043,-0.000001,-0.045497,-0.000002,8.000000,-8.000000
176.589386,-10.442323,50.691989,-9.658048,3.141593,0.548891,-0.000044,-0.000002,-0.046385,-0.000002,8.000000,-8.000000
176.789374,-10.613419,50.691989,-9.761591,3.141593,0.539521,-0.000044,-0.000002,-0.047314,-0.000002,8.000000,-8.000000
176.989362,-10.785486,50.691989,-9.863512,3.141593,0.529972,-0.000044,-0.000001,-0.048182,-0.000003,8.000000,-8.000000
177.189350,-10.958527,50.691989,-9.963770,3.141593,0.520248,-0.000045,-0.000002,-0.049066,-0.000002,8.000000,-8.000000
177.389338,-11.132543,50.691989,-10.062325,3.141593,0.510351,-0.000045,-0.000002,-0.049907,-0.000002,8.000000,-8.000000
177.589326,-11.307534,50.691989,-10.159139,3.141593,0.500292,-0.000045,-0.000000,-0.050693,-0.000003,8.000000,-8.000000
177.789314,-11.483498,50.691989,-10.254174,3.141593,0.490071,-0.000045,0.000000,-0.051528,-0.000003,8.000000,-8.000000
177.989302,-11.660432,50.691989,-10.347390,3.141593,0.479692,-0.000045,-0.000001,-0.052267,-0.000003,8.000000,-8.000000
178.189290,-11.838330,50.691989,-10.438753,3.141593,0.469167,-0.000046,-0.000002,-0.052990,-0.000002,8.000000,-8.000000
178.389278,-12.017186,50.691989,-10.528225,3.141593,0.458497,-0.000046,-0.000002,-0.053717,-0.000003,8.000000,-8.000000
178.589266,-12.196993,50.691989,-10.615771,3.141593,0.447692,-0.000046,-0.000000,-0.054337,-0.000003,8.000000,-8.000000
178.789254,-12.377741,50.691989,-10.701358,3.141593,0.436760,-0.000046,-0.000001,-0.054990,-0.000000,8.000000,-8.000000
178.989242,-12.559418,50.691989,-10.784952,3.141593,0.425704,-0.000046,0.000000,-0.055578,-0.000001,8.000000,-8.000000
179.189230,-12.742014,50.691989,-10.866522,3.141593,0.414537,-0.000046,0.000004,-0.056095,-0.000005,8.000000,-8.000000
179.389218,-12.925512,50.691989,-10.946039,3.141593,0.403268,-0.000045,0.000004,-0.056606,-0.000004,8.000000,-8.000000
179.589206,-13.109899,50.691989,-11.023475,3.141593,0.391910,-0.000045,0.000003,-0.056974,-0.000002,8.000000,-8.000000
179.789194,-13.295156,50.691989,-11.098804,3.141593,0.380482,-0.000044,0.000003,-0.057316,-0.000002,8.000000,-8.000000
179.989182,-13.481265,50.691989,-11.172006,3.141593,0.368992,-0.000043,0.000004,-0.057591,-0.000002,8.000000,-8.000000
180.189170,-13.668203,50.691989,-11.243060,3.141593,0.357458,-0.000042,0.000006,-0.057760,-0.000003,8.000000,-8.000000
180.389158,-13.855950,50.691989,-11.311950,3.141593,0.345888,-0.000041,0.000004,-0.057941,-0.000002,8.000000,-8.000000
180.589146,-14.044483,50.691989,-11.378660,3.141593,0.334297,-0.000040,0.000003,-0.057980,-0.000002,8.000000,-8.000000
180.789134,-14.233776,50.691989,-11.443181,3.141593,0.322703,-0.000040,0.000003,-0.057969,-0.000002,8.000000,-8.000000
180.989122,-14.423804,50.691989,-11.505502,3.141593,0.311113,-0.000039,0.000004,-0.057932,-0.000002,8.000000,-8.000000
181.189110,-14.614541,50.691989,-11.565619,3.141593,0.299548,-0.000038,0.000006,-0.057730,-0.000002,8.000000,-8.000000
181.389098,-14.805960,50.691989,-11.623531,3.141593,0.288025,-0.000037,0.000006,-0.057506,-0.000002,8.000000,-8.000000
181.589086,-14.998031,50.691989,-11.679237,3.141593,0.276558,-0.000035,0.000007,-0.057170,-0.000002,8.000000,-8.000000
181.789074,-15.190727,50.691989,-11.732745,3.141593,0.265168,-0.000034,0.000008,-0.056732,-0.000002,8.000000,-8.000000
181.989061,-15.384018,50.691989,-11.784063,3.141593,0.253868,-0.000032,0.000008,-0.056275,-0.000002,8.000000,-8.000000
182.189049,-15.577873,50.691989,-11.833204,3.141593,0.242675,-0.000031,0.000008,-0.055664,-0.000001,8.000000,-8.000000
182.389037,-15.772264,50.691989,-11.880184,3.141593,0.231608,-0.000029,0.000011,-0.055014,-0.000002,8.000000,-8.000000
182.589025,-15.967159,50.691989,-11.925022,3.141593,0.220679,-0.000027,0.000011,-0.054286,-0.000002,8.000000,-8.000000
182.789013,-16.162530,50.691989,-11.967744,3.141593,0.209908,-0.000025,0.000010,-0.053427,-0.000001,8.000000,-8.000000
182.989001,-16.358346,50.691989,-12.008375,3.141593,0.199310,-0.000023,0.000009,-0.052565,-0.000001,8.000000,-8.000000
183.188989,-16.554578,50.691989,-12.046947,3.141593,0.188896,-0.000021,0.000009,-0.051574,-0.000001,8.000000,-8.000000
183.388977,-16.751198,50.691989,-12.083493,3.141593,0.178687,-0.000019,0.000009,-0.050519,-0.000001,8.000000,-8.000000
183.588965,-16.948177,50.691989,-12.118050,3.141593,0.168693,-0.000017,0.000011,-0.049434,-0.000001,8.000000,-8.000000
183.788953,-17.145487,50.691989,-12.150660,3.141593,0.158927,-0.000015,0.000012,-0.048224,-0.000001,8.000000,-8.000000
183.988941,-17.343103,50.691989,-12.181365,3.141593,0.149405,-0.000012,0.000013,-0.047006,-0.000001,8.000000,-8.000000
184.188929,-17.540999,50.691989,-12.210212,3.141593,0.140134,-0.000010,0.000013,-0.045709,-0.000001,8.000000,-8.000000
184.388917,-17.739150,50.691989,-12.237249,3.141592,0.131129,-0.000007,0.000012,-0.044345,-0.000001,8.000000,-8.000000
184.588905,-17.937534,50.691989,-12.262528,3.141592,0.122397,-0.000005,0.000011,-0.042983,-0.000000,8.000000,-8.000000
184.788893,-18.136127,50.691989,-12.286101,3.141592,0.113948,-0.000003,0.000010,-0.041512,-0.000000,8.000000,-8.000000
184.988881,-18.334909,50.691989,-12.308025,3.141592,0.105794,-0.000001,0.000012,-0.040033,-0.000000,8.000000,-8.000000
185.188869,-18.533860,50.691989,-12.328356,3.141592,0.097938,0.000002,0.000012,-0.038528,0.000001,8.000000,-8.000000
185.388857,-18.732962,50.691989,-12.347155,3.141593,0.090391,0.000004,0.000012,-0.036950,0.000003,8.000000,-8.000000
185.588845,-18.932198,50.691989,-12.364482,3.141593,0.083156,0.000006,0.000010,-0.035400,0.000001,8.000000,-8.000000
185.788833,-19.131551,50.691989,-12.380398,3.141593,0.076237,0.000008,0.000010,-0.033802,-0.000001,8.000000,-8.000000
185.988821,-19.331007,50.691989,-12.394966,3.141593,0.069638,0.000010,0.000012,-0.032192,-0.000003,8.000000,-8.000000
186.188809,-19.530553,50.691989,-12.408250,3.141592,0.063359,0.000013,0.000011,-0.030593,0.000000,8.000000,-8.000000
186.388797,-19.730177,50.691989,-12.420313,3.141593,0.057406,0.000015,0.000009,-0.028943,0.000003,8.000000,-8.000000
186.588785,-19.929867,50.691989,-12.431220,3.141593,0.051781,0.000017,0.000009,-0.027317,0.000001,8.000000,-8.000000
186.788773,-20.129613,50.691989,-12.441036,3.141593,0.046481,0.000018,0.000009,-0.025680,0.000000,8.000000,-8.000000
186.988761,-20.329408,50.691989,-12.449826,3.141593,0.041508,0.000020,0.000009,-0.024051,0.000000,8.000000,-8.000000
187.188749,-20.529242,50.691989,-12.457655,3.141593,0.036857,0.000022,0.000009,-0.022467,0.000001,8.000000,-8.000000
187.388737,-20.729110,50.691989,-12.464586,3.141593,0.032524,0.000024,0.000009,-0.020861,0.000000,8.000000,-8.000000
187.588725,-20.929005,50.691989,-12.470683,3.141593,0.028509,0.000026,0.000009,-0.019295,-0.000002,8.000000,-8.000000
187.788713,-21.128922,50.691989,-12.476008,3.141592,0.024803,0.000028,0.000008,-0.017769,-0.000002,8.000000,-8.000000
187.988701,-21.328857,50.691989,-12.480623,3.141592,0.021401,0.000029,0.000006,-0.016257,0.000000,8.000000,-8.000000
188.188689,-21.528805,50.691989,-12.484587,3.141592,0.018295,0.000030,0.000006,-0.014803,0.000003,8.000000,-8.000000
188.388677,-21.728765,50.691989,-12.487959,3.141593,0.015478,0.000032,0.000007,-0.013370,0.000003,8.000000,-8.000000
188.588665,-21.928733,50.691989,-12.490796,3.141593,0.012943,0.000033,0.000008,-0.011977,0.000000,8.000000,-8.000000
188.788653,-22.128707,50.691989,-12.493154,3.141593,0.010682,0.000035,0.000006,-0.010635,-0.000000,8.000000,-8.000000
188.988641,-22.328685,50.691989,-12.495086,3.141593,0.008685,0.000036,0.000004,-0.009337,0.000000,8.000000,-8.000000
189.188629,-22.528667,50.691989,-12.496644,3.141593,0.006940,0.000036,0.000003,-0.008117,0.000000,8.000000,-8.000000
189.388617,-22.728651,50.691989,-12.497878,3.141593,0.005431,0.000037,0.000003,-0.006967,-0.000001,8.000000,-8.000000
189.588605,-22.928637,50.691989,-12.498832,3.141592,0.004146,0.000037,0.000003,-0.005888,-0.000003,8.000000,-8.000000
189.788593,-23.128624,50.691989,-12.499550,3.141592,0.003069,0.000038,0.000001,-0.004885,0.000001,8.000000,-8.000000
189.988581,-23.328611,50.691990,-12.500072,3.141592,0.002185,0.000038,0.000002,-0.003949,0.000003,8.000001,-7.999999
190.188569,-23.528599,50.691990,-12.500436,3.141592,0.001480,0.000039,0.000004,-0.003106,0.000000,8.000001,-7.999999
190.388557,-23.728586,50.691990,-12.500675,3.141592,0.000933,0.000039,0.000002,-0.002362,-0.000001,8.000001,-7.999999
190.588545,-23.928574,50.691990,-12.500818,3.141592,0.000526,0.000039,-0.000001,-0.001713,-0.000001,8.000001,-7.999999
190.788533,-24.128562,50.691990,-12.500893,3.141592,0.000238,0.000039,-0.000001,-0.001168,-0.000001,8.000001,-7.999999
190.988521,-24.328550,50.691990,-12.500920,3.141592,0.000048,0.000039,-0.000001,-0.000728,-0.000001,8.000001,-7.999999
191.188509,-24.528538,50.691990,-12.500917,3.141592,-0.000064,0.000039,-0.000003,-0.000396,-0.000001,8.000001,-7.999999
191.388497,-24.728526,50.691990,-12.500898,3.141592,-0.000121,0.000038,-0.000005,-0.000171,-0.000001,8.000001,-7.999999
191.588485,-24.928514,50.691991,-12.500871,3.141591,-0.000143,0.000037,-0.000005,-0.000044,-0.000001,8.000002,-7.999998
191.788472,-25.128502,50.691991,-12.500842,3.141591,-0.000146,0.000036,-0.000004,0.000009,-0.000001,8.000002,-7.999998
191.988460,-25.328490,50.691991,-12.500813,3.141591,-0.000143,0.000035,-0.000003,0.000023,-0.000002,8.000002,-7.999998
192.188448,-25.528478,50.691992,-12.500785,3.141590,-0.000138,0.000034,-0.000003,0.000029,-0.000002,8.000003,-7.999997
192.388436,-25.728466,50.691992,-12.500758,3.141590,-0.000131,0.000034,-0.000005,0.000033,0.000001,8.000003,-7.999997
192.588424,-25.928454,50.691992,-12.500732,3.141591,-0.000125,0.000033,-0.000005,0.000030,0.000005,8.000004,-7.999997
192.788412,-26.128442,50.691993,-12.500708,3.141592,-0.000120,0.000032,-0.000004,0.000022,0.000008,8.000005,-7.999996
192.988400,-26.328430,50.691993,-12.500684,3.141594,-0.000117,0.000031,-0.000003,0.000013,0.000013,8.000006,-7.999994
193.188388,-26.528418,50.691992,-12.500661,3.141597,-0.000115,0.000030,-0.000003,0.000005,0.000021,8.000006,-7.999994
193.388376,-26.728406,50.691991,-12.500638,3.141603,-0.000114,0.000030,-0.000003,0.000003,0.000034,8.000007,-7.999993
193.588364,-26.928394,50.691988,-12.500616,3.141611,-0.000113,0.000029,-0.000004,0.000010,0.000048,8.000007,-7.999993
193.788352,-27.128382,50.691983,-12.500593,3.141623,-0.000109,0.000028,-0.000005,0.000023,0.000068,8.000008,-7.999992
193.988340,-27.328370,50.691975,-12.500572,3.141639,-0.000104,0.000027,-0.000005,0.000032,0.000097,8.000008,-7.999992
194.188328,-27.528358,50.691964,-12.500552,3.141662,-0.000098,0.000026,-0.000003,0.000028,0.000130,8.000009,-7.999990
194.388316,-27.728346,50.691947,-12.500533,3.141692,-0.000093,0.000026,-0.000003,0.000022,0.000170,8.000010,-7.999988
194.588304,-27.928334,50.691924,-12.500515,3.141731,-0.000088,0.000025,-0.000003,0.000020,0.000215,8.000010,-7.999986
194.788292,-28.128322,50.691891,-12.500498,3.141779,-0.000084,0.000025,-0.000003,0.000019,0.000273,8.000012,-7.999983
194.988280,-28.328310,50.691848,-12.500481,3.141841,-0.000081,0.000024,-0.000003,0.000014,0.000344,8.000011,-7.999983
195.188268,-28.528298,50.691791,-12.500465,3.141917,-0.000079,0.000023,-0.000003,0.000006,0.000417,8.000010,-7.999981
195.388256,-28.728286,50.691717,-12.500449,3.142010,-0.000078,0.000023,-0.000003,0.000003,0.000509,8.000012,-7.999977
195.588244,-28.928274,50.691623,-12.500434,3.142122,-0.000077,0.000022,-0.000001,0.000006,0.000609,8.000010,-7.999978
195.788232,-29.128262,50.691504,-12.500418,3.142255,-0.000076,0.000022,-0.000001,0.000010,0.000722,8.000013,-7.999973
195.988220,-29.328250,50.691357,-12.500403,3.142412,-0.000073,0.000021,-0.000004,0.000013,0.000857,8.000011,-7.999972
196.188208,-29.528237,50.691175,-12.500389,3.142597,-0.000070,0.000020,-0.000005,0.000016,0.000991,8.000010,-7.999970
196.388196,-29.728225,50.690953,-12.500375,3.142812,-0.000067,0.000020,-0.000003,0.000019,0.001157,8.000015,-7.999962
196.588184,-29.928213,50.690685,-12.500362,3.143061,-0.000063,0.000019,-0.000001,0.000016,0.001331,8.000007,-7.999967
196.788172,-30.128201,50.690363,-12.500350,3.143345,-0.000061,0.000019,-0.000001,0.000009,0.001510,8.000012,-7.999958
196.988160,-30.328188,50.689981,-12.500338,3.143669,-0.000060,0.000019,-0.000002,0.000004,0.001730,8.000012,-7.999954
197.188148,-30.528176,50.689530,-12.500326,3.144037,-0.000058,0.000018,-0.000003,0.000007,0.001946,8.000005,-7.999959
197.388136,-30.728163,50.689000,-12.500314,3.144450,-0.000056,0.000017,-0.000003,0.000014,0.002190,8.000016,-7.999944
197.588124,-30.928150,50.688383,-12.500304,3.144915,-0.000053,0.000017,-0.000003,0.000018,0.002457,8.000005,-7.999950
197.788112,-31.128137,50.687668,-12.500293,3.145433,-0.000050,0.000016,-0.000002,0.000014,0.002720,8.000006,-7.999944
197.988100,-31.328123,50.686844,-12.500283,3.146008,-0.000048,0.000016,-0.000001,0.000006,0.003039,8.000013,-7.999932
198.188088,-31.528109,50.685898,-12.500274,3.146647,-0.000047,0.000016,-0.000001,0.000001,0.003346,7.999996,-7.999944
198.388076,-31.728094,50.684818,-12.500264,3.147349,-0.000047,0.000015,-0.000003,0.000000,0.003671,8.000012,-7.999923
198.588064,-31.928078,50.683591,-12.500255,3.148121,-0.000047,0.000015,-0.000003,0.000003,0.004050,8.000002,-7.999928
198.788052,-32.128061,50.682202,-12.500246,3.148966,-0.000046,0.000014,-0.000003,0.000006,0.004401,7.999996,-7.999929
198.988040,-32.328043,50.680637,-12.500237,3.149886,-0.000044,0.000014,-0.000002,0.000009,0.004803,8.000016,-7.999905
199.188028,-32.528023,50.678880,-12.500228,3.150888,-0.000042,0.000013,-0.000001,0.000012,0.005223,7.999987,-7.999931
199.388016,-32.728002,50.676913,-12.500220,3.151974,-0.000040,0.000013,-0.000001,0.000013,0.005635,8.000006,-7.999906
199.588004,-32.927978,50.674721,-12.500212,3.153149,-0.000038,0.000013,-0.000002,0.000011,0.006112,8.000007,-7.999900
199.787992,-33.127951,50.672285,-12.500205,3.154416,-0.000036,0.000012,-0.000001,0.000005,0.006558,7.999981,-7.999920
199.987980,-33.327921,50.669586,-12.500198,3.155776,-0.000035,0.000012,-0.000001,0.000002,0.007044,8.000017,-7.999878
200.187968,-33.527886,50.666606,-12.500191,3.157237,-0.000035,0.000012,-0.000002,0.000001,0.007568,7.999985,-7.999906
200.387956,-33.727847,50.663323,-12.500184,3.158799,-0.000035,0.000011,-0.000003,0.000003,0.008058,7.999992,-7.999895
200.587944,-33.927803,50.659717,-12.500177,3.160467,-0.000034,0.000011,-0.000003,0.000007,0.008626,8.000016,-7.999868
200.787932,-34.127752,50.655766,-12.500170,3.162247,-0.000032,0.000010,-0.000001,0.000011,0.009167,7.999970,-7.999912
200.987920,-34.327693,50.651449,-12.500164,3.164135,-0.000029,0.000010,-0.000001,0.000013,0.009718,8.000017,-7.999862
201.187908,-34.527626,50.646743,-12.500158,3.166141,-0.000027,0.000010,-0.000002,0.000010,0.010341,7.999994,-7.999880
201.387896,-34.727548,50.641623,-12.500153,3.168265,-0.000026,0.000009,-0.000002,0.000004,0.010903,7.999977,-7.999892
201.587883,-34.927459,50.636068,-12.500148,3.170508,-0.000025,0.000009,-0.000001,-0.000001,0.011528,8.000029,-7.999836
201.787871,-35.127356,50.630051,-12.500143,3.172877,-0.000026,0.000009,-0.000001,-0.000002,0.012164,7.999963,-7.999900
201.987859,-35.327238,50.623549,-12.500138,3.175370,-0.000026,0.000008,-0.000002,0.000001,0.012762,8.000011,-7.999853
202.187847,-35.527103,50.616535,-12.500133,3.177990,-0.000025,0.000008,-0.000001,0.000006,0.013445,8.000019,-7.999845
202.387835,-35.726949,50.608985,-12.500128,3.180742,-0.000024,0.000008,-0.000001,0.000007,0.014081,7.999959,-7.999903
202.587823,-35.926772,50.600872,-12.500123,3.183625,-0.000023,0.000007,-0.000002,0.000006,0.014750,8.000043,-7.999820
202.787811,-36.126570,50.592169,-12.500119,3.186645,-0.000022,0.000007,-0.000001,0.000003,0.015447,7.999982,-7.999882
202.987799,-36.326341,50.582849,-12.500114,3.189798,-0.000021,0.000007,0.000000,0.000002,0.016088,7.999994,-7.999872
203.187787,-36.526081,50.572886,-12.500110,3.193089,-0.000021,0.000007,0.000000,0.000003,0.016818,8.000046,-7.999821
203.387775,-36.725785,50.562252,-12.500106,3.196517,-0.000020,0.000007,-0.000001,0.000004,0.017466,7.999955,-7.999913
203.587763,-36.925452,50.550920,-12.500102,3.200074,-0.000019,0.000006,-0.000002,0.000004,0.018106,8.000045,-7.999828
203.787751,-37.125076,50.538865,-12.500099,3.203772,-0.000019,0.000006,-0.000001,0.000003,0.018875,8.000012,-7.999866
203.987739,-37.324654,50.526057,-12.500095,3.207614,-0.000018,0.000006,0.000000,0.000002,0.019547,7.999982,-7.999899
204.187727,-37.524179,50.512468,-12.500091,3.211594,-0.000018,0.000006,0.000000,0.000002,0.020262,8.000082,-7.999804
204.387715,-37.723648,50.498071,-12.500088,3.215719,-0.000017,0.000006,-0.000001,0.000002,0.020985,7.999974,-7.999917
204.587703,-37.923055,50.482838,-12.500084,3.219981,-0.000017,0.000005,-0.000002,0.000002,0.021642,8.000052,-7.999845
204.787691,-38.122394,50.466741,-12.500081,3.224382,-0.000016,0.000005,-0.000000,0.000005,0.022374,8.000073,-7.999830
204.987679,-38.321659,50.449752,-12.500078,3.228924,-0.000015,0.000005,0.000000,0.000008,0.023044,7.999978,-7.999933
205.187667,-38.520843,50.431846,-12.500075,3.233600,-0.000014,0.000005,-0.000000,0.000007,0.023723,8.000116,-7.999802
205.387655,-38.719941,50.412994,-12.500072,3.238416,-0.000013,0.000005,-0.000002,0.000005,0.024434,8.000029,-7.999897
205.587643,-38.918943,50.393171,-12.500070,3.243365,-0.000012,0.000004,-0.000002,0.000001,0.025065,8.000046,-7.999889
205.787631,-39.117844,50.372349,-12.500067,3.248448,-0.000012,0.000004,-0.000000,-0.000002,0.025764,8.000135,-7.999808
205.987619,-39.316635,50.350504,-12.500065,3.253666,-0.000013,0.000004,0.000000,-0.000003,0.026422,8.000001,-7.999949
206.187607,-39.515308,50.327608,-12.500062,3.259012,-0.000013,0.000004,-0.000000,-0.000002,0.027041,8.000133,-7.999826
206.387595,-39.713854,50.303638,-12.500060,3.264488,-0.000013,0.000004,-0.000002,0.000001,0.027717,8.000093,-7.999875
206.587583,-39.912264,50.278568,-12.500057,3.270090,-0.000013,0.000003,-0.000002,0.000005,0.028312,8.000040,-7.999939
206.787571,-40.110530,50.252376,-12.500055,3.275815,-0.000012,0.000003,-0.000000,0.000006,0.028938,8.000189,-7.999803
206.987559,-40.308640,50.225036,-12.500052,3.281664,-0.000011,0.000003,0.000000,0.000006,0.029561,8.000043,-7.999961
207.187547,-40.506585,50.196526,-12.500050,3.287631,-0.000009,0.000003,0.000001,0.000006,0.030107,8.000138,-7.999875
207.387535,-40.704354,50.166824,-12.500048,3.293712,-0.000009,0.000003,0.000000,0.000003,0.030710,8.000178,-7.999845
207.587523,-40.901938,50.135909,-12.500047,3.299908,-0.000008,0.000003,-0.000001,0.000000,0.031254,8.000043,-7.999988
207.787511,-41.099325,50.103760,-12.500045,3.306211,-0.000008,0.000002,-0.000002,-0.000001,0.031780,8.000224,-7.999817
207.987499,-41.296503,50.070356,-12.500043,3.312623,-0.000008,0.000002,-0.000001,0.000000,0.032344,8.000116,-7.999936
208.187487,-41.493461,50.035678,-12.500042,3.319139,-0.000008,0.000002,0.000000,0.000001,0.032821,8.000129,-7.999937
208.387475,-41.690187,49.999708,-12.500040,3.325753,-0.000008,0.000002,0.000000,0.000001,0.033324,8.000251,-7.999825
208.587463,-41.886670,49.962428,-12.500039,3.332466,-0.000008,0.000002,0.000000,0.000001,0.033808,8.000075,-8.000010
208.787451,-42.082895,49.923821,-12.500037,3.339270,-0.000007,0.000002,0.000000,0.000002,0.034235,8.000238,-7.999855
208.987439,-42.278852,49.883871,-12.500036,3.346163,-0.000007,0.000002,0.000000,0.000003,0.034696,8.000199,-7.999902
209.187427,-42.474527,49.842563,-12.500034,3.353141,-0.000007,0.000002,0.000000,0.000002,0.035096,8.000111,-7.999995
209.387415,-42.669907,49.799882,-12.500033,3.360200,-0.000006,0.000002,0.000000,-0.000001,0.035490,8.000299,-7.999818
209.587403,-42.864979,49.755815,-12.500032,3.367337,-0.000007,0.000002,0.000000,-0.000002,0.035888,8.000126,-8.000001
209.787391,-43.059730,49.710350,-12.500030,3.374547,-0.000007,0.000002,-0.000001,-0.000001,0.036222,8.000219,-7.999913
209.987379,-43.254147,49.663476,-12.500029,3.381828,-0.000007,0.000002,-0.000002,0.000002,0.036585,8.000278,-7.999863
210.187367,-43.448215,49.615180,-12.500028,3.389177,-0.000006,0.000001,-0.000001,0.000005,0.036911,8.000113,-8.000038
210.387355,-43.641922,49.565454,-12.500026,3.396587,-0.000005,0.000001,-0.000000,0.000004,0.037196,8.000319,-7.999840
210.587343,-43.835253,49.514287,-12.500025,3.404057,-0.000005,0.000001,0.000000,0.000002,0.037504,8.000199,-7.999966
210.787331,-44.028195,49.461673,-12.500024,3.411582,-0.000005,0.000001,0.000000,0.000000,0.037748,8.000194,-7.999975
210.987319,-44.220735,49.407603,-12.500024,3.419155,-0.000005,0.000001,0.000000,-0.000001,0.037988,8.000338,-7.999834
211.187307,-44.412858,49.352073,-12.500023,3.426777,-0.000005,0.000001,0.000000,-0.000000,0.038241,8.000128,-8.000046
211.387294,-44.604551,49.295075,-12.500022,3.434444,-0.000005,0.000001,0.000000,0.000002,0.038434,8.000304,-7.999876
211.587282,-44.795800,49.236605,-12.500021,3.442151,-0.000004,0.000001,0.000000,0.000003,0.038635,8.000274,-7.999909
211.787270,-44.986592,49.176659,-12.500020,3.449895,-0.000003,0.000001,0.000000,0.000003,0.038813,8.000156,-8.000027
211.987258,-45.176913,49.115235,-12.500019,3.457672,-0.000003,0.000001,0.000000,0.000002,0.038964,8.000367,-7.999821
212.187246,-45.366749,49.052329,-12.500019,3.465481,-0.000003,0.000001,0.000000,-0.000001,0.039130,8.000183,-8.000009
212.387234,-45.556088,48.987940,-12.500018,3.473319,-0.000003,0.000001,0.000000,-0.000003,0.039253,8.000262,-7.999929
212.587222,-45.744915,48.922066,-12.500018,3.481182,-0.000004,0.000001,0.000000,-0.000004,0.039378,8.000337,-7.999853
212.787210,-45.933217,48.854708,-12.500017,3.489068,-0.000005,0.000001,0.000000,-0.000002,0.039490,8.000145,-8.000045
212.987198,-46.120982,48.785864,-12.500016,3.496972,-0.000004,0.000001,0.000000,0.000002,0.039558,8.000355,-7.999834
213.187186,-46.308196,48.715538,-12.500015,3.504893,-0.000004,0.000001,0.000000,0.000006,0.039651,8.000235,-7.999953
213.387174,-46.494847,48.643729,-12.500014,3.512829,-0.000002,0.000001,0.000000,0.000006,0.039718,8.000210,-7.999976
213.587162,-46.680921,48.570440,-12.500014,3.520777,-0.000002,0.000001,-0.000000,0.000002,0.039769,8.000373,-7.999813
213.787150,-46.866407,48.495673,-12.500014,3.528738,-0.000002,0.000001,-0.000002,-0.000002,0.039843,8.000152,-8.000034
213.987138,-47.051291,48.419431,-12.500013,3.536709,-0.000002,0.000000,-0.000002,-0.000004,0.039869,8.000320,-7.999864
214.187126,-47.235562,48.341718,-12.500013,3.544686,-0.000003,0.000000,-0.000001,-0.000003,0.039907,8.000302,-7.999878
214.387114,-47.419206,48.262536,-12.500012,3.552670,-0.000003,-0.000000,0.000000,-0.000001,0.039943,8.000158,-8.000018
214.587102,-47.602212,48.181890,-12.500011,3.560658,-0.000003,-0.000000,0.000000,0.000002,0.039940,8.000378,-7.999795
214.787090,-47.784568,48.099784,-12.500011,3.568650,-0.000003,-0.000000,0.000000,0.000004,0.039979,8.000193,-7.999976
214.987078,-47.966261,48.016224,-12.500010,3.576646,-0.000002,0.000000,0.000000,0.000005,0.039991,8.000252,-7.999917
215.187066,-48.147281,47.931213,-12.500010,3.584644,-0.000001,0.000000,0.000000,0.000002,0.039988,8.000346,-7.999820
215.387054,-48.327615,47.844757,-12.500010,3.592643,-0.000001,0.000000,0.000000,-0.000003,0.040015,8.000143,-8.000019
215.587042,-48.507251,47.756860,-12.500010,3.600645,-0.000002,-0.000000,0.000000,-0.000005,0.040006,8.000348,-7.999810
215.787030,-48.686179,47.667530,-12.500009,3.608646,-0.000003,-0.000000,0.000000,-0.000002,0.040008,8.000238,-7.999917
215.987018,-48.864386,47.576770,-12.500009,3.616647,-0.000002,-0.000000,0.000000,0.000003,0.040005,8.000195,-7.999958
216.187006,-49.041861,47.484588,-12.500008,3.624646,-0.000002,-0.000000,0.000000,0.000005,0.039993,8.000369,-7.999779
216.386994,-49.218593,47.390989,-12.500008,3.632647,-0.000001,-0.000000,0.000000,0.000001,0.040020,8.000139,-8.000005
216.586982,-49.394570,47.295979,-12.500008,3.640649,-0.000001,-0.000000,0.000000,-0.000003,0.040005,8.000298,-7.999843
216.786970,-49.569782,47.199564,-12.500007,3.648650,-0.000002,-0.000000,0.000000,-0.000004,0.040005,8.000298,-7.999840
216.986958,-49.744216,47.101750,-12.500007,3.656652,-0.000002,-0.000000,0.000000,-0.000001,0.040023,8.000136,-7.999999
217.186946,-49.917863,47.002543,-12.500007,3.664654,-0.000002,-0.000000,0.000000,0.000003,0.040002,8.000361,-7.999771
217.386934,-50.090709,46.901950,-12.500006,3.672655,-0.000001,-0.000000,0.000000,0.000005,0.040012,8.000186,-7.999943
217.586922,-50.262746,46.799978,-12.500006,3.680657,-0.000000,-0.000000,0.000000,0.000004,0.040009,8.000224,-7.999900
217.786910,-50.433961,46.696632,-12.500006,3.688657,0.000000,-0.000000,-0.000000,0.000001,0.040001,8.000333,-7.999787
217.986898,-50.604344,46.591919,-12.500006,3.696659,-0.000000,-0.000000,0.000000,-0.000002,0.040021,8.000121,-7.999995
218.186886,-50.773883,46.485847,-12.500006,3.704661,-0.000001,-0.000000,0.000000,-0.000004,0.040006,8.000322,-7.999794
218.386874,-50.942568,46.378421,-12.500006,3.712662,-0.000001,-0.000000,0.000000,-0.000003,0.040010,8.000232,-7.999884
218.586862,-51.110389,46.269649,-12.500005,3.720664,-0.000002,-0.000000,0.000000,-0.000001,0.040011,8.000168,-7.999946
218.786850,-51.277333,46.159538,-12.500005,3.728664,-0.000002,-0.000000,0.000000,-0.000000,0.039996,8.000352,-7.999759
218.986838,-51.443392,46.048095,-12.500005,3.736664,-0.000002,-0.000000,0.000000,0.000001,0.040013,8.000131,-7.999977
219.186826,-51.608553,45.935327,-12.500004,3.744665,-0.000001,-0.000000,0.000000,0.000002,0.039997,8.000269,-7.999837
219.386814,-51.772807,45.821241,-12.500004,3.752664,-0.000001,-0.000000,0.000000,0.000003,0.039997,8.000290,-7.999815
219.586802,-51.936143,45.705845,-12.500004,3.760665,-0.000000,-0.000000,0.000000,0.000003,0.040015,8.000118,-7.999986
219.786790,-52.098551,45.589145,-12.500004,3.768665,0.000000,0.000000,-0.000000,0.000002,0.039994,8.000341,-7.999762
219.986778,-52.260020,45.471151,-12.500004,3.776664,0.000000,0.000000,-0.000000,0.000000,0.040007,8.000182,-7.999920
220.186766,-52.420540,45.351868,-12.500004,3.784665,0.000000,0.000000,-0.000000,-0.000001,0.040008,8.000201,-7.999897
220.386754,-52.580100,45.231305,-12.500004,3.792666,0.000000,0.000000,-0.000000,-0.000002,0.039999,8.000325,-7.999771
220.586742,-52.738691,45.109469,-12.500004,3.800666,-0.000000,-0.000000,0.000000,-0.000003,0.040013,8.000110,-7.999984
220.786730,-52.896302,44.986368,-12.500004,3.808667,-0.000001,-0.000000,0.000000,-0.000003,0.039995,8.000301,-7.999790
220.986718,-53.052923,44.862011,-12.500004,3.816666,-0.000001,-0.000000,0.000000,-0.000001,0.040006,8.000230,-7.999859
221.186705,-53.208544,44.736404,-12.500003,3.824668,-0.000001,-0.000000,0.000000,0.000002,0.040012,8.000143,-7.999943
221.386693,-53.363155,44.609556,-12.500003,3.832667,-0.000001,-0.000000,0.000000,0.000003,0.039990,8.000338,-7.999748
221.586681,-53.516747,44.481476,-12.500003,3.840667,-0.000000,-0.000000,0.000000,0.000003,0.040007,8.000129,-7.999957
221.786669,-53.669309,44.352171,-12.500003,3.848667,0.000000,0.000000,-0.000000,0.000002,0.039997,8.000245,-7.999840
221.986657,-53.820832,44.221649,-12.500003,3.856666,0.000000,0.000000,-0.000000,0.000000,0.039997,8.000285,-7.999797
222.186645,-53.971306,44.089920,-12.500003,3.864666,0.000000,0.000000,-0.000000,-0.000001,0.040015,8.000104,-7.999976
222.386633,-54.120721,43.956991,-12.500003,3.872667,-0.000000,-0.000000,0.000000,-0.000002,0.039996,8.000322,-7.999757
222.586621,-54.269068,43.822871,-12.500003,3.880667,-0.000001,-0.000000,0.000000,-0.000003,0.040009,8.000176,-7.999901
222.786609,-54.416337,43.687569,-12.500003,3.888668,-0.000001,-0.000000,0.000000,-0.000003,0.040006,8.000178,-7.999896
222.986597,-54.562519,43.551092,-12.500003,3.896667,-0.000002,-0.000000,0.000000,-0.000000,0.039987,8.000317,-7.999756
223.186585,-54.707604,43.413451,-12.500002,3.904666,-0.000001,-0.000000,0.000000,0.000003,0.040006,8.000099,-7.999971
223.386573,-54.851584,43.274654,-12.500002,3.912665,-0.000001,-0.000000,0.000000,0.000004,0.039993,8.000281,-7.999788
223.586561,-54.994450,43.134709,-12.500002,3.920664,-0.000000,-0.000000,0.000000,0.000003,0.040005,8.000230,-7.999837
223.786549,-55.136191,42.993626,-12.500002,3.928666,0.000000,0.000000,-0.000000,0.000000,0.040016,8.000121,-7.999943
223.986537,-55.276798,42.851413,-12.500002,3.936666,0.000000,0.000000,-0.000000,-0.000002,0.039994,8.000326,-7.999738
224.186525,-55.416264,42.708080,-12.500002,3.944666,-0.000000,-0.000000,0.000000,-0.000003,0.040010,8.000127,-7.999937
224.386513,-55.554578,42.563636,-12.500002,3.952667,-0.000001,-0.000000,0.000000,-0.000003,0.040001,8.000219,-7.999842
224.586501,-55.691732,42.418089,-12.500002,3.960666,-0.000002,-0.000000,0.000000,-0.000001,0.039995,8.000281,-7.999779
224.786489,-55.827718,42.271451,-12.500001,3.968666,-0.000001,-0.000000,0.000000,0.000002,0.040013,8.000093,-7.999965
224.986477,-55.962526,42.123729,-12.500001,3.976667,-0.000001,-0.000000,0.000000,0.000003,0.039996,8.000305,-7.999750
225.186465,-56.096148,41.974933,-12.500001,3.984666,-0.000000,-0.000000,0.000000,0.000002,0.040001,8.000173,-7.999881
225.386453,-56.228576,41.825074,-12.500001,3.992666,0.000000,0.000000,-0.000000,0.000001,0.039998,8.000158,-7.999894
225.586441,-56.359800,41.674159,-12.500001,4.000663,0.000000,0.000000,-0.000000,-0.000000,0.039986,8.000311,-7.999740
225.786429,-56.489814,41.522201,-12.500001,4.008663,0.000000,0.000000,-0.000000,-0.000000,0.040011,8.000090,-7.999960
225.986417,-56.618607,41.369206,-12.500001,4.016663,0.000000,0.000000,-0.000000,-0.000000,0.040000,8.000262,-7.999786
226.186405,-56.746172,41.215187,-12.500001,4.024663,-0.000000,-0.000000,0.000000,-0.000000,0.040005,8.000232,-7.999815
226.386393,-56.872502,41.060152,-12.500001,4.032665,-0.000000,-0.000000,0.000000,0.000000,0.040015,8.000102,-7.999943
226.586381,-56.997586,40.904110,-12.500001,4.040665,-0.000000,-0.000000,0.000000,0.000000,0.039991,8.000316,-7.999727
226.786369,-57.121419,40.747074,-12.500001,4.048664,-0.000000,-0.000000,0.000000,0.000000,0.040005,8.000126,-7.999916
226.986357,-57.243991,40.589052,-12.500001,4.056664,0.000000,0.000000,-0.000000,0.000000,0.040001,8.000196,-7.999845
227.186345,-57.365295,40.430054,-12.500001,4.064663,0.000000,0.000000,-0.000000,0.000000,0.039995,8.000278,-7.999761
227.386333,-57.485323,40.270091,-12.500001,4.072663,0.000000,0.000000,-0.000000,-0.000000,0.040009,8.000081,-7.999957
227.586321,-57.604068,40.109173,-12.500001,4.080663,0.000000,0.000000,-0.000000,-0.000000,0.039991,8.000290,-7.999748
227.786309,-57.721522,39.947310,-12.500001,4.088662,-0.000000,-0.000000,0.000000,-0.000000,0.040005,8.000173,-7.999864
227.986297,-57.837678,39.784513,-12.500001,4.096662,-0.000000,-0.000000,0.000000,-0.000000,0.040007,8.000139,-7.999895
228.186285,-57.952527,39.620792,-12.500001,4.104662,-0.000000,-0.000000,0.000000,0.000000,0.039992,8.000307,-7.999726
228.386273,-58.066063,39.456157,-12.500001,4.112662,0.000000,0.000000,-0.000000,0.000000,0.040011,8.000081,-7.999951
228.586261,-58.178278,39.290619,-12.500001,4.120662,0.000000,0.000000,-0.000000,0.000000,0.039994,8.000245,-7.999785
228.786249,-58.289165,39.124189,-12.500001,4.128661,0.000000,0.000000,-0.000000,0.000000,0.040000,8.000235,-7.999794
228.986237,-58.398717,38.956877,-12.500001,4.136662,0.000000,0.000000,-0.000000,-0.000000,0.040015,8.000082,-7.999947
229.186225,-58.506928,38.788694,-12.500001,4.144662,-0.000000,-0.000000,0.000000,-0.000002,0.039989,8.000306,-7.999721
229.386213,-58.613789,38.619651,-12.500001,4.152660,-0.000001,-0.000000,0.000000,-0.000003,0.040004,8.000126,-7.999900
229.586201,-58.719295,38.449758,-12.500001,4.160660,-0.000001,-0.000000,0.000000,-0.000003,0.040003,8.000174,-7.999851
229.786189,-58.823438,38.279027,-12.500001,4.168660,-0.000001,-0.000000,0.000000,-0.000001,0.039996,8.000276,-7.999747
229.986177,-58.926213,38.107468,-12.500000,4.176660,-0.000001,-0.000000,0.000000,0.000002,0.040013,8.000069,-7.999951
230.186165,-59.027611,37.935093,-12.500000,4.184661,-0.000001,-0.000000,0.000000,0.000003,0.039999,8.000275,-7.999745
230.386153,-59.127627,37.761912,-12.500000,4.192661,-0.000000,-0.000000,0.000000,0.000002,0.040007,8.000172,-7.999847
230.586141,-59.226255,37.587936,-12.500000,4.200662,0.000000,0.000000,-0.000000,0.000001,0.040004,8.000121,-7.999897
230.786129,-59.323487,37.413176,-12.500000,4.208660,0.000000,0.000000,-0.000000,-0.000000,0.039983,8.000301,-7.999716
230.986117,-59.419319,37.237645,-12.500000,4.216659,0.000000,0.000000,-0.000000,-0.000000,0.040009,8.000077,-7.999939
231.186104,-59.513743,37.061353,-12.500000,4.224659,0.000000,0.000000,-0.000000,-0.000000,0.039998,8.000227,-7.999789
231.386092,-59.606754,36.884310,-12.500000,4.232658,-0.000000,-0.000000,0.000000,-0.000000,0.039995,8.000236,-7.999779
231.586080,-59.698346,36.706530,-12.500000,4.240658,-0.000000,-0.000000,0.000000,0.000000,0.040014,8.000071,-7.999944
231.786068,-59.788513,36.528022,-12.500000,4.248659,-0.000000,-0.000000,0.000000,0.000000,0.039996,8.000296,-7.999717
231.986056,-59.877249,36.348799,-12.500000,4.256658,-0.000000,-0.000000,0.000000,0.000000,0.040006,8.000128,-7.999884
232.186044,-59.964548,36.168872,-12.500000,4.264658,0.000000,0.000000,-0.000000,0.000000,0.040001,8.000158,-7.999852
232.386032,-60.050405,35.988252,-12.500000,4.272657,0.000000,0.000000,-0.000000,-0.000000,0.039986,8.000275,-7.999735
232.586020,-60.134815,35.806951,-12.500000,4.280655,0.000000,0.000000,-0.000000,-0.000000,0.040006,8.000065,-7.999943
232.786008,-60.217771,35.624981,-12.500000,4.288655,0.000000,0.000000,-0.000000,-0.000000,0.039996,8.000261,-7.999746
232.985996,-60.299270,35.442353,-12.500000,4.296655,-0.000000,-0.000000,0.000000,-0.000000,0.040007,8.000179,-7.999827
233.185984,-60.379305,35.259079,-12.500000,4.304656,-0.000000,-0.000000,0.000000,0.000000,0.040011,8.000106,-7.999902
233.385972,-60.457870,35.075170,-12.500000,4.312656,-0.000000,-0.000000,0.000000,0.000000,0.039992,8.000296,-7.999711
233.585960,-60.534963,34.890639,-12.500000,4.320656,-0.000000,-0.000000,0.000000,0.000000,0.040012,8.000081,-7.999925
233.785948,-60.610576,34.705497,-12.500000,4.328656,0.000000,0.000000,-0.000000,0.000000,0.039998,8.000210,-7.999795
233.985936,-60.684706,34.519756,-12.500000,4.336655,0.000000,0.000000,-0.000000,-0.000000,0.039991,8.000239,-7.999764
234.185924,-60.757348,34.333428,-12.500000,4.344654,0.000000,0.000000,-0.000000,-0.000000,0.040010,8.000065,-7.999939
234.385912,-60.828497,34.146525,-12.500000,4.352654,0.000000,0.000000,-0.000000,-0.000000,0.039992,8.000285,-7.999717
234.585900,-60.898148,33.959058,-12.500000,4.360653,-0.000000,-0.000000,0.000000,-0.000000,0.040001,8.000132,-7.999870
234.785888,-60.966298,33.771041,-12.500000,4.368653,-0.000000,-0.000000,0.000000,0.000000,0.040001,8.000146,-7.999856
234.985876,-61.032942,33.582484,-12.500000,4.376652,-0.000000,-0.000000,0.000000,0.000000,0.039994,8.000277,-7.999725
235.185864,-61.098075,33.393400,-12.500000,4.384652,0.000000,-0.000000,-0.000000,0.000000,0.040011,8.000061,-7.999941
235.385852,-61.161693,33.203802,-12.500000,4.392652,0.000000,0.000000,-0.000000,0.000000,0.039994,8.000249,-7.999751
235.585840,-61.223793,33.013700,-12.500000,4.400651,0.000000,0.000000,-0.000000,-0.000000,0.040004,8.000188,-7.999811
235.785828,-61.284370,32.823108,-12.500000,4.408652,0.000000,0.000000,-0.000000,-0.000000,0.040012,8.000092,-7.999904
235.985816,-61.343420,32.632037,-12.500000,4.416652,-0.000000,0.000000,0.000000,-0.000000,0.039991,8.000292,-7.999705
236.185804,-61.400939,32.440500,-12.500000,4.424651,-0.000000,0.000000,0.000000,-0.000000,0.040007,8.000087,-7.999911
236.385792,-61.456925,32.248509,-12.500000,4.432651,-0.000000,-0.000000,0.000000,0.000000,0.039995,8.000193,-7.999805
236.585780,-61.511373,32.056076,-12.500000,4.440649,-0.000000,-0.000000,0.000000,0.000000,0.039992,8.000243,-7.999754
236.785768,-61.564281,31.863214,-12.500000,4.448649,0.000000,-0.000000,-0.000000,0.000000,0.040011,8.000060,-7.999936
236.985756,-61.615643,31.669935,-12.500000,4.456649,0.000000,-0.000000,-0.000000,-0.000000,0.039994,8.000276,-7.999720
237.185744,-61.665458,31.476251,-12.500000,4.464649,0.000000,-0.000000,-0.000000,-0.000000,0.040007,8.000137,-7.999859
237.385732,-61.713722,31.282174,-12.500000,4.472649,0.000000,-0.000000,-0.000000,-0.000000,0.040003,8.000133,-7.999863
237.585720,-61.760431,31.087718,-12.500000,4.480648,-0.000000,-0.000000,0.000000,-0.000000,0.039984,8.000279,-7.999717
237.785708,-61.805584,30.892895,-12.500000,4.488646,-0.000000,-0.000000,0.000000,0.000000,0.040006,8.000060,-7.999935
237.985696,-61.849177,30.697716,-12.500000,4.496646,-0.000000,-0.000000,0.000000,0.000000,0.039994,8.000239,-7.999756
238.185684,-61.891207,30.502195,-12.500000,4.504645,-0.000000,-0.000000,0.000000,0.000000,0.040003,8.000197,-7.999796
238.385672,-61.931672,30.306344,-12.500000,4.512646,0.000000,-0.000000,-0.000000,0.000000,0.040013,8.000079,-7.999914
238.585660,-61.970569,30.110176,-12.500000,4.520646,0.000000,0.000000,-0.000000,-0.000000,0.039989,8.000288,-7.999704
238.785648,-62.007895,29.913703,-12.500000,4.528645,0.000000,0.000000,-0.000000,-0.000000,0.040008,8.000094,-7.999898
238.985636,-62.043648,29.716937,-12.500000,4.536646,-0.000000,-0.000000,0.000000,-0.000000,0.040002,8.000177,-7.999815
239.185624,-62.077826,29.519892,-12.500000,4.544644,-0.000000,-0.000000,0.000000,-0.000000,0.039990,8.000249,-7.999743
239.385612,-62.110427,29.322580,-12.500000,4.552644,-0.000000,-0.000000,0.000000,0.000000,0.040009,8.000057,-7.999935
239.585600,-62.141448,29.125013,-12.500000,4.560644,-0.000000,-0.000000,0.000000,0.000000,0.039996,8.000270,-7.999722
239.785588,-62.170888,28.927204,-12.500000,4.568644,-0.000000,-0.000000,0.000000,0.000000,0.040006,8.000146,-7.999846
239.985576,-62.198745,28.729166,-12.500000,4.576644,0.000000,0.000000,-0.000000,0.000000,0.040005,8.000122,-7.999870
240.185564,-62.225016,28.530912,-12.500000,4.584643,0.000000,0.000000,-0.000000,0.000000,0.039989,8.000282,-7.999709
240.385552,-62.249700,28.332454,-12.500000,4.592643,0.000000,0.000000,-0.000000,-0.000000,0.040010,8.000059,-7.999931
240.585540,-62.272797,28.133804,-12.500000,4.600643,0.000000,0.000000,-0.000000,-0.000000,0.039993,8.000228,-7.999762
240.785528,-62.294303,27.934977,-12.500000,4.608641,0.000000,-0.000000,-0.000000,-0.000000,0.039993,8.000207,-7.999783
240.985515,-62.314218,27.735983,-12.500000,4.616641,-0.000000,-0.000000,0.000000,-0.000000,0.040011,8.000067,-7.999923
241.185503,-62.332541,27.536837,-12.500000,4.624641,-0.000000,-0.000000,0.000000,-0.000000,0.039995,8.000287,-7.999703
241.385491,-62.349270,27.337550,-12.500000,4.632640,-0.000000,-0.000000,0.000000,0.000000,0.040007,8.000102,-7.999888
241.585479,-62.364404,27.138137,-12.500000,4.640641,0.000000,0.000000,-0.000000,0.000000,0.040000,8.000163,-7.999825
241.785467,-62.377943,26.938608,-12.500000,4.648639,0.000000,0.000000,-0.000000,0.000000,0.039989,8.000255,-7.999733
241.985455,-62.389885,26.738977,-12.500000,4.656638,0.000000,0.000000,-0.000000,0.000000,0.040008,8.000053,-7.999935
242.185443,-62.400230,26.539258,-12.500000,4.664638,0.000000,0.000000,-0.000000,-0.000000,0.039996,8.000261,-7.999727
242.385431,-62.408977,26.339462,-12.500000,4.672638,0.000000,0.000000,-0.000000,-0.000000,0.040007,8.000150,-7.999838
242.585419,-62.416125,26.139602,-12.500000,4.680639,0.000000,-0.000000,-0.000000,-0.000000,0.040007,8.000110,-7.999878
242.785407,-62.421674,25.939691,-12.500000,4.688638,-0.000000,-0.000000,0.000000,-0.000000,0.039990,8.000284,-7.999704
242.985395,-62.425624,25.739743,-12.500000,4.696637,-0.000000,-0.000000,0.000000,0.000000,0.040007,8.000057,-7.999931
243.185383,-62.427974,25.539769,-12.500000,4.704637,-0.000000,-0.000000,0.000000,0.000000,0.039990,8.000218,-7.999770
243.385371,-62.428725,25.339783,-12.500000,4.712635,-0.000000,0.000000,0.000000,0.000000,0.039999,8.000218,-7.999770
243.585359,-62.427875,25.139798,-12.500000,4.720636,0.000000,0.000000,-0.000000,0.000000,0.040018,8.000057,-7.999931
243.785347,-62.425426,24.939825,-12.500000,4.728637,0.000000,0.000000,-0.000000,-0.000000,0.039992,8.000285,-7.999702
243.985335,-62.421377,24.739879,-12.500000,4.736636,-0.000000,-0.000000,0.000000,-0.000000,0.040002,8.000109,-7.999877
244.185323,-62.415729,24.539971,-12.500000,4.744636,-0.000000,-0.000000,0.000000,-0.000000,0.040000,8.000151,-7.999836
244.385311,-62.408482,24.340115,-12.500000,4.752634,-0.000000,-0.000000,0.000000,0.000000,0.039992,8.000259,-7.999726
244.585299,-62.399636,24.140323,-12.500000,4.760634,0.000000,0.000000,-0.000000,0.000000,0.040009,8.000050,-7.999934
244.785287,-62.389192,23.940609,-12.500000,4.768634,0.000000,0.000000,-0.000000,0.000000,0.039994,8.000253,-7.999732
244.985275,-62.377152,23.740984,-12.500000,4.776633,0.000000,0.000000,-0.000000,0.000000,0.040007,8.000161,-7.999825
245.185263,-62.363514,23.541462,-12.500000,4.784634,0.000000,0.000000,-0.000000,-0.000000,0.040009,8.000100,-7.999884
245.385251,-62.348281,23.342056,-12.500000,4.792634,0.000000,0.000000,-0.000000,-0.000000,0.039989,8.000284,-7.999700
245.585239,-62.331453,23.142777,-12.500000,4.800633,-0.000000,-0.000000,0.000000,-0.000000,0.040012,8.000064,-7.999920
245.785227,-62.313031,22.943640,-12.500000,4.808634,-0.000000,-0.000000,0.000000,-0.000000,0.039998,8.000205,-7.999779
245.985215,-62.293017,22.744657,-12.500000,4.816632,-0.000000,-0.000000,0.000000,0.000000,0.039992,8.000224,-7.999760
246.185203,-62.271412,22.545840,-12.500000,4.824632,-0.000000,-0.000000,0.000000,0.000000,0.040008,8.000055,-7.999929
246.385191,-62.248217,22.347202,-12.500000,4.832631,-0.000000,-0.000000,0.000000,0.000000,0.039990,8.000279,-7.999705
246.585179,-62.223435,22.148756,-12.500000,4.840631,0.000000,0.000000,-0.000000,0.000000,0.040008,8.000118,-7.999866
246.785167,-62.197065,21.950515,-12.500000,4.848632,0.000000,0.000000,-0.000000,0.000000,0.040007,8.000141,-7.999843
246.985155,-62.169110,21.752491,-12.500000,4.856631,0.000000,0.000000,-0.000000,-0.000000,0.039989,8.000264,-7.999720
247.185143,-62.139572,21.554697,-12.500000,4.864630,0.000000,0.000000,-0.000000,-0.000000,0.040007,8.000050,-7.999932
247.385131,-62.108453,21.357145,-12.500000,4.872629,0.000000,0.000000,-0.000000,-0.000000,0.039993,8.000244,-7.999738
247.585119,-62.075754,21.159849,-12.500000,4.880628,-0.000000,-0.000000,0.000000,-0.000000,0.040000,8.000172,-7.999810
247.785107,-62.041479,20.962821,-12.500000,4.888628,-0.000000,-0.000000,0.000000,-0.000000,0.040006,8.000089,-7.999893
247.985095,-62.005628,20.766073,-12.500000,4.896627,-0.000000,-0.000000,0.000000,-0.000000,0.039989,8.000283,-7.999699
248.185083,-61.968205,20.569618,-12.500000,4.904627,-0.000000,-0.000000,0.000000,0.000000,0.040011,8.000073,-7.999909
248.385071,-61.929211,20.373469,-12.500000,4.912628,-0.000000,-0.000000,0.000000,0.000000,0.040000,8.000192,-7.999790
248.585059,-61.888649,20.177638,-12.500000,4.920626,-0.000000,-0.000000,0.000000,0.000000,0.039994,8.000231,-7.999751
248.785047,-61.846522,19.982138,-12.500000,4.928627,-0.000000,-0.000000,0.000000,0.000000,0.040013,8.000053,-7.999929
248.985035,-61.802833,19.786981,-12.500000,4.936627,-0.000000,-0.000000,0.000000,0.000000,0.039996,8.000272,-7.999710
249.185023,-61.757583,19.592180,-12.500000,4.944627,-0.000000,-0.000000,0.000000,-0.000000,0.040005,8.000126,-7.999856
249.385011,-61.710777,19.397747,-12.500000,4.952627,-0.000000,-0.000000,0.000000,-0.000000,0.040001,8.000131,-7.999851
249.584999,-61.662417,19.203695,-12.500000,4.960625,-0.000000,-0.000000,0.000000,-0.000000,0.039988,8.000269,-7.999713
249.784987,-61.612506,19.010036,-12.500000,4.968624,-0.000000,-0.000000,0.000000,0.000000,0.040007,8.000052,-7.999930
249.984975,-61.561048,18.816782,-12.500000,4.976623,-0.000000,0.000000,0.000000,0.000000,0.039990,8.000236,-7.999746
250.184963,-61.508045,18.623946,-12.500000,4.984621,0.000000,0.000000,-0.000000,0.000000,0.039995,8.000184,-7.999798
250.384951,-61.453502,18.431540,-12.500000,4.992621,0.000000,0.000000,-0.000000,-0.000000,0.040011,8.000079,-7.999903
250.584939,-61.397422,18.239577,-12.500000,5.000622,-0.000000,0.000000,0.000000,-0.000000,0.040000,8.000284,-7.999698
250.784926,-61.339807,18.048068,-12.500000,5.008623,-0.000000,-0.000000,0.000000,-0.000000,0.040011,8.000084,-7.999898
250.984914,-61.280662,17.857027,-12.500000,5.016623,-0.000000,-0.000000,0.000000,0.000000,0.039998,8.000179,-7.999801
251.184902,-61.219991,17.666464,-12.500000,5.024622,-0.000000,0.000000,0.000000,0.000000,0.039995,8.000238,-7.999742
251.384890,-61.157797,17.476394,-12.500000,5.032622,-0.000000,0.000000,0.000000,0.000000,0.040011,8.000051,-7.999929
251.584878,-61.094085,17.286826,-12.500000,5.040622,-0.000000,-0.000000,0.000000,-0.000000,0.039990,8.000267,-7.999714
251.784866,-61.028858,17.097775,-12.500000,5.048620,-0.000000,-0.000000,0.000000,-0.000000,0.040000,8.000135,-7.999847
251.984854,-60.962121,16.909251,-12.500000,5.056620,-0.000000,0.000000,0.000000,0.000000,0.040002,8.000122,-7.999860
252.184842,-60.893878,16.721267,-12.500000,5.064619,0.000000,0.000000,-0.000000,0.000000,0.039993,8.000273,-7.999709
252.384830,-60.824134,16.533836,-12.500000,5.072619,0.000000,0.000000,-0.000000,-0.000000,0.040010,8.000053,-7.999929
252.584818,-60.752893,16.346968,-12.500000,5.080618,0.000000,0.000000,-0.000000,-0.000000,0.039991,8.000228,-7.999754
252.784806,-60.680159,16.160675,-12.500000,5.088617,-0.000000,0.000000,0.000000,-0.000000,0.039998,8.000196,-7.999785
252.984794,-60.605937,15.974971,-12.500000,5.096618,-0.000000,0.000000,0.000000,0.000000,0.040012,8.000069,-7.999911
253.184782,-60.530232,15.789867,-12.500000,5.104617,0.000000,0.000000,-0.000000,0.000000,0.039992,8.000282,-7.999697
253.384770,-60.453048,15.605373,-12.500000,5.112617,0.000000,0.000000,-0.000000,0.000000,0.040006,8.000092,-7.999888
253.584758,-60.374392,15.421504,-12.500000,5.120617,0.000000,0.000000,-0.000000,0.000000,0.040000,8.000166,-7.999814
253.784746,-60.294266,15.238269,-12.500000,5.128616,0.000000,0.000000,-0.000000,-0.000000,0.039992,8.000247,-7.999734
253.984734,-60.212678,15.055681,-12.500000,5.136615,0.000000,0.000000,-0.000000,-0.000000,0.040010,8.000051,-7.999931
254.184722,-60.129632,14.873752,-12.500000,5.144615,0.000000,0.000000,-0.000000,-0.000000,0.039995,8.000262,-7.999720
254.384710,-60.045132,14.692493,-12.500000,5.152615,-0.000000,-0.000000,0.000000,-0.000000,0.040009,8.000143,-7.999839
254.584698,-59.959186,14.511915,-12.500000,5.160616,-0.000000,-0.000000,0.000000,-0.000000,0.040007,8.000112,-7.999870
254.784686,-59.871797,14.332032,-12.500000,5.168615,-0.000000,-0.000000,0.000000,-0.000000,0.039984,8.000279,-7.999703
254.984674,-59.782973,14.152852,-12.500000,5.176613,-0.000000,-0.000000,0.000000,-0.000000,0.040003,8.000054,-7.999928
255.184662,-59.692718,13.974389,-12.500000,5.184612,-0.000000,-0.000000,0.000000,-0.000000,0.039990,8.000220,-7.999762
255.384650,-59.601039,13.796654,-12.500000,5.192611,-0.000000,-0.000000,0.000000,-0.000000,0.040000,8.000208,-7.999774
255.584638,-59.507941,13.619657,-12.500000,5.200612,-0.000000,-0.000000,0.000000,0.000000,0.040018,8.000059,-7.999923
255.784626,-59.413429,13.443412,-12.500000,5.208613,-0.000000,-0.000000,0.000000,0.000000,0.039996,8.000283,-7.999699
255.984614,-59.317511,13.267928,-12.500000,5.216613,-0.000000,0.000000,0.000000,0.000000,0.040009,8.000102,-7.999880
256.184602,-59.220192,13.093217,-12.500000,5.224613,0.000000,0.000000,-0.000000,0.000000,0.040002,8.000154,-7.999828
256.384590,-59.121478,12.919290,-12.500000,5.232611,0.000000,0.000000,-0.000000,0.000000,0.039981,8.000254,-7.999728
256.584578,-59.021377,12.746158,-12.500000,5.240609,0.000000,0.000000,-0.000000,0.000000,0.040005,8.000048,-7.999932
256.784566,-58.919894,12.573832,-12.500000,5.248609,0.000000,0.000000,-0.000000,-0.000000,0.039999,8.000255,-7.999725
256.984554,-58.817035,12.402324,-12.500000,5.256609,0.000000,0.000000,-0.000000,-0.000000,0.040005,8.000151,-7.999829
257.184542,-58.712808,12.231644,-12.500000,5.264610,0.000000,0.000000,-0.000000,-0.000000,0.040005,8.000102,-7.999877
257.384530,-58.607218,12.061803,-12.500000,5.272609,0.000000,0.000000,-0.000000,-0.000000,0.039993,8.000281,-7.999699
257.584518,-58.500274,11.892812,-12.500000,5.280609,0.000000,0.000000,-0.000000,0.000000,0.040013,8.000056,-7.999926
257.784506,-58.391980,11.724683,-12.500000,5.288609,0.000000,0.000000,-0.000000,-0.000000,0.039995,8.000211,-7.999771
257.984494,-58.282346,11.557425,-12.500000,5.296608,0.000000,0.000000,-0.000000,-0.000000,0.039994,8.000218,-7.999764
258.184482,-58.171377,11.391049,-12.500000,5.304608,-0.000000,-0.000000,0.000000,-0.000000,0.040013,8.000053,-7.999927
258.384470,-58.059080,11.225567,-12.500000,5.312608,-0.000000,-0.000000,0.000000,-0.000000,0.039992,8.000280,-7.999700
258.584458,-57.945463,11.060988,-12.500000,5.320607,-0.000000,-0.000000,0.000000,0.000000,0.040002,8.000111,-7.999869
258.784446,-57.830534,10.897323,-12.500000,5.328607,-0.000000,-0.000000,0.000000,0.000000,0.040001,8.000144,-7.999836
258.984434,-57.714299,10.734583,-12.500000,5.336606,0.000000,0.000000,-0.000000,0.000000,0.039994,8.000260,-7.999720
259.184422,-57.596765,10.572778,-12.500000,5.344606,0.000000,0.000000,-0.000000,0.000000,0.040009,8.000050,-7.999930
259.384410,-57.477942,10.411918,-12.500000,5.352605,0.000000,0.000000,-0.000000,-0.000000,0.039990,8.000247,-7.999733
259.584398,-57.357835,10.252014,-12.500000,5.360604,0.000000,0.000000,-0.000000,-0.000000,0.040000,8.000163,-7.999817
259.784386,-57.236453,10.093075,-12.500000,5.368604,-0.000000,-0.000000,0.000000,-0.000000,0.040008,8.000092,-7.999886
259.984374,-57.113803,9.935113,-12.500000,5.376604,-0.000000,-0.000000,0.000000,-0.000000,0.039995,8.000281,-7.999696
260.184362,-56.989894,9.778137,-12.500000,5.384604,-0.000000,-0.000000,0.000000,0.000000,0.040011,8.000066,-7.999912
260.384350,-56.864733,9.622158,-12.500000,5.392604,-0.000000,-0.000000,0.000000,0.000000,0.039997,8.000198,-7.999782
260.584337,-56.738328,9.467184,-12.500000,5.400603,-0.000000,-0.000000,0.000000,0.000000,0.039999,8.000226,-7.999754
260.784325,-56.610687,9.313227,-12.500000,5.408604,-0.000000,-0.000000,0.000000,-0.000000,0.040011,8.000053,-7.999928
260.984313,-56.481819,9.160296,-12.500000,5.416603,-0.000000,-0.000000,0.000000,-0.000000,0.039984,8.000273,-7.999705
261.184301,-56.351731,9.008400,-12.500000,5.424601,-0.000000,-0.000000,0.000000,-0.000000,0.040004,8.000118,-7.999860
261.384289,-56.220433,8.857550,-12.500000,5.432602,-0.000000,-0.000000,0.000000,0.000000,0.040006,8.000135,-7.999845
261.584277,-56.087932,8.707755,-12.500000,5.440601,-0.000000,-0.000000,0.000000,0.000000,0.039992,8.000265,-7.999715
261.784265,-55.954237,8.559025,-12.500000,5.448601,0.000000,-0.000000,-0.000000,0.000000,0.040007,8.000051,-7.999929
261.984253,-55.819357,8.411369,-12.500000,5.456600,0.000000,0.000000,-0.000000,0.000000,0.039990,8.000240,-7.999740
262.184241,-55.683300,8.264797,-12.500000,5.464598,0.000000,0.000000,-0.000000,-0.000000,0.039998,8.000176,-7.999803
262.384229,-55.546075,8.119317,-12.500000,5.472598,0.000000,0.000000,-0.000000,-0.000000,0.040009,8.000083,-7.999895
262.584217,-55.407690,7.974941,-12.500000,5.480598,-0.000000,-0.000000,0.000000,-0.000000,0.039995,8.000282,-7.999696
262.784205,-55.268155,7.831675,-12.500000,5.488599,-0.000000,-0.000000,0.000000,-0.000000,0.040015,8.000076,-7.999902
262.984193,-55.127478,7.689531,-12.500000,5.496600,-0.000000,-0.000000,0.000000,0.000000,0.040003,8.000185,-7.999793
263.184181,-54.985669,7.548517,-12.500000,5.504599,-0.000000,-0.000000,0.000000,0.000000,0.039992,8.000233,-7.999746
263.384169,-54.842736,7.408641,-12.500000,5.512598,0.000000,0.000000,-0.000000,0.000000,0.040003,8.000051,-7.999929
263.584157,-54.698688,7.269914,-12.500000,5.520596,0.000000,0.000000,-0.000000,0.000000,0.039983,8.000268,-7.999711
263.784145,-54.553536,7.132343,-12.500000,5.528594,0.000000,0.000000,-0.000000,0.000000,0.040007,8.000128,-7.999850
263.984133,-54.407288,6.995937,-12.500000,5.536596,0.000000,0.000000,-0.000000,-0.000000,0.040011,8.000127,-7.999853
264.184121,-54.259953,6.860706,-12.500000,5.544596,0.000000,0.000000,-0.000000,-0.000000,0.039994,8.000270,-7.999709
264.384109,-54.111542,6.726658,-12.500000,5.552596,-0.000000,-0.000000,0.000000,-0.000000,0.040011,8.000051,-7.999927
264.584097,-53.962062,6.593801,-12.500000,5.560595,-0.000000,-0.000000,0.000000,-0.000000,0.039993,8.000232,-7.999748
264.784085,-53.811525,6.462145,-12.500000,5.568594,-0.000000,-0.000000,0.000000,-0.000000,0.039995,8.000189,-7.999791
264.984073,-53.659939,6.331696,-12.500000,5.576593,-0.000000,-0.000000,0.000000,0.000000,0.040007,8.000075,-7.999905
265.184061,-53.507315,6.202465,-12.500000,5.584593,-0.000000,-0.000000,0.000000,0.000000,0.039992,8.000283,-7.999696
265.384049,-53.353661,6.074458,-12.500000,5.592593,0.000000,0.000000,-0.000000,0.000000,0.040012,8.000086,-7.999892
265.584037,-53.198989,5.947685,-12.500000,5.600594,0.000000,0.000000,-0.000000,0.000000,0.040003,8.000172,-7.999806
265.784025,-53.043307,5.822153,-12.500000,5.608592,0.000000,0.000000,-0.000000,0.000000,0.039985,8.000240,-7.999738
265.984013,-52.886627,5.697871,-12.500000,5.616591,0.000000,0.000000,-0.000000,-0.000000,0.040005,8.000049,-7.999929
266.184001,-52.728957,5.574846,-12.500000,5.624590,0.000000,0.000000,-0.000000,-0.000000,0.039995,8.000262,-7.999716
266.383989,-52.570308,5.453086,-12.500000,5.632590,-0.000000,-0.000000,0.000000,-0.000000,0.040009,8.000136,-7.999842
266.583977,-52.410690,5.332599,-12.500000,5.640591,-0.000000,-0.000000,0.000000,-0.000000,0.040008,8.000117,-7.999861
266.783965,-52.250113,5.213393,-12.500000,5.648591,-0.000000,-0.000000,0.000000,-0.000000,0.039993,8.000275,-7.999703
266.983953,-52.088588,5.095475,-12.500000,5.656591,-0.000000,-0.000000,0.000000,0.000000,0.040009,8.000051,-7.999927
267.183941,-51.926124,4.978854,-12.500000,5.664590,-0.000000,-0.000000,0.000000,0.000000,0.039988,8.000223,-7.999757
267.383929,-51.762734,4.863535,-12.500000,5.672587,0.000000,0.000000,-0.000000,0.000000,0.039992,8.000200,-7.999780
267.583917,-51.598425,4.749527,-12.500000,5.680587,0.000000,0.000000,-0.000000,0.000000,0.040012,8.000064,-7.999916
267.783905,-51.433210,4.636837,-12.500000,5.688588,0.000000,0.000000,-0.000000,-0.000000,0.039998,8.000282,-7.999698
267.983893,-51.267099,4.525473,-12.500000,5.696588,0.000000,0.000000,-0.000000,-0.000000,0.040007,8.000095,-7.999884
268.183881,-51.100102,4.415441,-12.500000,5.704588,0.000000,0.000000,-0.000000,0.000000,0.039997,8.000160,-7.999818
268.383869,-50.932231,4.306748,-12.500000,5.712586,0.000000,0.000000,-0.000000,0.000000,0.039989,8.000249,-7.999729
268.583857,-50.763495,4.199401,-12.500000,5.720585,0.000000,0.000000,-0.000000,0.000000,0.040008,8.000049,-7.999929
268.783845,-50.593906,4.093408,-12.500000,5.728585,0.000000,0.000000,-0.000000,-0.000000,0.039996,8.000257,-7.999721
268.983833,-50.423475,3.988775,-12.500000,5.736585,0.000000,0.000000,-0.000000,-0.000000,0.040009,8.000145,-7.999833
269.183821,-50.252212,3.885508,-12.500000,5.744586,-0.000000,-0.000000,0.000000,-0.000000,0.040009,8.000107,-7.999871
269.383809,-50.080128,3.783616,-12.500000,5.752586,-0.000000,-0.000000,0.000000,-0.000000,0.039993,8.000280,-7.999699
269.583797,-49.907235,3.683103,-12.500000,5.760586,-0.000000,-0.000000,0.000000,-0.000000,0.040011,8.000052,-7.999928
269.783785,-49.733543,3.583976,-12.500000,5.768586,-0.000000,-0.000000,0.000000,-0.000000,0.039993,8.000213,-7.999765
269.983773,-49.559063,3.486242,-12.500000,5.776585,-0.000000,-0.000000,0.000000,0.000000,0.039999,8.000210,-7.999768
270.183761,-49.383808,3.389907,-12.500000,5.784586,-0.000000,-0.000000,0.000000,0.000000,0.040014,8.000051,-7.999927
270.383748,-49.207787,3.294977,-12.500000,5.792585,0.000000,0.000000,-0.000000,0.000000,0.039988,8.000279,-7.999699
270.583736,-49.031013,3.201458,-12.500000,5.800584,0.000000,0.000000,-0.000000,0.000000,0.040005,8.000102,-7.999876
270.783724,-48.853496,3.109356,-12.500000,5.808584,0.000000,0.000000,-0.000000,-0.000000,0.040005,8.000146,-7.999833
270.983712,-48.675248,3.018678,-12.500000,5.816584,0.000000,0.000000,-0.000000,-0.000000,0.039992,8.000254,-7.999726
271.183700,-48.496280,2.929428,-12.500000,5.824583,-0.000000,-0.000000,0.000000,-0.000000,0.040005,8.000047,-7.999933
271.383688,-48.316604,2.841612,-12.500000,5.832581,-0.000000,-0.000000,0.000000,-0.000000,0.039986,8.000247,-7.999731
271.583676,-48.136232,2.755236,-12.500000,5.840578,-0.000000,-0.000000,0.000000,0.000000,0.039988,8.000150,-7.999828
271.783664,-47.955175,2.670305,-12.500000,5.848575,-0.000000,-0.000000,0.000000,0.000000,0.039979,8.000094,-7.999884
271.983652,-47.773444,2.586825,-12.500000,5.856567,0.000000,0.000000,-0.000000,0.000000,0.039948,8.000276,-7.999702
272.183640,-47.591052,2.504799,-12.500000,5.864557,0.000000,0.000000,-0.000000,0.000000,0.039958,8.000053,-7.999925
272.383628,-47.408011,2.424233,-12.500000,5.872545,0.000000,0.000000,-0.000000,-0.000000,0.039926,8.000196,-7.999781
272.583616,-47.224332,2.345131,-12.500000,5.880526,0.000000,0.000000,-0.000000,-0.000000,0.039887,8.000210,-7.999765
272.783604,-47.040029,2.267497,-12.500000,5.888501,0.000000,-0.000000,-0.000000,-0.000000,0.039868,8.000041,-7.999933
272.983592,-46.855112,2.191335,-12.500000,5.896468,-0.000000,-0.000000,0.000000,-0.000000,0.039806,8.000263,-7.999711
273.183580,-46.669594,2.116647,-12.500000,5.904425,0.000000,0.000000,-0.000000,0.000000,0.039768,8.000100,-7.999874
273.383568,-46.483489,2.043437,-12.500000,5.912372,0.000000,0.000000,-0.000000,0.000000,0.039713,8.000125,-7.999846
273.583556,-46.296808,1.971707,-12.500000,5.920306,0.000000,0.000000,-0.000000,0.000000,0.039632,8.000243,-7.999726
273.783544,-46.109564,1.901459,-12.500000,5.928226,0.000000,0.000000,-0.000000,-0.000000,0.039568,8.000031,-7.999936
273.983532,-45.921770,1.832695,-12.500000,5.936129,0.000000,0.000000,-0.000000,-0.000000,0.039463,8.000221,-7.999744
274.183520,-45.733440,1.765415,-12.500000,5.944010,-0.000000,-0.000000,0.000000,-0.000000,0.039355,8.000143,-7.999820
274.383508,-45.544585,1.699619,-12.500000,5.951869,-0.000000,-0.000000,0.000000,-0.000000,0.039242,8.000064,-7.999897
274.583496,-45.355221,1.635307,-12.500000,5.959701,-0.000000,-0.000000,0.000000,-0.000000,0.039086,8.000250,-7.999707
274.783484,-45.165359,1.572478,-12.500000,5.967506,-0.000000,-0.000000,0.000000,0.000000,0.038968,8.000040,-7.999913
274.983472,-44.975014,1.511130,-12.500000,5.975284,-0.000000,-0.000000,0.000000,0.000000,0.038808,8.000158,-7.999792
275.183460,-44.784198,1.451260,-12.500000,5.983024,-0.000000,-0.000000,0.000000,0.000000,0.038602,8.000187,-7.999758
275.383448,-44.592926,1.392866,-12.500000,5.990727,0.000000,0.000000,-0.000000,0.000000,0.038435,8.000014,-7.999926
275.583436,-44.401210,1.335943,-12.500000,5.998392,0.000000,0.000000,-0.000000,0.000000,0.038219,8.000221,-7.999714
275.783424,-44.209065,1.280487,-12.500000,6.006012,0.000000,0.000000,-0.000000,0.000000,0.037980,8.000074,-7.999857
275.983412,-44.016505,1.226492,-12.500000,6.013583,0.000000,0.000000,-0.000000,-0.000000,0.037742,8.000080,-7.999846
276.183400,-43.823542,1.173952,-12.500000,6.021102,0.000000,0.000000,-0.000000,-0.000000,0.037454,8.000202,-7.999719
276.383388,-43.630192,1.122859,-12.500000,6.028566,0.000000,0.000000,-0.000000,-0.000000,0.037190,7.999998,-7.999918
276.583376,-43.436466,1.073205,-12.500000,6.035974,-0.000000,-0.000000,0.000000,-0.000000,0.036889,8.000167,-7.999744
276.783364,-43.242380,1.024981,-12.500000,6.043318,-0.000000,-0.000000,0.000000,-0.000000,0.036558,8.000108,-7.999797
276.983352,-43.047947,0.978178,-12.500000,6.050597,-0.000000,-0.000000,0.000000,0.000000,0.036238,8.000014,-7.999883
277.183340,-42.853179,0.932784,-12.500000,6.057806,-0.000000,-0.000000,0.000000,0.000000,0.035848,8.000191,-7.999700
277.383328,-42.658091,0.888788,-12.500000,6.064937,-0.000000,-0.000000,0.000000,0.000000,0.035475,8.000004,-7.999880
277.583316,-42.462695,0.846178,-12.500000,6.071994,0.000000,0.000000,-0.000000,0.000000,0.035093,8.000092,-7.999787
277.783304,-42.267006,0.804939,-12.500000,6.078967,0.000000,0.000000,-0.000000,0.000000,0.034644,8.000131,-7.999740
277.983292,-42.071035,0.765057,-12.500000,6.085855,0.000000,0.000000,-0.000000,0.000000,0.034237,7.999968,-7.999896
278.183280,-41.874796,0.726517,-12.500000,6.092656,0.000000,0.000000,-0.000000,-0.000000,0.033776,8.000149,-7.999711
278.383268,-41.678301,0.689304,-12.500000,6.099361,0.000000,0.000000,-0.000000,-0.000000,0.033286,8.000028,-7.999826
278.583256,-41.481563,0.653400,-12.500000,6.105972,-0.000000,-0.000000,-0.000000,-0.000000,0.032826,8.000020,-7.999826
278.783244,-41.284594,0.618787,-12.500000,6.112483,-0.000000,-0.000000,0.000000,-0.000000,0.032290,8.000135,-7.999706
278.983232,-41.087404,0.585448,-12.500000,6.118890,-0.000000,-0.000000,0.000000,-0.000000,0.031777,7.999956,-7.999882
279.183220,-40.890008,0.553362,-12.500000,6.125191,-0.000000,-0.000000,0.000000,0.000000,0.031243,8.000094,-7.999740
279.383208,-40.692414,0.522510,-12.500000,6.131381,-0.000000,-0.000000,0.000000,0.000000,0.030656,8.000056,-7.999773
279.583196,-40.494635,0.492870,-12.500000,6.137458,-0.000000,-0.000000,0.000000,0.000000,0.030123,7.999963,-7.999860
279.783184,-40.296681,0.464421,-12.500000,6.143422,0.000000,0.000000,-0.000000,0.000000,0.029512,8.000118,-7.999702
279.983172,-40.098563,0.437142,-12.500000,6.149263,0.000000,0.000000,-0.000000,0.000000,0.028904,7.999973,-7.999845
280.183159,-39.900290,0.411008,-12.500000,6.154985,0.000000,0.000000,-0.000000,0.000000,0.028318,8.000032,-7.999783
280.383147,-39.701872,0.385997,-12.500000,6.160580,0.000000,0.000000,-0.000000,-0.000000,0.027643,8.000077,-7.999736
280.583135,-39.503319,0.362083,-12.500000,6.166048,0.000000,0.000000,-0.000000,-0.000000,0.027039,7.999946,-7.999866
280.783123,-39.304640,0.339244,-12.500000,6.171392,0.000000,0.000000,-0.000000,-0.000000,0.026398,8.000086,-7.999722
280.983111,-39.105843,0.317453,-12.500000,6.176602,-0.000000,-0.000000,0.000000,-0.000000,0.025704,7.999999,-7.999807
281.183099,-38.906937,0.296685,-12.500000,6.181679,-0.000000,-0.000000,0.000000,-0.000000,0.025074,7.999989,-7.999817
281.383087,-38.707929,0.276914,-12.500000,6.186623,-0.000000,-0.000000,0.000000,0.000000,0.024365,8.000087,-7.999720
281.583075,-38.508826,0.258113,-12.500000,6.191428,-0.000000,-0.000000,0.000000,0.000000,0.023694,7.999953,-7.999855
281.783063,-38.309637,0.240256,-12.500000,6.196100,-0.000000,-0.000000,0.000000,0.000000,0.023026,8.000057,-7.999752
281.983051,-38.110368,0.223316,-12.500000,6.200631,0.000000,0.000000,-0.000000,0.000000,0.022284,8.000044,-7.999768
282.183039,-37.911026,0.207265,-12.500000,6.205021,-0.000000,-0.000000,0.000000,-0.000000,0.021625,7.999977,-7.999840
282.383027,-37.711616,0.192075,-12.500000,6.209274,-0.000000,-0.000000,0.000000,-0.000000,0.020904,8.000101,-7.999721
282.583015,-37.512144,0.177719,-12.500000,6.213382,-0.000000,-0.000000,0.000000,-0.000000,0.020183,8.000010,-7.999815
282.783003,-37.312615,0.164169,-12.500000,6.217350,-0.000000,-0.000000,0.000000,0.000000,0.019491,8.000054,-7.999776
282.982991,-37.113036,0.151396,-12.500000,6.221171,-0.000000,-0.000000,0.000000,0.000000,0.018728,8.000106,-7.999729
283.182979,-36.913410,0.139373,-12.500000,6.224878,0.000000,-0.000000,-0.000000,0.000000,0.018336,8.000032,-7.999810
283.382967,-36.713741,0.128082,-12.500000,6.228497,0.000000,0.000000,-0.000000,0.000000,0.017860,8.000135,-7.999713
283.582955,-36.514033,0.117500,-12.500000,6.231966,0.000000,0.000000,-0.000000,0.000000,0.016831,8.000078,-7.999777
283.782943,-36.314291,0.107592,-12.500000,6.235253,0.000000,-0.000000,-0.000000,-0.000000,0.016047,8.000059,-7.999805
283.982931,-36.114518,0.098326,-12.500000,6.238394,0.000000,0.000000,-0.000000,-0.000000,0.015358,8.000118,-7.999755
284.182919,-35.914717,0.089674,-12.500000,6.241399,-0.000000,0.000000,0.000000,-0.000000,0.014699,8.000026,-7.999856
284.382907,-35.714892,0.081609,-12.500000,6.244275,-0.000000,0.000000,0.000000,-0.000000,0.014061,8.000083,-7.999808
284.582895,-35.515045,0.074105,-12.500000,6.247018,-0.000000,0.000000,0.000000,0.000000,0.013367,8.000073,-7.999828
284.782883,-35.315178,0.067137,-12.500000,6.249630,-0.000000,0.000000,0.000000,0.000000,0.012759,8.000024,-7.999889
284.982871,-35.115295,0.060678,-12.500000,6.252117,0.000000,-0.000000,-0.000000,0.000000,0.012113,8.000094,-7.999831
285.182859,-34.915396,0.054704,-12.500000,6.254476,0.000000,-0.000000,-0.000000,0.000000,0.011479,8.000040,-7.999897
285.382847,-34.715484,0.049189,-12.500000,6.256715,0.000000,-0.000000,-0.000000,0.000000,0.010908,8.000058,-7.999892
285.582835,-34.515561,0.044109,-12.500000,6.258832,0.000000,-0.000000,-0.000000,-0.000000,0.010271,8.000082,-7.999878
285.782823,-34.315627,0.039441,-12.500000,6.260830,0.000000,-0.000000,-0.000000,-0.000000,0.009707,8.000032,-7.999936
285.982811,-34.115685,0.035161,-12.500000,6.262716,-0.000000,0.000000,0.000000,-0.000000,0.009152,8.000080,-7.999899
286.182799,-33.915735,0.031247,-12.500000,6.264487,-0.000000,0.000000,0.000000,-0.000000,0.008566,8.000055,-7.999935
286.382787,-33.715779,0.027676,-12.500000,6.266150,-0.000000,0.000000,0.000000,0.000000,0.008063,8.000051,-7.999953
286.582775,-33.515818,0.024427,-12.500000,6.267709,-0.000000,-0.000000,-0.000000,0.000000,0.007526,8.000086,-7.999927
286.782763,-33.315852,0.021479,-12.500000,6.269163,0.000000,-0.000000,-0.000000,0.000000,0.007019,8.000048,-7.999976
286.982751,-33.115881,0.018812,-12.500000,6.270521,0.000000,-0.000000,-0.000000,0.000000,0.006554,8.000073,-7.999956
287.182739,-32.915908,0.016407,-12.500000,6.271782,0.000000,-0.000000,-0.000000,-0.000000,0.006061,8.000072,-7.999966
287.382727,-32.715932,0.014245,-12.500000,6.272951,0.000000,-0.000000,-0.000000,-0.000000,0.005633,8.000054,-7.999997
287.582715,-32.515953,0.012308,-12.500000,6.274034,-0.000000,0.000000,0.000000,-0.000000,0.005195,8.000085,-7.999976
287.782703,-32.315973,0.010579,-12.500000,6.275031,-0.000000,0.000000,0.000000,-0.000000,0.004773,8.000063,-8.000007
287.982691,-32.115990,0.009041,-12.500000,6.275948,-0.000000,0.000000,0.000000,0.000000,0.004404,8.000074,-8.000007
288.182679,-31.916007,0.007679,-12.500000,6.276789,-0.000000,0.000000,-0.000000,0.000000,0.004005,8.000085,-8.000004
288.382667,-31.716023,0.006478,-12.500000,6.277556,0.000000,-0.000000,-0.000000,0.000000,0.003661,8.000066,-8.000030
288.582655,-31.516038,0.005423,-12.500000,6.278255,0.000000,-0.000000,-0.000000,0.000000,0.003336,8.000086,-8.000021
288.782643,-31.316052,0.004502,-12.500000,6.278889,0.000000,-0.000000,-0.000000,-0.000000,0.002998,8.000078,-8.000037
288.982631,-31.116065,0.003701,-12.500000,6.279460,0.000000,0.000000,0.000000,-0.000000,0.002718,8.000077,-8.000045
289.182619,-30.916079,0.003008,-12.500000,6.279975,-0.000000,0.000000,0.000000,-0.000000,0.002433,8.000087,-8.000040
289.382607,-30.716091,0.002413,-12.500000,6.280436,-0.000000,0.000000,0.000000,-0.000000,0.002170,8.000072,-8.000059
289.582595,-30.516104,0.001905,-12.500000,6.280847,-0.000000,0.000000,0.000000,0.000000,0.001938,8.000082,-8.000056
289.782583,-30.316117,0.001474,-12.500000,6.281210,0.000000,-0.000000,-0.000000,0.000000,0.001700,8.000081,-8.000060
289.982570,-30.116129,0.001112,-12.500000,6.281531,0.000000,-0.000000,-0.000000,0.000000,0.001505,8.000074,-8.000068
290.182558,-29.916141,0.000810,-12.500000,6.281813,0.000000,-0.000000,-0.000000,0.000000,0.001315,8.000084,-8.000065
290.382546,-29.716153,0.000561,-12.500000,6.282058,0.000000,-0.000000,-0.000000,-0.000000,0.001133,8.000079,-8.000076
290.582534,-29.516166,0.000357,-12.500000,6.282269,-0.000000,0.000000,0.000000,-0.000000,0.000984,8.000079,-8.000078
290.782522,-29.316178,0.000192,-12.500000,6.282451,-0.000000,0.000000,0.000000,-0.000000,0.000831,8.000081,-8.000078
290.982510,-29.116190,0.000061,-12.500000,6.282604,-0.000000,0.000000,0.000000,-0.000000,0.000706,8.000077,-8.000083
291.182498,-28.916202,-0.000042,-12.500000,6.282735,-0.000000,0.000000,0.000000,0.000000,0.000597,8.000078,-8.000084
291.382486,-28.716214,-0.000120,-12.500000,6.282844,0.000000,-0.000000,-0.000000,0.000000,0.000494,8.000074,-8.000088
291.582474,-28.516226,-0.000179,-12.500000,6.282934,0.000000,-0.000000,-0.000000,0.000000,0.000409,8.000073,-8.000091
291.782462,-28.316238,-0.000222,-12.500000,6.283008,0.000000,-0.000000,-0.000000,0.000000,0.000325,8.000074,-8.000091
291.982450,-28.116250,-0.000252,-12.500000,6.283066,0.000000,-0.000000,0.000000,-0.000000,0.000259,8.000072,-8.000094
292.182438,-27.916262,-0.000271,-12.500000,6.283112,-0.000000,0.000000,0.000000,-0.000000,0.000207,8.000072,-8.000093
292.382426,-27.716274,-0.000281,-12.500000,6.283149,-0.000000,0.000000,0.000000,-0.000000,0.000157,8.000070,-8.000093
292.582414,-27.516286,-0.000286,-12.500000,6.283176,-0.000000,0.000000,0.000000,-0.000000,0.000118,8.000068,-8.000092
292.782402,-27.316298,-0.000286,-12.500000,6.283196,-0.000000,0.000000,-0.000000,0.000000,0.000083,8.000067,-8.000093
292.982390,-27.116310,-0.000282,-12.500000,6.283210,0.000000,-0.000000,-0.000000,0.000000,0.000056,8.000065,-8.000094
293.182378,-26.916322,-0.000276,-12.500000,6.283220,0.000000,-0.000000,-0.000000,0.000000,0.000038,8.000063,-8.000094
293.382366,-26.716334,-0.000268,-12.500000,6.283226,0.000000,-0.000000,0.000000,0.000000,0.000023,8.000061,-8.000093
293.582354,-26.516346,-0.000260,-12.500000,6.283229,0.000000,0.000000,0.000000,-0.000001,0.000011,8.000060,-8.000092
293.782342,-26.316358,-0.000251,-12.500000,6.283230,-0.000000,0.000000,-0.000000,-0.000002,0.000002,8.000059,-8.000093
293.982330,-26.116370,-0.000242,-12.500000,6.283231,-0.000001,-0.000000,-0.000000,-0.000002,-0.000001,8.000058,-8.000093
294.182318,-25.916382,-0.000233,-12.500000,6.283230,-0.000001,-0.000000,-0.000000,-0.000001,-0.000004,8.000057,-8.000092
294.382306,-25.716394,-0.000224,-12.500000,6.283229,-0.000001,-0.000000,0.000000,0.000002,-0.000008,8.000056,-8.000091
294.582294,-25.516406,-0.000216,-12.499999,6.283227,-0.000000,0.000000,0.000000,0.000004,-0.000009,8.000056,-8.000089
294.782282,-25.316418,-0.000207,-12.499999,6.283225,-0.000000,0.000000,0.000000,-0.000004,-0.000008,8.000053,-8.000087
294.982270,-25.116430,-0.000200,-12.499999,6.283224,-0.000004,0.000000,-0.000000,-0.000040,-0.000009,8.000052,-8.000085
295.182258,-24.916442,-0.000192,-12.499997,6.283222,-0.000021,-0.000000,-0.000001,-0.000128,-0.000009,8.000052,-8.000084
295.382246,-24.716454,-0.000185,-12.499989,6.283220,-0.000064,-0.000001,-0.000002,-0.000296,-0.000009,8.000051,-8.000084
295.582234,-24.516466,-0.000178,-12.499969,6.283219,-0.000150,-0.000001,-0.000001,-0.000564,-0.000007,8.000050,-8.000083
295.782222,-24.316478,-0.000172,-12.499925,6.283217,-0.000301,-0.000001,-0.000002,-0.000946,-0.000006,8.000048,-8.000079
295.982210,-24.116490,-0.000165,-12.499842,6.283216,-0.000539,-0.000002,-0.000005,-0.001437,-0.000007,8.000048,-8.000078
296.182198,-23.916502,-0.000159,-12.499702,6.283215,-0.000886,-0.000003,-0.000004,-0.002033,-0.000007,8.000048,-8.000078
296.382186,-23.716514,-0.000154,-12.499480,6.283213,-0.001362,-0.000004,-0.000004,-0.002726,-0.000007,8.000047,-8.000076
296.582174,-23.516527,-0.000148,-12.499148,6.283212,-0.001986,-0.000005,-0.000005,-0.003514,-0.000005,8.000046,-8.000075
296.782162,-23.316539,-0.000143,-12.498674,6.283211,-0.002777,-0.000006,-0.000007,-0.004398,-0.000004,8.000044,-8.000074
296.982150,-23.116552,-0.000138,-12.498025,6.283210,-0.003753,-0.000007,-0.000008,-0.005360,-0.000005,8.000044,-8.000071
297.182138,-22.916566,-0.000133,-12.497160,6.283210,-0.004929,-0.000009,-0.000007,-0.006406,-0.000003,8.000043,-8.000068
297.382126,-22.716582,-0.000128,-12.496039,6.283209,-0.006322,-0.000010,-0.000007,-0.007523,-0.000004,8.000043,-8.000066
297.582114,-22.516599,-0.000124,-12.494616,6.283208,-0.007944,-0.000012,-0.000008,-0.008696,-0.000006,8.000042,-8.000065
297.782102,-22.316619,-0.000119,-12.492845,6.283207,-0.009807,-0.000013,-0.000009,-0.009943,-0.000005,8.000041,-8.000065
297.982090,-22.116642,-0.000115,-12.490676,6.283206,-0.011926,-0.000015,-0.000009,-0.011242,-0.000004,8.000041,-8.000063
298.182078,-21.916672,-0.000111,-12.488058,6.283205,-0.014310,-0.000017,-0.000009,-0.012602,-0.000004,8.000040,-8.000061
298.382066,-21.716708,-0.000107,-12.484935,6.283204,-0.016970,-0.000019,-0.000009,-0.014001,-0.000004,8.000039,-8.000059
298.582054,-21.516754,-0.000103,-12.481251,6.283204,-0.019913,-0.000020,-0.000009,-0.015426,-0.000002,8.000039,-8.000058
298.782042,-21.316812,-0.000100,-12.476951,6.283203,-0.023146,-0.000022,-0.000009,-0.016911,-0.000004,8.000038,-8.000058
298.982030,-21.116886,-0.000096,-12.471974,6.283203,-0.026679,-0.000024,-0.000010,-0.018414,-0.000005,8.000037,-8.000056
299.182018,-20.916980,-0.000093,-12.466261,6.283202,-0.030516,-0.000026,-0.000011,-0.019958,-0.000003,8.000036,-8.000055
299.382006,-20.717098,-0.000089,-12.459750,6.283201,-0.034666,-0.000028,-0.000009,-0.021550,-0.000003,8.000035,-8.000053
299.581994,-20.517247,-0.000086,-12.452377,6.283201,-0.039134,-0.000030,-0.000007,-0.023131,-0.000003,8.000034,-8.000051
299.781982,-20.317431,-0.000083,-12.444080,6.283200,-0.043922,-0.000031,-0.000010,-0.024748,-0.000004,8.000034,-8.000050
299.981969,-20.117659,-0.000080,-12.434794,6.283200,-0.049032,-0.000033,-0.000011,-0.026353,-0.000004,8.000033,-8.000049
300.181957,-19.917939,-0.000077,-12.424455,6.283199,-0.054462,-0.000035,-0.000009,-0.027951,-0.000004,8.000033,-8.000048
300.381945,-19.718279,-0.000075,-12.413000,6.283199,-0.060216,-0.000037,-0.000007,-0.029592,-0.000003,8.000033,-8.000047
300.581933,-19.518691,-0.000072,-12.400363,6.283198,-0.066295,-0.000038,-0.000007,-0.031203,-0.000002,8.000032,-8.000045
300.781921,-19.319186,-0.000069,-12.386481,6.283198,-0.072697,-0.000040,-0.000010,-0.032822,-0.000005,8.000031,-8.000044
300.981909,-19.119776,-0.000067,-12.371290,6.283197,-0.079420,-0.000042,-0.000011,-0.034417,-0.000005,8.000031,-8.000044
301.181897,-18.920476,-0.000065,-12.354728,6.283197,-0.086458,-0.000044,-0.000009,-0.035960,-0.000003,8.000030,-8.000042
301.381885,-18.721299,-0.000063,-12.336732,6.283196,-0.093807,-0.000045,-0.000007,-0.037536,-0.000003,8.000029,-8.000041
301.581873,-18.522264,-0.000060,-12.317242,6.283196,-0.101465,-0.000047,-0.000006,-0.039048,-0.000004,8.000029,-8.000040
301.781861,-18.323387,-0.000058,-12.296199,6.283196,-0.109423,-0.000048,-0.000006,-0.040539,-0.000004,8.000028,-8.000039
301.981849,-18.124686,-0.000056,-12.273544,6.283195,-0.117679,-0.000049,-0.000006,-0.042027,-0.000004,8.000027,-8.000039
302.181837,-17.926184,-0.000054,-12.249220,6.283195,-0.126223,-0.000050,-0.000006,-0.043414,-0.000004,8.000026,-8.000037
302.381825,-17.727900,-0.000052,-12.223174,6.283194,-0.135044,-0.000051,-0.000006,-0.044806,-0.000005,8.000026,-8.000036
302.581813,-17.529857,-0.000051,-12.195352,6.283194,-0.144138,-0.000052,-0.000005,-0.046134,-0.000004,8.000025,-8.000035
302.781801,-17.332080,-0.000049,-12.165705,6.283194,-0.153490,-0.000053,-0.000003,-0.047392,-0.000002,8.000025,-8.000034
302.981789,-17.134592,-0.000047,-12.134185,6.283194,-0.163093,-0.000054,-0.000003,-0.048641,-0.000004,8.000024,-8.000034
303.181777,-16.937420,-0.000046,-12.100746,6.283193,-0.172931,-0.000054,-0.000002,-0.049751,-0.000006,8.000023,-8.000032
303.381765,-16.740591,-0.000044,-12.065348,6.283193,-0.182988,-0.000054,-0.000001,-0.050817,-0.000006,8.000022,-8.000031
303.581753,-16.544131,-0.000043,-12.027951,6.283192,-0.193251,-0.000054,0.000000,-0.051821,-0.000004,8.000022,-8.000032
303.781741,-16.348070,-0.000041,-11.988521,6.283192,-0.203704,-0.000054,0.000000,-0.052716,-0.000003,8.000022,-8.000030
303.981729,-16.152435,-0.000040,-11.947027,6.283192,-0.214336,-0.000054,0.000000,-0.053617,-0.000003,8.000021,-8.000029
304.181717,-15.957256,-0.000039,-11.903438,6.283192,-0.225136,-0.000054,0.000001,-0.054386,-0.000004,8.000021,-8.000028
304.381705,-15.762563,-0.000037,-11.857729,6.283192,-0.236083,-0.000053,0.000003,-0.055086,-0.000004,8.000021,-8.000027
304.581693,-15.568385,-0.000036,-11.809878,6.283192,-0.247166,-0.000053,0.000003,-0.055754,-0.000005,8.000020,-8.000026
304.781681,-15.374752,-0.000035,-11.759866,6.283191,-0.258367,-0.000052,0.000002,-0.056263,-0.000006,8.000019,-8.000025
304.981669,-15.181695,-0.000034,-11.707679,6.283191,-0.269667,-0.000051,0.000004,-0.056746,-0.000002,8.000019,-8.000025
305.181657,-14.989241,-0.000033,-11.653305,6.283191,-0.281054,-0.000051,0.000005,-0.057126,-0.000001,8.000017,-8.000025
305.381645,-14.797422,-0.000031,-11.596737,6.283191,-0.292505,-0.000050,0.000005,-0.057397,-0.000003,8.000017,-8.000024
305.581633,-14.606264,-0.000030,-11.537970,6.283191,-0.304009,-0.000049,0.000004,-0.057649,-0.000004,8.000017,-8.000022
305.781621,-14.415796,-0.000029,-11.477005,6.283191,-0.315548,-0.000048,0.000004,-0.057741,-0.000004,8.000017,-8.000022
305.981609,-14.226045,-0.000028,-11.413845,6.283191,-0.327101,-0.000047,0.000005,-0.057803,-0.000004,8.000016,-8.000021
306.181597,-14.037036,-0.000027,-11.348495,6.283190,-0.338662,-0.000046,0.000006,-0.057810,-0.000004,8.000015,-8.000021
306.381585,-13.848796,-0.000026,-11.280966,6.283190,-0.350210,-0.000044,0.000006,-0.057676,-0.000004,8.000015,-8.000020
306.581573,-13.661347,-0.000026,-11.211270,6.283190,-0.361732,-0.000043,0.000008,-0.057554,-0.000004,8.000015,-8.000019
306.781561,-13.474712,-0.000025,-11.139422,6.283190,-0.373218,-0.000041,0.000009,-0.057317,-0.000004,8.000014,-8.000019
306.981549,-13.288912,-0.000024,-11.065440,6.283189,-0.384649,-0.000039,0.000009,-0.057000,-0.000003,8.000014,-8.000018
307.181537,-13.103968,-0.000023,-10.989345,6.283189,-0.396014,-0.000038,0.000008,-0.056655,-0.000002,8.000014,-8.000018
307.381525,-12.919898,-0.000023,-10.911160,6.283189,-0.407297,-0.000036,0.000008,-0.056182,-0.000001,8.000014,-8.000017
307.581513,-12.736718,-0.000022,-10.830912,6.283189,-0.418486,-0.000035,0.000008,-0.055716,-0.000003,8.000013,-8.000017
307.781501,-12.554443,-0.000021,-10.748628,6.283189,-0.429575,-0.000033,0.000008,-0.055176,-0.000002,8.000012,-8.000016
307.981489,-12.373087,-0.000020,-10.664338,6.283189,-0.440549,-0.000031,0.000007,-0.054568,-0.000001,8.000011,-8.000016
308.181477,-12.192661,-0.000020,-10.578074,6.283189,-0.451403,-0.000030,0.000008,-0.053987,-0.000002,8.000011,-8.000015
308.381465,-12.013177,-0.000019,-10.489868,6.283189,-0.462131,-0.000028,0.000008,-0.053291,-0.000003,8.000011,-8.000015
308.581453,-11.834643,-0.000018,-10.399754,6.283189,-0.472719,-0.000027,0.000008,-0.052595,-0.000003,8.000011,-8.000015
308.781441,-11.657067,-0.000018,-10.307768,6.283188,-0.483165,-0.000025,0.000009,-0.051880,-0.000002,8.000011,-8.000013
308.981429,-11.480455,-0.000017,-10.213944,6.283188,-0.493458,-0.000023,0.000010,-0.051053,-0.000000,8.000010,-8.000014
309.181417,-11.304809,-0.000017,-10.118322,6.283189,-0.503590,-0.000021,0.000009,-0.050268,-0.000002,8.000010,-8.000014
309.381405,-11.130134,-0.000016,-10.020939,6.283188,-0.513559,-0.000019,0.000008,-0.049433,-0.000002,8.000009,-8.000013
309.581393,-10.956430,-0.000016,-9.921835,6.283188,-0.523359,-0.000018,0.000009,-0.048574,-0.000000,8.000009,-8.000013
309.781380,-10.783697,-0.000015,-9.821047,6.283188,-0.532990,-0.000016,0.000010,-0.047743,0.000000,8.000010,-8.000012
309.981368,-10.611933,-0.000015,-9.718616,6.283189,-0.542448,-0.000014,0.000010,-0.046843,-0.000000,8.000009,-8.000012
310.181356,-10.441137,-0.000014,-9.614579,6.283189,-0.551729,-0.000012,0.000008,-0.045971,-0.000002,8.000008,-8.000012
310.381344,-10.271305,-0.000013,-9.508977,6.283188,-0.560832,-0.000010,0.000007,-0.045064,-0.000002,8.000009,-8.000011
310.581332,-10.102430,-0.000013,-9.401849,6.283188,-0.569751,-0.000009,0.000007,-0.044132,-0.000000,8.000009,-8.000011
310.781320,-9.934508,-0.000013,-9.293234,6.283188,-0.578489,-0.000007,0.000007,-0.043256,-0.000001,8.000007,-8.000010
310.981308,-9.767532,-0.000012,-9.183171,6.283188,-0.587045,-0.000006,0.000007,-0.042311,-0.000001,8.000008,-8.000010
311.181296,-9.601493,-0.000012,-9.071699,6.283188,-0.595415,-0.000004,0.000007,-0.041396,-0.000000,8.000008,-8.000010
311.381284,-9.436383,-0.000011,-8.958856,6.283188,-0.603605,-0.000003,0.000007,-0.040505,-0.000001,8.000007,-8.000009
311.581272,-9.272192,-0.000011,-8.844680,6.283187,-0.611611,-0.000001,0.000007,-0.039554,-0.000002,8.000007,-8.000009
311.781260,-9.108909,-0.000011,-8.729208,6.283187,-0.619432,0.000000,0.000007,-0.038661,-0.000001,8.000007,-8.000008
311.981248,-8.946524,-0.000010,-8.612477,6.283187,-0.627073,0.000002,0.000007,-0.037757,0.000000,8.000006,-8.000008
312.181236,-8.785025,-0.000010,-8.494523,6.283187,-0.634533,0.000003,0.000006,-0.036848,0.000001,8.000006,-8.000008
312.381224,-8.624400,-0.000010,-8.375382,6.283187,-0.641815,0.000004,0.000006,-0.035974,0.000001,8.000007,-8.000007
312.581212,-8.464636,-0.000009,-8.255089,6.283187,-0.648918,0.000005,0.000006,-0.035063,0.000000,8.000006,-8.000008
312.781200,-8.305719,-0.000009,-8.133678,6.283187,-0.655844,0.000006,0.000005,-0.034198,-0.000001,8.000006,-8.000008
312.981188,-8.147637,-0.000009,-8.011184,6.283187,-0.662597,0.000008,0.000005,-0.033339,-0.000001,8.000006,-8.000008
313.181176,-7.990375,-0.000008,-7.887637,6.283187,-0.669178,0.000009,0.000006,-0.032476,0.000001,8.000005,-8.000008
313.381164,-7.833918,-0.000008,-7.763072,6.283187,-0.675592,0.000010,0.000005,-0.031667,-0.000000,8.000005,-8.000007
313.581152,-7.678254,-0.000008,-7.637519,6.283187,-0.681840,0.000011,0.000004,-0.030819,-0.000000,8.000005,-8.000007
313.781140,-7.523366,-0.000008,-7.511009,6.283187,-0.687921,0.000012,0.000006,-0.029991,0.000002,8.000005,-8.000007
313.981128,-7.369240,-0.000007,-7.383571,6.283187,-0.693839,0.000013,0.000005,-0.029193,0.000001,8.000004,-8.000006
314.181116,-7.215861,-0.000007,-7.255236,6.283187,-0.699595,0.000014,0.000004,-0.028368,-0.000001,8.000005,-8.000006
314.381104,-7.063212,-0.000007,-7.126033,6.283187,-0.705191,0.000014,0.000003,-0.027597,-0.000000,8.000006,-8.000006
314.581092,-6.911279,-0.000007,-6.995990,6.283187,-0.710633,0.000015,0.000003,-0.026828,0.000001,8.000005,-8.000005
314.781080,-6.760045,-0.000006,-6.865133,6.283187,-0.715921,0.000016,0.000003,-0.026060,0.000001,8.000004,-8.000006
314.981068,-6.609496,-0.000006,-6.733489,6.283187,-0.721059,0.000016,0.000002,-0.025325,-0.000000,8.000004,-8.000006
315.181056,-6.459615,-0.000006,-6.601085,6.283186,-0.726049,0.000017,0.000002,-0.024572,-0.000001,8.000004,-8.000006
315.381044,-6.310387,-0.000006,-6.467945,6.283186,-0.730892,0.000018,0.000005,-0.023859,0.000001,8.000004,-8.000006
315.581032,-6.161796,-0.000006,-6.334095,6.283186,-0.735593,0.000019,0.000005,-0.023160,0.000001,8.000004,-8.000004
315.781020,-6.013827,-0.000006,-6.199558,6.283186,-0.740154,0.000020,0.000004,-0.022452,0.000000,8.000004,-8.000004
315.981008,-5.866463,-0.000005,-6.064358,6.283187,-0.744577,0.000020,0.000003,-0.021781,0.000001,8.000003,-8.000005
316.180996,-5.719690,-0.000005,-5.928518,6.283187,-0.748864,0.000021,0.000002,-0.021092,0.000001,8.000003,-8.000005
316.380984,-5.573490,-0.000005,-5.792059,6.283187,-0.753015,0.000021,0.000001,-0.020422,0.000001,8.000003,-8.000005
316.580972,-5.427850,-0.000005,-5.655005,6.283187,-0.757035,0.000021,0.000000,-0.019780,-0.000000,8.000003,-8.000005
316.780960,-5.282753,-0.000004,-5.517375,6.283187,-0.760926,0.000021,0.000001,-0.019129,-0.000001,8.000004,-8.000004
316.980948,-5.138183,-0.000004,-5.379191,6.283186,-0.764690,0.000022,0.000003,-0.018512,-0.000000,8.000004,-8.000004
317.180936,-4.994126,-0.000004,-5.240473,6.283186,-0.768330,0.000022,0.000002,-0.017890,0.000000,8.000004,-8.000004
317.380924,-4.850566,-0.000004,-5.101240,6.283186,-0.771845,0.000023,0.000001,-0.017261,-0.000000,8.000004,-8.000004
317.580912,-4.707488,-0.000004,-4.961513,6.283186,-0.775237,0.000023,0.000002,-0.016661,0.000000,8.000003,-8.000003
317.780900,-4.564876,-0.000004,-4.821309,6.283186,-0.778509,0.000023,0.000003,-0.016062,0.000001,8.000003,-8.000003
317.980888,-4.422716,-0.000004,-4.680648,6.283186,-0.781664,0.000024,0.000003,-0.015495,0.000001,8.000003,-8.000003
318.180876,-4.280992,-0.000004,-4.539547,6.283186,-0.784707,0.000024,0.000001,-0.014941,-0.000000,8.000003,-8.000003
318.380864,-4.139690,-0.000003,-4.398024,6.283186,-0.787639,0.000025,-0.000002,-0.014379,-0.000002,8.000002,-8.000004
318.580852,-3.998796,-0.000003,-4.256094,6.283186,-0.790461,0.000025,-0.000001,-0.013836,-0.000000,8.000002,-8.000004
318.780840,-3.858295,-0.000003,-4.113775,6.283186,-0.793171,0.000024,0.000000,-0.013273,0.000001,8.000002,-8.000004
318.980828,-3.718172,-0.000003,-3.971084,6.283186,-0.795770,0.000024,0.000000,-0.012714,0.000001,8.000002,-8.000004
319.180816,-3.578412,-0.000003,-3.828037,6.283186,-0.798259,0.000024,0.000002,-0.012180,0.000001,8.000002,-8.000004
319.380804,-3.439002,-0.000003,-3.684650,6.283186,-0.800642,0.000025,0.000003,-0.011655,0.000001,8.000002,-8.000003
319.580791,-3.299926,-0.000003,-3.540938,6.283186,-0.802923,0.000025,0.000001,-0.011152,0.000000,8.000002,-8.000002
319.780779,-3.161171,-0.000003,-3.396916,6.283186,-0.805102,0.000025,-0.000000,-0.010642,-0.000000,8.000002,-8.000002
319.980767,-3.022723,-0.000003,-3.252599,6.283186,-0.807179,0.000025,0.000000,-0.010131,-0.000000,8.000002,-8.000002
320.180755,-2.884568,-0.000003,-3.108003,6.283186,-0.809157,0.000026,0.000002,-0.009642,0.000001,8.000002,-8.000002
320.380743,-2.746692,-0.000003,-2.963139,6.283186,-0.811036,0.000026,0.000003,-0.009151,0.000001,8.000002,-8.000002
320.580731,-2.609081,-0.000003,-2.818024,6.283186,-0.812818,0.000026,0.000001,-0.008672,0.000000,8.000002,-8.000002
320.780719,-2.471722,-0.000003,-2.672670,6.283186,-0.814505,0.000026,0.000000,-0.008194,0.000000,8.000002,-8.000002
320.980707,-2.334601,-0.000003,-2.527092,6.283186,-0.816095,0.000026,-0.000000,-0.007707,0.000000,8.000002,-8.000002
321.180695,-2.197705,-0.000002,-2.381302,6.283186,-0.817589,0.000026,-0.000002,-0.007232,-0.000001,8.000001,-8.000003
321.380683,-2.061020,-0.000002,-2.235314,6.283186,-0.818987,0.000026,-0.000002,-0.006752,-0.000001,8.000001,-8.000003
321.580671,-1.924532,-0.000002,-2.089142,6.283185,-0.820290,0.000026,-0.000000,-0.006279,0.000000,8.000001,-8.000003
321.780659,-1.788228,-0.000002,-1.942799,6.283186,-0.821500,0.000026,0.000000,-0.005824,0.000001,8.000001,-8.000003
321.980647,-1.652095,-0.000002,-1.796297,6.283186,-0.822620,0.000026,0.000000,-0.005377,0.000000,8.000002,-8.000002
322.180635,-1.516119,-0.000002,-1.649648,6.283186,-0.823653,0.000026,-0.000000,-0.004949,-0.000001,8.000002,-8.000002
322.380623,-1.380289,-0.000002,-1.502865,6.283185,-0.824600,0.000026,0.000001,-0.004528,-0.000001,8.000003,-8.000001
322.580611,-1.244591,-0.000002,-1.355959,6.283185,-0.825464,0.000026,0.000002,-0.004106,0.000000,8.000003,-8.000001
322.780599,-1.109014,-0.000002,-1.208942,6.283185,-0.826238,0.000027,-0.000001,-0.003635,-0.000001,8.000003,-8.000001
322.980587,-0.973544,-0.000002,-1.061827,6.283185,-0.826906,0.000027,-0.000002,-0.003049,-0.000002,8.000003,-8.000001
323.180575,-0.838162,-0.000002,-0.914629,6.283184,-0.827449,0.000027,0.000002,-0.002378,-0.000001,8.000003,-8.000001
323.380563,-0.702851,-0.000003,-0.767367,6.283183,-0.827863,0.000028,0.000004,-0.001766,-0.000003,8.000004,-8.000000
323.580551,-0.567594,-0.000003,-0.620056,6.283183,-0.828188,0.000030,0.000003,-0.001478,-0.000002,8.000004,-8.000000
323.780539,-0.432382,-0.000003,-0.472702,6.283184,-0.828511,0.000029,0.000005,-0.001752,0.000010,8.000004,-8.000000
323.980527,-0.297225,-0.000003,-0.325299,6.283190,-0.828927,0.000026,0.000002,-0.002412,0.000030,8.000004,-8.000000
324.180515,-0.162136,-0.000002,-0.177833,6.283200,-0.829436,0.000018,-0.000007,-0.002675,0.000040,8.000003,-8.000001
324.380503,-0.027120,0.000001,-0.030301,6.283205,-0.829866,0.000009,-0.000053,-0.001633,-0.000011,8.000000,-8.000004
