s_m,ref_line_x_m,ref_line_y_m,ref_line_z_m,theta_rad,mu_rad,phi_rad,omega_x_radpm,omega_y_radpm,omega_z_radpm,track_width_left_m,track_width_right_m
0.000000,-0.038387,0.000002,0.000000,-0.000001,0.000000,0.000000,0.000000,0.000000,0.000001,7.999999,-8.000005
0.199891,0.161504,0.000002,0.000000,-0.000001,0.000000,0.000000,0.000000,0.000000,0.000000,7.999998,-8.000004
0.399782,0.361395,0.000002,0.000000,-0.000001,0.000000,0.000000,0.000000,0.000000,0.000000,7.999998,-8.000003
0.599673,0.561287,0.000002,0.000000,-0.000001,0.000000,0.000000,0.000000,0.000000,-0.000002,7.999999,-8.000003
0.799564,0.761178,0.000001,0.000000,-0.000001,0.000000,0.000000,0.000000,0.000000,-0.000003,8.000000,-8.000002
0.999456,0.961069,0.000001,0.000000,-0.000002,0.000000,0.000000,0.000000,0.000000,-0.000001,8.000000,-8.000002
1.199347,1.160960,0.000001,0.000000,-0.000002,0.000000,0.000000,0.000000,0.000000,0.000000,7.999999,-8.000001
1.399238,1.360851,0.000000,0.000000,-0.000002,0.000000,0.000000,0.000000,0.000000,0.000000,8.000000,-8.000000
1.599129,1.560742,0.000000,0.000000,-0.000002,0.000000,0.000000,0.000000,0.000000,0.000000,8.000000,-8.000000
1.799020,1.760633,-0.000000,0.000000,-0.000002,0.000000,0.000000,0.000000,0.000000,-0.000001,8.000000,-8.000000
1.998911,1.960524,-0.000001,0.000000,-0.000002,0.000000,0.000000,0.000000,0.000000,-0.000003,8.000001,-7.999999
2.198802,2.160415,-0.000001,0.000000,-0.000003,0.000000,0.000000,0.000000,0.000000,-0.000001,8.000001,-7.999999
2.398693,2.360306,-0.000002,0.000000,-0.000003,0.000000,0.000000,0.000000,0.000000,0.000000,8.000002,-7.999998
2.598584,2.560198,-0.000002,0.000000,-0.000003,0.000000,0.000000,0.000000,0.000000,0.000000,8.000002,-7.999998
2.798475,2.760089,-0.000003,0.000000,-0.000003,0.000000,0.000000,0.000000,0.000000,-0.000000,8.000003,-7.999997
2.998367,2.959980,-0.000003,0.000000,-0.000003,0.000000,0.000000,0.000000,0.000000,-0.000000,8.000003,-7.999997
3.198258,3.159871,-0.000004,0.000000,-0.000003,0.000000,0.000000,0.000000,0.000000,-0.000000,8.000004,-7.999996
3.398149,3.359762,-0.000004,0.000000,-0.000003,0.000000,0.000000,0.000000,0.000000,-0.000000,8.000004,-7.999996
3.598040,3.559653,-0.000005,0.000000,-0.000003,0.000000,0.000000,0.000000,0.000000,-0.000000,8.000005,-7.999995
3.797931,3.759544,-0.000005,0.000000,-0.000003,0.000000,0.000000,0.000000,0.000000,-0.000000,8.000005,-7.999995
3.997822,3.959435,-0.000006,0.000000,-0.000003,0.000000,0.000000,0.000000,0.000000,-0.000000,8.000006,-7.999994
4.197713,4.159326,-0.000006,0.000000,-0.000003,0.000000,0.000000,0.000000,0.000000,-0.000000,8.000006,-7.999994
4.397604,4.359218,-0.000007,0.000000,-0.000003,0.000000,0.000000,0.000000,0.000000,-0.000000,8.000007,-7.999993
4.597495,4.559109,-0.000008,0.000000,-0.000003,0.000000,0.000000,0.000000,0.000000,-0.000000,8.000008,-7.999992
4.797386,4.759000,-0.000008,0.000000,-0.000003,0.000000,0.000000,0.000000,0.000000,-0.000000,8.000008,-7.999992
4.997278,4.958891,-0.000009,0.000000,-0.000003,0.000000,0.000000,0.000000,0.000000,-0.000000,8.000009,-7.999991
5.197169,5.158782,-0.000009,0.000000,-0.000003,0.000000,0.000000,0.000000,0.000000,-0.000000,8.000009,-7.999991
5.397060,5.358673,-0.000010,0.000000,-0.000003,0.000000,0.000000,0.000000,0.000000,-0.000000,8.000010,-7.999990
5.596951,5.558564,-0.000010,0.000000,-0.000003,0.000000,0.000000,0.000000,0.000000,-0.000000,8.000010,-7.999990
5.796842,5.758455,-0.000011,0.000000,-0.000003,0.000000,0.000000,0.000000,0.000000,-0.000000,8.000011,-7.999989
5.996733,5.958346,-0.000011,0.000000,-0.000003,0.000000,0.000000,0.000000,0.000000,-0.000000,8.000011,-7.999989
6.196624,6.158237,-0.000012,0.000000,-0.000003,0.000000,0.000000,0.000000,0.000000,-0.000000,8.000012,-7.999988
6.396515,6.358129,-0.000013,0.000000,-0.000003,0.000000,0.000000,0.000000,0.000000,-0.000000,8.000013,-7.999987
6.596406,6.558020,-0.000013,0.000000,-0.000003,0.000000,0.000000,0.000000,0.000000,-0.000000,8.000013,-7.999987
6.796298,6.757911,-0.000014,0.000000,-0.000003,0.000000,0.000000,0.000000,0.000000,-0.000000,8.000014,-7.999986
6.996189,6.957802,-0.000014,0.000000,-0.000003,0.000000,0.000000,0.000000,0.000000,-0.000000,8.000014,-7.999986
7.196080,7.157693,-0.000015,0.000000,-0.000003,0.000000,0.000000,0.000000,0.000000,-0.000000,8.000015,-7.999985
7.395971,7.357584,-0.000016,0.000000,-0.000003,0.000000,0.000000,0.000000,0.000000,-0.000000,8.000016,-7.999984
7.595862,7.557475,-0.000016,0.000000,-0.000003,0.000000,0.000000,0.000000,0.000000,-0.000000,8.000016,-7.999984
7.795753,7.757366,-0.000017,0.000000,-0.000003,0.000000,0.000000,0.000000,0.000000,-0.000000,8.000017,-7.999983
7.995644,7.957257,-0.000017,0.000000,-0.000003,0.000000,0.000000,0.000000,0.000000,-0.000000,8.000017,-7.999983
8.195535,8.157149,-0.000018,0.000000,-0.000003,0.000000,0.000000,0.000000,0.000000,-0.000000,8.000018,-7.999982
8.395426,8.357040,-0.000019,0.000000,-0.000003,0.000000,0.000000,0.000000,0.000000,-0.000000,8.000019,-7.999981
8.595317,8.556931,-0.000019,0.000000,-0.000003,0.000000,0.000000,0.000000,0.000000,-0.000000,8.000019,-7.999981
8.795209,8.756822,-0.000020,0.000000,-0.000003,0.000000,0.000000,0.000000,0.000000,-0.000000,8.000020,-7.999980
8.995100,8.956713,-0.000020,0.000000,-0.000003,0.000000,0.000000,0.000000,0.000000,-0.000000,8.000020,-7.999980
9.194991,9.156604,-0.000021,0.000000,-0.000003,0.000000,0.000000,0.000000,0.000000,-0.000000,8.000021,-7.999979
9.394882,9.356495,-0.000022,0.000000,-0.000003,0.000000,0.000000,0.000000,0.000000,-0.000000,8.000022,-7.999978
9.594773,9.556386,-0.000022,0.000000,-0.000003,0.000000,0.000000,0.000000,0.000000,-0.000000,8.000022,-7.999978
9.794664,9.756277,-0.000023,0.000000,-0.000003,0.000000,0.000000,0.000000,0.000000,-0.000000,8.000023,-7.999977
9.994555,9.956168,-0.000024,0.000000,-0.000003,0.000000,0.000000,0.000000,0.000000,-0.000000,8.000024,-7.999976
10.194446,10.156060,-0.000024,0.000000,-0.000003,0.000000,0.000000,0.000000,0.000000,-0.000000,8.000024,-7.999976
10.394337,10.355951,-0.000025,0.000000,-0.000003,0.000000,0.000000,0.000000,0.000000,-0.000000,8.000025,-7.999975
10.594229,10.555842,-0.000026,0.000000,-0.000004,0.000000,0.000000,0.000000,0.000000,-0.000000,8.000026,-7.999974
10.794120,10.755733,-0.000027,0.000000,-0.000004,0.000000,0.000000,0.000000,0.000000,-0.000000,8.000027,-7.999973
10.994011,10.955624,-0.000027,0.000000,-0.000004,0.000000,0.000000,0.000000,0.000000,-0.000000,8.000027,-7.999973
11.193902,11.155515,-0.000028,0.000000,-0.000004,0.000000,0.000000,0.000000,0.000000,-0.000000,8.000028,-7.999972
11.393793,11.355406,-0.000029,0.000000,-0.000004,0.000000,0.000000,0.000000,0.000000,-0.000000,8.000029,-7.999971
11.593684,11.555297,-0.000029,0.000000,-0.000004,0.000000,0.000000,0.000000,0.000000,-0.000000,8.000029,-7.999971
11.793575,11.755188,-0.000030,0.000000,-0.000004,0.000000,0.000000,0.000000,0.000000,-0.000000,8.000030,-7.999970
11.993466,11.955079,-0.000031,0.000000,-0.000004,0.000000,0.000000,0.000000,0.000000,-0.000000,8.000031,-7.999969
12.193357,12.154971,-0.000032,0.000000,-0.000004,0.000000,0.000000,0.000000,0.000000,-0.000000,8.000032,-7.999968
12.393248,12.354862,-0.000033,0.000000,-0.000004,0.000000,0.000000,0.000000,0.000000,-0.000000,8.000033,-7.999967
12.593140,12.554753,-0.000033,0.000000,-0.000004,0.000000,0.000000,0.000000,0.000000,-0.000000,8.000033,-7.999967
12.793031,12.754644,-0.000034,0.000000,-0.000004,0.000000,0.000000,0.000000,0.000000,-0.000000,8.000034,-7.999966
12.992922,12.954535,-0.000035,0.000000,-0.000004,0.000000,0.000000,0.000000,0.000000,-0.000000,8.000035,-7.999965
13.192813,13.154426,-0.000036,0.000000,-0.000004,0.000000,0.000000,0.000000,0.000000,-0.000000,8.000036,-7.999964
13.392704,13.354317,-0.000037,0.000000,-0.000004,0.000000,0.000000,0.000000,0.000000,-0.000000,8.000037,-7.999963
13.592595,13.554208,-0.000037,0.000000,-0.000004,0.000000,0.000000,0.000000,0.000000,-0.000000,8.000037,-7.999963
13.792486,13.754099,-0.000038,0.000000,-0.000004,0.000000,0.000000,0.000000,0.000000,-0.000000,8.000038,-7.999962
13.992377,13.953991,-0.000039,0.000000,-0.000004,0.000000,0.000000,0.000000,0.000000,-0.000000,8.000039,-7.999961
14.192268,14.153882,-0.000040,0.000000,-0.000004,0.000000,0.000000,0.000000,0.000000,-0.000000,8.000040,-7.999960
14.392159,14.353773,-0.000041,0.000000,-0.000004,0.000000,0.000000,0.000000,0.000000,-0.000000,8.000041,-7.999959
14.592051,14.553664,-0.000042,0.000000,-0.000005,0.000000,0.000000,0.000000,0.000000,-0.000000,8.000042,-7.999958
14.791942,14.753555,-0.000043,0.000000,-0.000005,0.000000,0.000000,0.000000,0.000000,-0.000000,8.000043,-7.999957
14.991833,14.953446,-0.000044,0.000000,-0.000005,0.000000,0.000000,0.000000,0.000000,-0.000001,8.000044,-7.999956
15.191724,15.153337,-0.000045,0.000000,-0.000005,0.000000,0.000000,0.000000,0.000000,-0.000003,8.000045,-7.999955
15.391615,15.353228,-0.000046,0.000000,-0.000006,0.000000,0.000000,0.000000,0.000000,-0.000002,8.000046,-7.999954
15.591506,15.553119,-0.000047,0.000000,-0.000006,0.000000,0.000000,0.000000,0.000000,-0.000000,8.000047,-7.999953
15.791397,15.753010,-0.000048,0.000000,-0.000006,0.000000,0.000000,0.000000,0.000000,-0.000000,8.000048,-7.999952
15.991288,15.952902,-0.000049,0.000000,-0.000006,0.000000,0.000000,0.000000,0.000000,-0.000000,8.000049,-7.999951
16.191179,16.152793,-0.000051,0.000000,-0.000006,0.000000,0.000000,0.000000,0.000000,-0.000000,8.000051,-7.999949
16.391071,16.352684,-0.000052,0.000000,-0.000006,0.000000,0.000000,0.000000,0.000000,-0.000000,8.000052,-7.999948
16.590962,16.552575,-0.000053,0.000000,-0.000006,0.000000,0.000000,0.000000,0.000000,-0.000001,8.000053,-7.999947
16.790853,16.752466,-0.000054,0.000000,-0.000006,0.000000,0.000000,0.000000,0.000000,0.000000,8.000054,-7.999946
16.990744,16.952357,-0.000056,0.000000,-0.000006,0.000000,0.000000,0.000000,0.000000,0.000002,8.000056,-7.999944
17.190635,17.152248,-0.000057,0.000000,-0.000006,0.000000,0.000000,0.000000,0.000000,0.000001,8.000057,-7.999943
17.390526,17.352139,-0.000058,0.000000,-0.000006,0.000000,0.000000,0.000000,0.000000,-0.000001,8.000058,-7.999942
17.590417,17.552030,-0.000059,0.000000,-0.000006,0.000000,0.000000,0.000000,0.000000,-0.000001,8.000059,-7.999941
17.790308,17.751922,-0.000060,0.000000,-0.000006,0.000000,0.000000,0.000000,0.000000,0.000001,8.000060,-7.999940
17.990199,17.951813,-0.000061,0.000000,-0.000005,0.000000,0.000000,0.000000,0.000000,0.000003,8.000061,-7.999939
18.190090,18.151704,-0.000062,0.000000,-0.000005,0.000000,0.000000,0.000000,0.000000,0.000000,8.000062,-7.999938
18.389982,18.351595,-0.000063,0.000000,-0.000005,0.000000,0.000000,0.000000,0.000000,-0.000001,8.000063,-7.999937
18.589873,18.551486,-0.000064,0.000000,-0.000005,0.000000,0.000000,0.000000,0.000000,-0.000001,8.000064,-7.999936
18.789764,18.751377,-0.000065,0.000000,-0.000005,0.000000,0.000000,0.000000,0.000000,-0.000000,8.000065,-7.999935
18.989655,18.951268,-0.000066,0.000000,-0.000005,0.000000,0.000000,0.000000,0.000000,-0.000001,8.000066,-7.999934
19.189546,19.151159,-0.000068,0.000000,-0.000006,0.000000,0.000000,0.000000,0.000000,-0.000001,8.000068,-7.999932
19.389437,19.351050,-0.000069,0.000000,-0.000006,0.000000,0.000000,0.000000,0.000000,-0.000001,8.000069,-7.999931
19.589328,19.550941,-0.000070,0.000000,-0.000006,0.000000,0.000000,0.000000,0.000000,-0.000000,8.000070,-7.999930
19.789219,19.750833,-0.000071,0.000000,-0.000006,0.000000,0.000000,0.000000,0.000000,-0.000001,8.000071,-7.999929
19.989110,19.950724,-0.000072,0.000000,-0.000006,0.000000,0.000000,0.000000,0.000000,-0.000003,8.000072,-7.999928
20.189002,20.150615,-0.000073,0.000000,-0.000007,0.000000,0.000000,0.000000,0.000000,-0.000003,8.000073,-7.999927
20.388893,20.350506,-0.000075,0.000000,-0.000007,0.000000,0.000000,0.000000,0.000000,-0.000001,8.000075,-7.999925
20.588784,20.550397,-0.000076,0.000000,-0.000008,0.000000,0.000000,0.000000,0.000000,-0.000002,8.000076,-7.999924
20.788675,20.750288,-0.000078,0.000000,-0.000008,0.000000,0.000000,0.000000,0.000000,-0.000003,8.000078,-7.999922
20.988566,20.950179,-0.000080,0.000000,-0.000009,0.000000,0.000000,0.000000,0.000000,-0.000001,8.000080,-7.999920
21.188457,21.150070,-0.000081,0.000000,-0.000009,0.000000,0.000000,0.000000,0.000000,-0.000002,8.000081,-7.999919
21.388348,21.349961,-0.000083,0.000000,-0.000009,0.000000,0.000000,0.000000,0.000000,-0.000004,8.000083,-7.999917
21.588239,21.549852,-0.000085,0.000000,-0.000010,0.000000,0.000000,0.000000,0.000000,-0.000001,8.000085,-7.999915
21.788130,21.749744,-0.000087,0.000000,-0.000010,0.000000,0.000000,0.000000,0.000000,-0.000000,8.000087,-7.999913
21.988021,21.949635,-0.000089,0.000000,-0.000010,0.000000,0.000000,0.000000,0.000000,-0.000001,8.000089,-7.999911
22.187913,22.149526,-0.000091,0.000000,-0.000010,0.000000,0.000000,0.000000,0.000000,-0.000001,8.000091,-7.999909
22.387804,22.349417,-0.000093,0.000000,-0.000011,0.000000,0.000000,0.000000,0.000000,-0.000001,8.000093,-7.999907
22.587695,22.549308,-0.000095,0.000000,-0.000011,0.000000,0.000000,0.000000,0.000000,-0.000001,8.000095,-7.999905
22.787586,22.749199,-0.000097,0.000000,-0.000011,0.000000,0.000000,0.000000,0.000000,0.000002,8.000097,-7.999903
22.987477,22.949090,-0.000099,0.000000,-0.000010,0.000000,0.000000,0.000000,0.000000,0.000003,8.000099,-7.999901
23.187368,23.148981,-0.000101,0.000000,-0.000010,0.000000,0.000000,0.000000,0.000000,0.000003,8.000101,-7.999899
23.387259,23.348872,-0.000103,0.000000,-0.000009,0.000000,0.000000,0.000000,0.000000,0.000002,8.000103,-7.999897
23.587150,23.548764,-0.000105,0.000000,-0.000009,0.000000,0.000000,0.000000,0.000000,0.000002,8.000105,-7.999895
23.787041,23.748655,-0.000107,0.000000,-0.000008,0.000000,0.000000,0.000000,0.000000,0.000002,8.000107,-7.999893
23.986933,23.948546,-0.000108,0.000000,-0.000008,0.000000,0.000000,0.000000,0.000000,0.000003,8.000108,-7.999892
24.186824,24.148437,-0.000110,0.000000,-0.000007,0.000000,0.000000,0.000000,0.000000,0.000002,8.000110,-7.999890
24.386715,24.348328,-0.000111,0.000000,-0.000007,0.000000,0.000000,0.000000,0.000000,-0.000001,8.000111,-7.999889
24.586606,24.548219,-0.000113,0.000000,-0.000007,0.000000,0.000000,0.000000,0.000000,-0.000001,8.000113,-7.999887
24.786497,24.748110,-0.000114,0.000000,-0.000007,0.000000,0.000000,0.000000,0.000000,-0.000001,8.000114,-7.999886
24.986388,24.948001,-0.000116,0.000000,-0.000008,0.000000,0.000000,0.000000,0.000000,-0.000001,8.000116,-7.999884
25.186279,25.147892,-0.000117,0.000000,-0.000008,0.000000,0.000000,0.000000,0.000000,-0.000001,8.000117,-7.999883
25.386170,25.347783,-0.000119,0.000000,-0.000008,0.000000,0.000000,0.000000,0.000000,-0.000000,8.000119,-7.999881
25.586061,25.547675,-0.000120,0.000000,-0.000008,0.000000,0.000000,0.000000,0.000000,0.000002,8.000121,-7.999879
25.785952,25.747566,-0.000122,0.000000,-0.000007,0.000000,0.000000,0.000000,0.000000,0.000002,8.000123,-7.999877
25.985844,25.947457,-0.000123,0.000000,-0.000007,0.000000,0.000000,0.000000,0.000000,0.000004,8.000125,-7.999875
26.185735,26.147348,-0.000125,0.000000,-0.000005,0.000000,0.000000,0.000000,0.000000,0.000012,8.000127,-7.999873
26.385626,26.347239,-0.000125,0.000000,-0.000002,0.000000,0.000000,0.000000,0.000000,0.000020,8.000129,-7.999871
26.585517,26.547130,-0.000125,0.000000,0.000003,0.000000,0.000000,0.000000,0.000000,0.000030,8.000132,-7.999868
26.785408,26.747021,-0.000124,0.000000,0.000011,0.000000,0.000000,0.000000,0.000000,0.000047,8.000134,-7.999866
26.985299,26.946912,-0.000121,0.000000,0.000022,0.000000,0.000000,0.000000,0.000000,0.000065,8.000137,-7.999863
27.185190,27.146803,-0.000115,0.000000,0.000037,0.000000,0.000000,0.000000,0.000000,0.000085,8.000139,-7.999860
27.385081,27.346695,-0.000106,0.000000,0.000057,0.000000,0.000000,0.000000,0.000000,0.000114,8.000140,-7.999858
27.584972,27.546586,-0.000092,0.000000,0.000083,0.000000,0.000000,0.000000,0.000000,0.000148,8.000141,-7.999857
27.784863,27.746477,-0.000072,0.000000,0.000117,0.000000,0.000000,0.000000,0.000000,0.000191,8.000144,-7.999853
27.984755,27.946368,-0.000045,0.000000,0.000160,0.000000,0.000000,0.000000,0.000000,0.000243,8.000145,-7.999850
28.184646,28.146259,-0.000007,0.000000,0.000214,0.000000,0.000000,0.000000,0.000000,0.000298,8.000145,-7.999849
28.384537,28.346150,0.000042,0.000000,0.000280,0.000000,0.000000,0.000000,0.000000,0.000365,8.000147,-7.999846
28.584428,28.546041,0.000106,0.000000,0.000361,0.000000,0.000000,0.000000,0.000000,0.000443,8.000146,-7.999846
28.784319,28.745932,0.000187,0.000000,0.000458,0.000000,0.000000,0.000000,0.000000,0.000527,8.000146,-7.999844
28.984210,28.945823,0.000290,0.000000,0.000574,0.000000,0.000000,0.000000,0.000000,0.000632,8.000147,-7.999842
29.184101,29.145714,0.000418,0.000000,0.000711,0.000000,0.000000,0.000000,0.000000,0.000744,8.000145,-7.999843
29.383992,29.345605,0.000576,0.000000,0.000872,0.000000,0.000000,0.000000,0.000000,0.000864,8.000145,-7.999842
29.583883,29.545496,0.000769,0.000000,0.001059,0.000000,0.000000,0.000000,0.000000,0.001010,8.000145,-7.999841
29.783775,29.745387,0.001001,0.000000,0.001277,0.000000,0.000000,0.000000,0.000000,0.001163,8.000138,-7.999846
29.983666,29.945278,0.001281,0.000000,0.001525,0.000000,0.000000,0.000000,0.000000,0.001327,8.000139,-7.999844
30.183557,30.145169,0.001614,0.000000,0.001810,0.000000,0.000000,0.000000,0.000000,0.001518,8.000137,-7.999844
30.383448,30.345060,0.002007,0.000000,0.002133,0.000000,0.000000,0.000000,0.000000,0.001716,8.000128,-7.999850
30.583339,30.544950,0.002469,0.000000,0.002498,0.000000,0.000000,0.000000,0.000000,0.001932,8.000130,-7.999847
30.783230,30.744841,0.003009,0.000000,0.002909,0.000000,0.000000,0.000000,0.000000,0.002180,8.000126,-7.999850
30.983121,30.944731,0.003635,0.000000,0.003369,0.000000,0.000000,0.000000,0.000000,0.002425,8.000117,-7.999859
31.183012,31.144621,0.004359,0.000000,0.003880,0.000000,0.000000,0.000000,0.000000,0.002695,8.000123,-7.999854
31.382903,31.344510,0.005190,0.000000,0.004449,0.000000,0.000000,0.000000,0.000000,0.002995,8.000115,-7.999863
31.582794,31.544399,0.006142,0.000000,0.005078,0.000000,0.000000,0.000000,0.000000,0.003293,8.000106,-7.999873
31.782686,31.744287,0.007225,0.000000,0.005769,0.000000,0.000000,0.000000,0.000000,0.003624,8.000114,-7.999867
31.982577,31.944174,0.008452,0.000000,0.006529,0.000000,0.000000,0.000000,0.000000,0.003981,8.000102,-7.999881
32.182468,32.144061,0.009839,0.000000,0.007360,0.000000,0.000000,0.000000,0.000000,0.004333,8.000099,-7.999890
32.382359,32.343946,0.011400,0.000000,0.008266,0.000000,0.000000,0.000000,0.000000,0.004727,8.000108,-7.999885
32.582250,32.543829,0.013149,0.000000,0.009251,0.000000,0.000000,0.000000,0.000000,0.005136,8.000090,-7.999909
32.782141,32.743711,0.015104,0.000000,0.010318,0.000000,0.000000,0.000000,0.000000,0.005541,8.000093,-7.999916
32.982032,32.943590,0.017280,0.000000,0.011471,0.000000,0.000000,0.000000,0.000000,0.005994,8.000106,-7.999913
33.181923,33.143466,0.019696,0.000000,0.012716,0.000000,0.000000,0.000000,0.000000,0.006458,8.000083,-7.999946
33.381814,33.343340,0.022370,0.000000,0.014053,0.000000,0.000000,0.000000,0.000000,0.006920,8.000096,-7.999948
33.581705,33.543209,0.025320,0.000000,0.015487,0.000000,0.000000,0.000000,0.000000,0.007428,8.000108,-7.999952
33.781597,33.743074,0.028568,0.000000,0.017023,0.000000,0.000000,0.000000,0.000000,0.007936,8.000085,-7.999994
33.981488,33.942933,0.032132,0.000000,0.018661,0.000000,0.000000,0.000000,0.000000,0.008452,8.000108,-7.999992
34.181379,34.142786,0.036034,0.000000,0.020407,0.000000,0.000000,0.000000,0.000000,0.009017,8.000116,-8.000006
34.381270,34.342632,0.040297,0.000000,0.022264,0.000000,0.000000,0.000000,0.000000,0.009565,8.000092,-8.000055
34.581161,34.542469,0.044942,0.000000,0.024232,0.000000,0.000000,0.000000,0.000000,0.010131,8.000129,-8.000049
34.781052,34.742296,0.049992,0.000000,0.026318,0.000000,0.000000,0.000000,0.000000,0.010740,8.000133,-8.000077
34.980943,34.942112,0.055470,0.000000,0.028523,0.000000,0.000000,0.000000,0.000000,0.011322,8.000111,-8.000133
35.180834,35.141915,0.061401,0.000000,0.030848,0.000000,0.000000,0.000000,0.000000,0.011935,8.000164,-8.000121
35.380725,35.341703,0.067809,0.000000,0.033298,0.000000,0.000000,0.000000,0.000000,0.012586,8.000159,-8.000168
35.580617,35.541475,0.074719,0.000000,0.035875,0.000000,0.000000,0.000000,0.000000,0.013199,8.000152,-8.000219
35.780508,35.741227,0.082156,0.000000,0.038579,0.000000,0.000000,0.000000,0.000000,0.013850,8.000214,-8.000208
35.980399,35.940959,0.090147,0.000000,0.041414,0.000000,0.000000,0.000000,0.000000,0.014522,8.000202,-8.000274
36.180290,36.140666,0.098717,0.000000,0.044381,0.000000,0.000000,0.000000,0.000000,0.015160,8.000212,-8.000322
36.380181,36.340346,0.107893,0.000000,0.047480,0.000000,0.000000,0.000000,0.000000,0.015846,8.000280,-8.000315
36.580072,36.539996,0.117701,0.000000,0.050716,0.000000,0.000000,0.000000,0.000000,0.016534,8.000258,-8.000401
36.779963,36.739613,0.128168,0.000000,0.054087,0.000000,0.000000,0.000000,0.000000,0.017190,8.000292,-8.000436
36.979854,36.939193,0.139322,0.000000,0.057594,0.000000,0.000000,0.000000,0.000000,0.017897,8.000363,-8.000437
37.179745,37.138731,0.151190,0.000000,0.061241,0.000000,0.000000,0.000000,0.000000,0.018593,8.000331,-8.000544
37.379636,37.338224,0.163799,0.000000,0.065024,0.000000,0.000000,0.000000,0.000000,0.019259,8.000393,-8.000563
37.579528,37.537667,0.177176,0.000000,0.068945,0.000000,0.000000,0.000000,0.000000,0.019977,8.000461,-8.000579
37.779419,37.737055,0.191349,0.000000,0.073008,0.000000,0.000000,0.000000,0.000000,0.020669,8.000430,-8.000696
37.979310,37.936382,0.206346,0.000000,0.077207,0.000000,0.000000,0.000000,0.000000,0.021344,8.000520,-8.000697
38.179201,38.135644,0.222194,0.000000,0.081544,0.000000,0.000000,0.000000,0.000000,0.022057,8.000578,-8.000733
38.379092,38.334834,0.238919,0.000000,0.086021,0.000000,0.000000,0.000000,0.000000,0.022734,8.000548,-8.000860
38.578983,38.533946,0.256550,0.000000,0.090633,0.000000,0.000000,0.000000,0.000000,0.023410,8.000667,-8.000843
38.778874,38.732973,0.275112,0.000000,0.095383,0.000000,0.000000,0.000000,0.000000,0.024111,8.000709,-8.000904
38.978765,38.931909,0.294633,0.000000,0.100267,0.000000,0.000000,0.000000,0.000000,0.024763,8.000694,-8.001025
39.178656,39.130745,0.315139,0.000000,0.105283,0.000000,0.000000,0.000000,0.000000,0.025424,8.000828,-8.000999
39.378548,39.329475,0.336655,0.000000,0.110434,0.000000,0.000000,0.000000,0.000000,0.026107,8.000852,-8.001086
39.578439,39.528089,0.359207,0.000000,0.115715,0.000000,0.000000,0.000000,0.000000,0.026733,8.000855,-8.001195
39.778330,39.726580,0.382820,0.000000,0.121123,0.000000,0.000000,0.000000,0.000000,0.027377,8.001006,-8.001158
39.978221,39.924939,0.407520,0.000000,0.126659,0.000000,0.000000,0.000000,0.000000,0.028019,8.001008,-8.001271
40.178112,40.123157,0.433329,0.000000,0.132319,0.000000,0.000000,0.000000,0.000000,0.028610,8.001042,-8.001353
40.378003,40.321224,0.460272,0.000000,0.138100,0.000000,0.000000,0.000000,0.000000,0.029225,8.001189,-8.001323
40.577894,40.519130,0.488371,0.000000,0.144001,0.000000,0.000000,0.000000,0.000000,0.029824,8.001168,-8.001461
40.777785,40.716865,0.517650,0.000000,0.150018,0.000000,0.000000,0.000000,0.000000,0.030376,8.001236,-8.001510
40.977676,40.914418,0.548128,0.000000,0.156148,0.000000,0.000000,0.000000,0.000000,0.030954,8.001373,-8.001490
41.177567,41.111779,0.579828,0.000000,0.162390,0.000000,0.000000,0.000000,0.000000,0.031502,8.001334,-8.001644
41.377459,41.308937,0.612770,0.000000,0.168738,0.000000,0.000000,0.000000,0.000000,0.032010,8.001431,-8.001664
41.577350,41.505880,0.646973,0.000000,0.175189,0.000000,0.000000,0.000000,0.000000,0.032540,8.001553,-8.001656
41.777241,41.702596,0.682456,0.000000,0.181743,0.000000,0.000000,0.000000,0.000000,0.033034,8.001499,-8.001822
41.977132,41.899074,0.719237,0.000000,0.188393,0.000000,0.000000,0.000000,0.000000,0.033499,8.001634,-8.001797
42.177023,42.095300,0.757333,0.000000,0.195137,0.000000,0.000000,0.000000,0.000000,0.033978,8.001724,-8.001814
42.376914,42.291264,0.796761,0.000000,0.201972,0.000000,0.000000,0.000000,0.000000,0.034412,8.001671,-8.001974
42.576805,42.486952,0.837535,0.000000,0.208892,0.000000,0.000000,0.000000,0.000000,0.034826,8.001825,-8.001924
42.776696,42.682351,0.879671,0.000000,0.215895,0.000000,0.000000,0.000000,0.000000,0.035245,8.001882,-8.001967
42.976587,42.877449,0.923182,0.000000,0.222978,0.000000,0.000000,0.000000,0.000000,0.035623,8.001836,-8.002110
43.176479,43.072232,0.968081,0.000000,0.230135,0.000000,0.000000,0.000000,0.000000,0.035990,8.002003,-8.002036
43.376370,43.266687,1.014380,0.000000,0.237365,0.000000,0.000000,0.000000,0.000000,0.036346,8.002022,-8.002106
43.576261,43.460800,1.062090,0.000000,0.244662,0.000000,0.000000,0.000000,0.000000,0.036664,8.001983,-8.002229
43.776152,43.654559,1.111221,0.000000,0.252022,0.000000,0.000000,0.000000,0.000000,0.036980,8.002161,-8.002133
43.976043,43.847949,1.161784,0.000000,0.259445,0.000000,0.000000,0.000000,0.000000,0.037282,8.002139,-8.002233
44.175934,44.040957,1.213786,0.000000,0.266923,0.000000,0.000000,0.000000,0.000000,0.037544,8.002140,-8.002307
44.375825,44.233569,1.267235,0.000000,0.274454,0.000000,0.000000,0.000000,0.000000,0.037804,8.002300,-8.002215
44.575716,44.425772,1.322137,0.000000,0.282035,0.000000,0.000000,0.000000,0.000000,0.038045,8.002246,-8.002333
44.775607,44.617552,1.378500,0.000000,0.289661,0.000000,0.000000,0.000000,0.000000,0.038257,8.002273,-8.002366
44.975498,44.808895,1.436327,0.000000,0.297329,0.000000,0.000000,0.000000,0.000000,0.038469,8.002414,-8.002280
45.175390,44.999788,1.495624,0.000000,0.305038,0.000000,0.000000,0.000000,0.000000,0.038658,8.002332,-8.002414
45.375281,45.190217,1.556395,0.000000,0.312781,0.000000,0.000000,0.000000,0.000000,0.038822,8.002394,-8.002399
45.575172,45.380169,1.618641,0.000000,0.320558,0.000000,0.000000,0.000000,0.000000,0.038985,8.002505,-8.002331
45.775063,45.569630,1.682365,0.000000,0.328365,0.000000,0.000000,0.000000,0.000000,0.039127,8.002394,-8.002481
45.974954,45.758586,1.747569,0.000000,0.336198,0.000000,0.000000,0.000000,0.000000,0.039251,8.002498,-8.002412
46.174845,45.947026,1.814254,0.000000,0.344056,0.000000,0.000000,0.000000,0.000000,0.039369,8.002571,-8.002371
46.374736,46.134935,1.882419,0.000000,0.351936,0.000000,0.000000,0.000000,0.000000,0.039471,8.002464,-8.002506
46.574627,46.322300,1.952065,0.000000,0.359835,0.000000,0.000000,0.000000,0.000000,0.039561,8.002587,-8.002406
46.774518,46.509109,2.023190,0.000000,0.367751,0.000000,0.000000,0.000000,0.000000,0.039643,8.002621,-8.002393
46.974409,46.695348,2.095793,0.000000,0.375681,0.000000,0.000000,0.000000,0.000000,0.039708,8.002514,-8.002518
47.174301,46.881005,2.169872,0.000000,0.383625,0.000000,0.000000,0.000000,0.000000,0.039768,8.002658,-8.002388
47.374192,47.066067,2.245424,0.000000,0.391580,0.000000,0.000000,0.000000,0.000000,0.039823,8.002650,-8.002409
47.574083,47.250522,2.322447,0.000000,0.399544,0.000000,0.000000,0.000000,0.000000,0.039865,8.002563,-8.002504
47.773974,47.434358,2.400937,0.000000,0.407516,0.000000,0.000000,0.000000,0.000000,0.039900,8.002708,-8.002368
47.973865,47.617562,2.480891,0.000000,0.415495,0.000000,0.000000,0.000000,0.000000,0.039929,8.002659,-8.002423
48.173756,47.800121,2.562305,0.000000,0.423479,0.000000,0.000000,0.000000,0.000000,0.039954,8.002606,-8.002480
48.373647,47.982025,2.645174,0.000000,0.431468,0.000000,0.000000,0.000000,0.000000,0.039978,8.002748,-8.002339
48.573538,48.163261,2.729494,0.000000,0.439460,0.000000,0.000000,0.000000,0.000000,0.039989,8.002667,-8.002421
48.773429,48.343817,2.815260,0.000000,0.447454,0.000000,0.000000,0.000000,0.000000,0.040000,8.002648,-8.002440
48.973321,48.523681,2.902467,0.000000,0.455451,0.000000,0.000000,0.000000,0.000000,0.040013,8.002771,-8.002316
49.173212,48.702842,2.991110,0.000000,0.463450,0.000000,0.000000,0.000000,0.000000,0.040017,8.002662,-8.002423
49.373103,48.881289,3.081183,0.000000,0.471450,0.000000,0.000000,0.000000,0.000000,0.040021,8.002687,-8.002398
49.572994,49.059009,3.172680,0.000000,0.479450,0.000000,0.000000,0.000000,0.000000,0.040025,8.002783,-8.002299
49.772885,49.235991,3.265597,0.000000,0.487451,0.000000,0.000000,0.000000,0.000000,0.040026,8.002656,-8.002423
49.972776,49.412224,3.359926,0.000000,0.495451,0.000000,0.000000,0.000000,0.000000,0.040025,8.002713,-8.002364
50.172667,49.587697,3.455663,0.000000,0.503452,0.000000,0.000000,0.000000,0.000000,0.040023,8.002783,-8.002292
50.372558,49.762399,3.552800,0.000000,0.511452,0.000000,0.000000,0.000000,0.000000,0.040024,8.002649,-8.002423
50.572449,49.936318,3.651331,0.000000,0.519452,0.000000,0.000000,0.000000,0.000000,0.040025,8.002747,-8.002321
50.772340,50.109443,3.751251,0.000000,0.527453,0.000000,0.000000,0.000000,0.000000,0.040023,8.002779,-8.002286
50.972232,50.281763,3.852553,0.000000,0.535453,0.000000,0.000000,0.000000,0.000000,0.040020,8.002652,-8.002410
51.172123,50.453267,3.955230,0.000000,0.543452,0.000000,0.000000,0.000000,0.000000,0.040019,8.002771,-8.002288
51.372014,50.623944,4.059276,0.000000,0.551452,0.000000,0.000000,0.000000,0.000000,0.040022,8.002766,-8.002291
51.571905,50.793783,4.164684,0.000000,0.559452,0.000000,0.000000,0.000000,0.000000,0.040020,8.002659,-8.002396
51.771796,50.962774,4.271447,0.000000,0.567451,0.000000,0.000000,0.000000,0.000000,0.040019,8.002789,-8.002261
51.971687,51.130906,4.379558,0.000000,0.575451,0.000000,0.000000,0.000000,0.000000,0.040019,8.002750,-8.002297
52.171578,51.298167,4.489011,0.000000,0.583450,0.000000,0.000000,0.000000,0.000000,0.040018,8.002660,-8.002385
52.371469,51.464547,4.599799,0.000000,0.591450,0.000000,0.000000,0.000000,0.000000,0.040019,8.002805,-8.002237
52.571360,51.630036,4.711913,0.000000,0.599449,0.000000,0.000000,0.000000,0.000000,0.040019,8.002728,-8.002311
52.771251,51.794622,4.825348,0.000000,0.607448,0.000000,0.000000,0.000000,0.000000,0.040018,8.002689,-8.002347
52.971143,51.958296,4.940096,0.000000,0.615448,0.000000,0.000000,0.000000,0.000000,0.040019,8.002814,-8.002220
53.171034,52.121047,5.056150,0.000000,0.623447,0.000000,0.000000,0.000000,0.000000,0.040021,8.002712,-8.002319
53.370925,52.282864,5.173502,0.000000,0.631447,0.000000,0.000000,0.000000,0.000000,0.040021,8.002710,-8.002319
53.570816,52.443738,5.292144,0.000000,0.639447,0.000000,0.000000,0.000000,0.000000,0.040019,8.002816,-8.002209
53.770707,52.603657,5.412070,0.000000,0.647446,0.000000,0.000000,0.000000,0.000000,0.040018,8.002693,-8.002328
53.970598,52.762611,5.533271,0.000000,0.655445,0.000000,0.000000,0.000000,0.000000,0.040019,8.002731,-8.002288
54.170489,52.920591,5.655739,0.000000,0.663445,0.000000,0.000000,0.000000,0.000000,0.040022,8.002811,-8.002206
54.370380,53.077586,5.779468,0.000000,0.671445,0.000000,0.000000,0.000000,0.000000,0.040019,8.002667,-8.002349
54.570271,53.233587,5.904448,0.000000,0.679444,0.000000,0.000000,0.000000,0.000000,0.040019,8.002756,-8.002257
54.770163,53.388582,6.030673,0.000000,0.687444,0.000000,0.000000,0.000000,0.000000,0.040021,8.002799,-8.002211
54.970054,53.542563,6.158133,0.000000,0.695444,0.000000,0.000000,0.000000,0.000000,0.040020,8.002668,-8.002340
55.169945,53.695520,6.286821,0.000000,0.703443,0.000000,0.000000,0.000000,0.000000,0.040018,8.002775,-8.002232
55.369836,53.847442,6.416728,0.000000,0.711443,0.000000,0.000000,0.000000,0.000000,0.040018,8.002785,-8.002220
55.569727,53.998320,6.547847,0.000000,0.719442,0.000000,0.000000,0.000000,0.000000,0.040016,8.002663,-8.002339
55.769618,54.148144,6.680168,0.000000,0.727440,0.000000,0.000000,0.000000,0.000000,0.040016,8.002790,-8.002209
55.969509,54.296905,6.813683,0.000000,0.735439,0.000000,0.000000,0.000000,0.000000,0.040018,8.002762,-8.002235
56.169400,54.444594,6.948384,0.000000,0.743439,0.000000,0.000000,0.000000,0.000000,0.040017,8.002665,-8.002331
56.369291,54.591200,7.084262,0.000000,0.751437,0.000000,0.000000,0.000000,0.000000,0.040015,8.002798,-8.002197
56.569182,54.736715,7.221308,0.000000,0.759436,0.000000,0.000000,0.000000,0.000000,0.040015,8.002731,-8.002262
56.769074,54.881129,7.359514,0.000000,0.767435,0.000000,0.000000,0.000000,0.000000,0.040015,8.002674,-8.002316
56.968965,55.024433,7.498871,0.000000,0.775433,0.000000,0.000000,0.000000,0.000000,0.040015,8.002805,-8.002183
57.168856,55.166618,7.639369,0.000000,0.783432,0.000000,0.000000,0.000000,0.000000,0.040015,8.002713,-8.002273
57.368747,55.307674,7.781000,0.000000,0.791431,0.000000,0.000000,0.000000,0.000000,0.040015,8.002690,-8.002294
57.568638,55.447593,7.923755,0.000000,0.799429,0.000000,0.000000,0.000000,0.000000,0.040015,8.002805,-8.002178
57.768529,55.586365,8.067624,0.000000,0.807428,0.000000,0.000000,0.000000,0.000000,0.040015,8.002688,-8.002294
57.968420,55.723983,8.212599,0.000000,0.815426,0.000000,0.000000,0.000000,0.000000,0.040014,8.002708,-8.002270
58.168311,55.860436,8.358670,0.000000,0.823425,0.000000,0.000000,0.000000,0.000000,0.040012,8.002798,-8.002179
58.368202,55.995717,8.505827,0.000000,0.831423,0.000000,0.000000,0.000000,0.000000,0.040013,8.002665,-8.002311
58.568094,56.129817,8.654062,0.000000,0.839421,0.000000,0.000000,0.000000,0.000000,0.040015,8.002721,-8.002253
58.767985,56.262726,8.803365,0.000000,0.847420,0.000000,0.000000,0.000000,0.000000,0.040015,8.002784,-8.002189
58.967876,56.394437,8.953726,0.000000,0.855419,0.000000,0.000000,0.000000,0.000000,0.040015,8.002650,-8.002322
59.167767,56.524942,9.105135,0.000000,0.863417,0.000000,0.000000,0.000000,0.000000,0.040015,8.002747,-8.002224
59.367658,56.654231,9.257584,0.000000,0.871416,0.000000,0.000000,0.000000,0.000000,0.040015,8.002772,-8.002197
59.567549,56.782296,9.411062,0.000000,0.879415,0.000000,0.000000,0.000000,0.000000,0.040013,8.002643,-8.002325
59.767440,56.909130,9.565559,0.000000,0.887413,0.000000,0.000000,0.000000,0.000000,0.040012,8.002763,-8.002204
59.967331,57.034724,9.721066,0.000000,0.895411,0.000000,0.000000,0.000000,0.000000,0.040014,8.002750,-8.002215
60.167222,57.159070,9.877572,0.000000,0.903410,0.000000,0.000000,0.000000,0.000000,0.040015,8.002644,-8.002320
60.367113,57.282161,10.035068,0.000000,0.911408,0.000000,0.000000,0.000000,0.000000,0.040015,8.002773,-8.002189
60.567005,57.403988,10.193544,0.000000,0.919407,0.000000,0.000000,0.000000,0.000000,0.040015,8.002727,-8.002235
60.766896,57.524543,10.352989,0.000000,0.927406,0.000000,0.000000,0.000000,0.000000,0.040015,8.002639,-8.002321
60.966787,57.643819,10.513393,0.000000,0.935404,0.000000,0.000000,0.000000,0.000000,0.040015,8.002781,-8.002177
61.166678,57.761808,10.674746,0.000000,0.943403,0.000000,0.000000,0.000000,0.000000,0.040015,8.002699,-8.002258
61.366569,57.878503,10.837037,0.000000,0.951401,0.000000,0.000000,0.000000,0.000000,0.040014,8.002662,-8.002294
61.566460,57.993897,11.000257,0.000000,0.959400,0.000000,0.000000,0.000000,0.000000,0.040012,8.002783,-8.002173
61.766351,58.107981,11.164394,0.000000,0.967398,0.000000,0.000000,0.000000,0.000000,0.040014,8.002676,-8.002280
61.966242,58.220748,11.329439,0.000000,0.975396,0.000000,0.000000,0.000000,0.000000,0.040015,8.002678,-8.002277
62.166133,58.332192,11.495380,0.000000,0.983395,0.000000,0.000000,0.000000,0.000000,0.040015,8.002779,-8.002174
62.366025,58.442305,11.662207,0.000000,0.991393,0.000000,0.000000,0.000000,0.000000,0.040012,8.002654,-8.002298
62.565916,58.551080,11.829910,0.000000,0.999391,0.000000,0.000000,0.000000,0.000000,0.040012,8.002693,-8.002257
62.765807,58.658511,11.998477,0.000000,1.007390,0.000000,0.000000,0.000000,0.000000,0.040015,8.002769,-8.002181
62.965698,58.764589,12.167898,0.000000,1.015388,0.000000,0.000000,0.000000,0.000000,0.040013,8.002625,-8.002325
63.165589,58.869310,12.338163,0.000000,1.023386,0.000000,0.000000,0.000000,0.000000,0.040011,8.002715,-8.002233
63.365480,58.972665,12.509259,0.000000,1.031384,0.000000,0.000000,0.000000,0.000000,0.040012,8.002754,-8.002194
63.565371,59.074648,12.681177,0.000000,1.039383,0.000000,0.000000,0.000000,0.000000,0.040013,8.002622,-8.002324
63.765262,59.175253,12.853904,0.000000,1.047381,0.000000,0.000000,0.000000,0.000000,0.040015,8.002731,-8.002215
63.965153,59.274474,13.027431,0.000000,1.055379,0.000000,0.000000,0.000000,0.000000,0.040012,8.002736,-8.002209
64.165044,59.372303,13.201746,0.000000,1.063377,0.000000,0.000000,0.000000,0.000000,0.040013,8.002617,-8.002327
64.364936,59.468735,13.376838,0.000000,1.071376,0.000000,0.000000,0.000000,0.000000,0.040015,8.002746,-8.002198
64.564827,59.563763,13.552695,0.000000,1.079374,0.000000,0.000000,0.000000,0.000000,0.040013,8.002714,-8.002229
64.764718,59.657382,13.729307,0.000000,1.087372,0.000000,0.000000,0.000000,0.000000,0.040011,8.002617,-8.002325
64.964609,59.749586,13.906662,0.000000,1.095370,0.000000,0.000000,0.000000,0.000000,0.040012,8.002752,-8.002189
65.164500,59.840368,14.084749,0.000000,1.103369,0.000000,0.000000,0.000000,0.000000,0.040014,8.002682,-8.002258
65.364391,59.929722,14.263556,0.000000,1.111367,0.000000,0.000000,0.000000,0.000000,0.040014,8.002631,-8.002309
65.564282,60.017644,14.443072,0.000000,1.119365,0.000000,0.000000,0.000000,0.000000,0.040012,8.002758,-8.002182
65.764173,60.104127,14.623285,0.000000,1.127363,0.000000,0.000000,0.000000,0.000000,0.040011,8.002663,-8.002276
65.964064,60.189166,14.804185,0.000000,1.135361,0.000000,0.000000,0.000000,0.000000,0.040013,8.002645,-8.002293
66.163955,60.272755,14.985759,0.000000,1.143360,0.000000,0.000000,0.000000,0.000000,0.040015,8.002757,-8.002180
66.363847,60.354889,15.167995,0.000000,1.151358,0.000000,0.000000,0.000000,0.000000,0.040013,8.002639,-8.002297
66.563738,60.435564,15.350883,0.000000,1.159356,0.000000,0.000000,0.000000,0.000000,0.040013,8.002665,-8.002271
66.763629,60.514772,15.534410,0.000000,1.167355,0.000000,0.000000,0.000000,0.000000,0.040015,8.002753,-8.002184
66.963520,60.592511,15.718565,0.000000,1.175353,0.000000,0.000000,0.000000,0.000000,0.040013,8.002617,-8.002319
67.163411,60.668774,15.903336,0.000000,1.183351,0.000000,0.000000,0.000000,0.000000,0.040011,8.002680,-8.002254
67.363302,60.743556,16.088710,0.000000,1.191349,0.000000,0.000000,0.000000,0.000000,0.040012,8.002738,-8.002196
67.563193,60.816854,16.274677,0.000000,1.199347,0.000000,0.000000,0.000000,0.000000,0.040014,8.002604,-8.002330
67.763084,60.888662,16.461224,0.000000,1.207346,0.000000,0.000000,0.000000,0.000000,0.040015,8.002703,-8.002230
67.962975,60.958976,16.648340,0.000000,1.215344,0.000000,0.000000,0.000000,0.000000,0.040012,8.002726,-8.002208
68.162867,61.027791,16.836012,0.000000,1.223342,0.000000,0.000000,0.000000,0.000000,0.040011,8.002597,-8.002337
68.362758,61.095102,17.024228,0.000000,1.231340,0.000000,0.000000,0.000000,0.000000,0.040012,8.002720,-8.002212
68.562649,61.160906,17.212977,0.000000,1.239339,0.000000,0.000000,0.000000,0.000000,0.040015,8.002703,-8.002229
68.762540,61.225199,17.402246,0.000000,1.247337,0.000000,0.000000,0.000000,0.000000,0.040014,8.002599,-8.002333
68.962431,61.287975,17.592023,0.000000,1.255335,0.000000,0.000000,0.000000,0.000000,0.040012,8.002729,-8.002203
69.162322,61.349232,17.782296,0.000000,1.263333,0.000000,0.000000,0.000000,0.000000,0.040012,8.002679,-8.002253
69.362213,61.408965,17.973053,0.000000,1.271331,0.000000,0.000000,0.000000,0.000000,0.040011,8.002599,-8.002333
69.562104,61.467170,18.164282,0.000000,1.279329,0.000000,0.000000,0.000000,0.000000,0.040012,8.002739,-8.002192
69.761995,61.523844,18.355970,0.000000,1.287328,0.000000,0.000000,0.000000,0.000000,0.040014,8.002654,-8.002275
69.961886,61.578983,18.548105,0.000000,1.295326,0.000000,0.000000,0.000000,0.000000,0.040014,8.002621,-8.002309
70.161778,61.632583,18.740675,0.000000,1.303324,0.000000,0.000000,0.000000,0.000000,0.040012,8.002740,-8.002189
70.361669,61.684642,18.933668,0.000000,1.311322,0.000000,0.000000,0.000000,0.000000,0.040012,8.002629,-8.002299
70.561560,61.735155,19.127071,0.000000,1.319320,0.000000,0.000000,0.000000,0.000000,0.040012,8.002638,-8.002290
70.761451,61.784120,19.320871,0.000000,1.327318,0.000000,0.000000,0.000000,0.000000,0.040012,8.002736,-8.002192
70.961342,61.831534,19.515057,0.000000,1.335316,0.000000,0.000000,0.000000,0.000000,0.040011,8.002610,-8.002318
71.161233,61.877392,19.709616,0.000000,1.343314,0.000000,0.000000,0.000000,0.000000,0.040013,8.002654,-8.002274
71.361124,61.921693,19.904536,0.000000,1.351313,0.000000,0.000000,0.000000,0.000000,0.040015,8.002728,-8.002200
71.561015,61.964434,20.099803,0.000000,1.359311,0.000000,0.000000,0.000000,0.000000,0.040013,8.002587,-8.002341
71.760906,62.005612,20.295407,0.000000,1.367309,0.000000,0.000000,0.000000,0.000000,0.040012,8.002680,-8.002248
71.960797,62.045223,20.491333,0.000000,1.375307,0.000000,0.000000,0.000000,0.000000,0.040012,8.002715,-8.002212
72.160689,62.083267,20.687570,0.000000,1.383305,0.000000,0.000000,0.000000,0.000000,0.040011,8.002585,-8.002341
72.360580,62.119740,20.884105,0.000000,1.391303,0.000000,0.000000,0.000000,0.000000,0.040013,8.002695,-8.002231
72.560471,62.154640,21.080925,0.000000,1.399302,0.000000,0.000000,0.000000,0.000000,0.040015,8.002696,-8.002230
72.760362,62.187964,21.278019,0.000000,1.407300,0.000000,0.000000,0.000000,0.000000,0.040014,8.002582,-8.002344
72.960253,62.219711,21.475372,0.000000,1.415299,0.000000,0.000000,0.000000,0.000000,0.040012,8.002711,-8.002215
73.160144,62.249878,21.672973,0.000000,1.423297,0.000000,0.000000,0.000000,0.000000,0.040012,8.002676,-8.002250
73.360035,62.278464,21.870809,0.000000,1.431295,0.000000,0.000000,0.000000,0.000000,0.040012,8.002582,-8.002344
73.559926,62.305467,22.068867,0.000000,1.439293,0.000000,0.000000,0.000000,0.000000,0.040012,8.002721,-8.002205
73.759817,62.330885,22.267135,0.000000,1.447291,0.000000,0.000000,0.000000,0.000000,0.040012,8.002649,-8.002277
73.959709,62.354717,22.465600,0.000000,1.455289,0.000000,0.000000,0.000000,0.000000,0.040013,8.002600,-8.002324
74.159600,62.376960,22.664249,0.000000,1.463287,0.000000,0.000000,0.000000,0.000000,0.040015,8.002726,-8.002198
74.359491,62.397614,22.863070,0.000000,1.471286,0.000000,0.000000,0.000000,0.000000,0.040013,8.002629,-8.002295
74.559382,62.416677,23.062049,0.000000,1.479284,0.000000,0.000000,0.000000,0.000000,0.040012,8.002614,-8.002310
74.759273,62.434147,23.261175,0.000000,1.487282,0.000000,0.000000,0.000000,0.000000,0.040012,8.002726,-8.002198
74.959164,62.450025,23.460434,0.000000,1.495280,0.000000,0.000000,0.000000,0.000000,0.040012,8.002607,-8.002317
75.159055,62.464309,23.659814,0.000000,1.503278,0.000000,0.000000,0.000000,0.000000,0.040013,8.002636,-8.002288
75.358946,62.476997,23.859301,0.000000,1.511276,0.000000,0.000000,0.000000,0.000000,0.040015,8.002721,-8.002203
75.558837,62.488089,24.058884,0.000000,1.519275,0.000000,0.000000,0.000000,0.000000,0.040013,8.002583,-8.002341
75.758728,62.497585,24.258548,0.000000,1.527273,0.000000,0.000000,0.000000,0.000000,0.040012,8.002654,-8.002268
75.958620,62.505484,24.458283,0.000000,1.535271,0.000000,0.000000,0.000000,0.000000,0.040012,8.002708,-8.002215
76.158511,62.511784,24.658074,0.000000,1.543269,0.000000,0.000000,0.000000,0.000000,0.040012,8.002576,-8.002348
76.358402,62.516487,24.857909,0.000000,1.551267,0.000000,0.000000,0.000000,0.000000,0.040012,8.002676,-8.002246
76.558293,62.519591,25.057776,0.000000,1.559265,0.000000,0.000000,0.000000,0.000000,0.040012,8.002695,-8.002227
76.758184,62.521097,25.257661,0.000000,1.567263,0.000000,0.000000,0.000000,0.000000,0.040011,8.002567,-8.002355
76.958075,62.521004,25.457551,0.000000,1.575261,0.000000,0.000000,0.000000,0.000000,0.040013,8.002695,-8.002227
77.157966,62.519312,25.657435,0.000000,1.583260,0.000000,0.000000,0.000000,0.000000,0.040015,8.002675,-8.002247
77.357857,62.516021,25.857298,0.000000,1.591258,0.000000,0.000000,0.000000,0.000000,0.040014,8.002573,-8.002349
77.557748,62.511132,26.057129,0.000000,1.599256,0.000000,0.000000,0.000000,0.000000,0.040012,8.002704,-8.002218
77.757640,62.504645,26.256914,0.000000,1.607254,0.000000,0.000000,0.000000,0.000000,0.040012,8.002649,-8.002273
77.957531,62.496560,26.456641,0.000000,1.615252,0.000000,0.000000,0.000000,0.000000,0.040012,8.002578,-8.002344
78.157422,62.486878,26.656297,0.000000,1.623250,0.000000,0.000000,0.000000,0.000000,0.040012,8.002715,-8.002207
78.357313,62.475600,26.855869,0.000000,1.631249,0.000000,0.000000,0.000000,0.000000,0.040012,8.002628,-8.002294
78.557204,62.462726,27.055345,0.000000,1.639247,0.000000,0.000000,0.000000,0.000000,0.040013,8.002599,-8.002323
78.757095,62.448256,27.254711,0.000000,1.647245,0.000000,0.000000,0.000000,0.000000,0.040015,8.002717,-8.002205
78.956986,62.432193,27.453955,0.000000,1.655244,0.000000,0.000000,0.000000,0.000000,0.040013,8.002604,-8.002318
79.156877,62.414536,27.653064,0.000000,1.663242,0.000000,0.000000,0.000000,0.000000,0.040012,8.002620,-8.002302
79.356768,62.395288,27.852026,0.000000,1.671240,0.000000,0.000000,0.000000,0.000000,0.040012,8.002715,-8.002207
79.556659,62.374449,28.050827,0.000000,1.679238,0.000000,0.000000,0.000000,0.000000,0.040012,8.002586,-8.002336
79.756551,62.352020,28.249456,0.000000,1.687236,0.000000,0.000000,0.000000,0.000000,0.040012,8.002635,-8.002287
79.956442,62.328004,28.447898,0.000000,1.695234,0.000000,0.000000,0.000000,0.000000,0.040012,8.002706,-8.002216
80.156333,62.302401,28.646142,0.000000,1.703232,0.000000,0.000000,0.000000,0.000000,0.040014,8.002567,-8.002355
80.356224,62.275214,28.844175,0.000000,1.711231,0.000000,0.000000,0.000000,0.000000,0.040015,8.002661,-8.002261
80.556115,62.246443,29.041985,0.000000,1.719229,0.000000,0.000000,0.000000,0.000000,0.040013,8.002694,-8.002228
80.756006,62.216091,29.239557,0.000000,1.727227,0.000000,0.000000,0.000000,0.000000,0.040012,8.002564,-8.002358
80.955897,62.184160,29.436881,0.000000,1.735225,0.000000,0.000000,0.000000,0.000000,0.040012,8.002677,-8.002243
81.155788,62.150652,29.633943,0.000000,1.743223,0.000000,0.000000,0.000000,0.000000,0.040012,8.002674,-8.002246
81.355679,62.115569,29.830731,0.000000,1.751221,0.000000,0.000000,0.000000,0.000000,0.040012,8.002563,-8.002357
81.555571,62.078913,30.027232,0.000000,1.759219,0.000000,0.000000,0.000000,0.000000,0.040013,8.002692,-8.002228
81.755462,62.040686,30.223433,0.000000,1.767218,0.000000,0.000000,0.000000,0.000000,0.040015,8.002655,-8.002265
81.955353,62.000891,30.419322,0.000000,1.775216,0.000000,0.000000,0.000000,0.000000,0.040014,8.002562,-8.002358
82.155244,61.959531,30.614887,0.000000,1.783215,0.000000,0.000000,0.000000,0.000000,0.040012,8.002702,-8.002218
82.355135,61.916608,30.810115,0.000000,1.791213,0.000000,0.000000,0.000000,0.000000,0.040012,8.002627,-8.002293
82.555026,61.872126,31.004993,0.000000,1.799211,0.000000,0.000000,0.000000,0.000000,0.040012,8.002582,-8.002338
82.754917,61.826085,31.199509,0.000000,1.807209,0.000000,0.000000,0.000000,0.000000,0.040012,8.002708,-8.002212
82.954808,61.778491,31.393651,0.000000,1.815207,0.000000,0.000000,0.000000,0.000000,0.040012,8.002608,-8.002312
83.154699,61.729345,31.587406,0.000000,1.823205,0.000000,0.000000,0.000000,0.000000,0.040013,8.002599,-8.002321
83.354590,61.678652,31.780762,0.000000,1.831204,0.000000,0.000000,0.000000,0.000000,0.040015,8.002708,-8.002212
83.554482,61.626413,31.973705,0.000000,1.839202,0.000000,0.000000,0.000000,0.000000,0.040013,8.002587,-8.002333
83.754373,61.572633,32.166225,0.000000,1.847200,0.000000,0.000000,0.000000,0.000000,0.040012,8.002620,-8.002300
83.954264,61.517314,32.358309,0.000000,1.855198,0.000000,0.000000,0.000000,0.000000,0.040012,8.002703,-8.002217
84.154155,61.460461,32.549944,0.000000,1.863196,0.000000,0.000000,0.000000,0.000000,0.040012,8.002561,-8.002359
84.354046,61.402078,32.741118,0.000000,1.871195,0.000000,0.000000,0.000000,0.000000,0.040012,8.002640,-8.002280
84.553937,61.342167,32.931819,0.000000,1.879193,0.000000,0.000000,0.000000,0.000000,0.040012,8.002689,-8.002231
84.753828,61.280733,33.122035,0.000000,1.887191,0.000000,0.000000,0.000000,0.000000,0.040012,8.002557,-8.002363
84.953719,61.217779,33.311754,0.000000,1.895189,0.000000,0.000000,0.000000,0.000000,0.040012,8.002661,-8.002259
85.153610,61.153310,33.500963,0.000000,1.903187,0.000000,0.000000,0.000000,0.000000,0.040012,8.002676,-8.002244
85.353501,61.087330,33.689650,0.000000,1.911185,0.000000,0.000000,0.000000,0.000000,0.040014,8.002552,-8.002368
85.553393,61.019843,33.877803,0.000000,1.919184,0.000000,0.000000,0.000000,0.000000,0.040015,8.002680,-8.002240
85.753284,60.950853,34.065411,0.000000,1.927182,0.000000,0.000000,0.000000,0.000000,0.040013,8.002655,-8.002265
85.953175,60.880365,34.252461,0.000000,1.935180,0.000000,0.000000,0.000000,0.000000,0.040012,8.002556,-8.002364
86.153066,60.808383,34.438941,0.000000,1.943178,0.000000,0.000000,0.000000,0.000000,0.040013,8.002689,-8.002231
86.352957,60.734911,34.624839,0.000000,1.951177,0.000000,0.000000,0.000000,0.000000,0.040012,8.002628,-8.002292
86.552848,60.659956,34.810144,0.000000,1.959175,0.000000,0.000000,0.000000,0.000000,0.040012,8.002564,-8.002356
86.752739,60.583520,34.994844,0.000000,1.967173,0.000000,0.000000,0.000000,0.000000,0.040013,8.002698,-8.002222
86.952630,60.505610,35.178926,0.000000,1.975171,0.000000,0.000000,0.000000,0.000000,0.040015,8.002609,-8.002311
87.152521,60.426230,35.362379,0.000000,1.983170,0.000000,0.000000,0.000000,0.000000,0.040015,8.002583,-8.002337
87.352413,60.345385,35.545191,0.000000,1.991168,0.000000,0.000000,0.000000,0.000000,0.040013,8.002700,-8.002220
87.552304,60.263081,35.727351,0.000000,1.999166,0.000000,0.000000,0.000000,0.000000,0.040012,8.002586,-8.002334
87.752195,60.179322,35.908847,0.000000,2.007164,0.000000,0.000000,0.000000,0.000000,0.040012,8.002604,-8.002316
87.952086,60.094114,36.089667,0.000000,2.015162,0.000000,0.000000,0.000000,0.000000,0.040013,8.002696,-8.002224
88.151977,60.007463,36.269800,0.000000,2.023160,0.000000,0.000000,0.000000,0.000000,0.040012,8.002566,-8.002354
88.351868,59.919374,36.449234,0.000000,2.031159,0.000000,0.000000,0.000000,0.000000,0.040012,8.002618,-8.002302
88.551759,59.829853,36.627957,0.000000,2.039157,0.000000,0.000000,0.000000,0.000000,0.040013,8.002686,-8.002234
88.751650,59.738905,36.805959,0.000000,2.047155,0.000000,0.000000,0.000000,0.000000,0.040014,8.002549,-8.002371
88.951541,59.646536,36.983228,0.000000,2.055154,0.000000,0.000000,0.000000,0.000000,0.040015,8.002645,-8.002275
89.151432,59.552752,37.159753,0.000000,2.063152,0.000000,0.000000,0.000000,0.000000,0.040013,8.002674,-8.002246
89.351324,59.457560,37.335521,0.000000,2.071150,0.000000,0.000000,0.000000,0.000000,0.040012,8.002545,-8.002375
89.551215,59.360964,37.510523,0.000000,2.079148,0.000000,0.000000,0.000000,0.000000,0.040012,8.002661,-8.002259
89.751106,59.262973,37.684746,0.000000,2.087146,0.000000,0.000000,0.000000,0.000000,0.040013,8.002654,-8.002266
89.950997,59.163590,37.858181,0.000000,2.095145,0.000000,0.000000,0.000000,0.000000,0.040012,8.002545,-8.002375
90.150888,59.062824,38.030814,0.000000,2.103143,0.000000,0.000000,0.000000,0.000000,0.040013,8.002674,-8.002246
90.350779,58.960680,38.202637,0.000000,2.111141,0.000000,0.000000,0.000000,0.000000,0.040013,8.002633,-8.002287
90.550670,58.857166,38.373637,0.000000,2.119139,0.000000,0.000000,0.000000,0.000000,0.040012,8.002542,-8.002378
90.750561,58.752287,38.543803,0.000000,2.127137,0.000000,0.000000,0.000000,0.000000,0.040013,8.002685,-8.002235
90.950452,58.646050,38.713125,0.000000,2.135135,0.000000,0.000000,0.000000,0.000000,0.040012,8.002606,-8.002314
91.150344,58.538463,38.881592,0.000000,2.143133,0.000000,0.000000,0.000000,0.000000,0.040012,8.002565,-8.002355
91.350235,58.429531,39.049194,0.000000,2.151131,0.000000,0.000000,0.000000,0.000000,0.040013,8.002689,-8.002231
91.550126,58.319263,39.215918,0.000000,2.159130,0.000000,0.000000,0.000000,0.000000,0.040015,8.002585,-8.002335
91.750017,58.207664,39.381756,0.000000,2.167128,0.000000,0.000000,0.000000,0.000000,0.040015,8.002582,-8.002338
91.949908,58.094743,39.546695,0.000000,2.175127,0.000000,0.000000,0.000000,0.000000,0.040013,8.002687,-8.002233
92.149799,57.980506,39.710726,0.000000,2.183125,0.000000,0.000000,0.000000,0.000000,0.040012,8.002564,-8.002356
92.349690,57.864961,39.873838,0.000000,2.191123,0.000000,0.000000,0.000000,0.000000,0.040012,8.002600,-8.002320
92.549581,57.748114,40.036021,0.000000,2.199121,0.000000,0.000000,0.000000,0.000000,0.040013,8.002680,-8.002239
92.749472,57.629975,40.197264,0.000000,2.207120,0.000000,0.000000,0.000000,0.000000,0.040015,8.002535,-8.002383
92.949363,57.510549,40.357556,0.000000,2.215118,0.000000,0.000000,0.000000,0.000000,0.040015,8.002622,-8.002296
93.149255,57.389846,40.516889,0.000000,2.223117,0.000000,0.000000,0.000000,0.000000,0.040013,8.002666,-8.002253
93.349146,57.267871,40.675251,0.000000,2.231115,0.000000,0.000000,0.000000,0.000000,0.040012,8.002535,-8.002385
93.549037,57.144635,40.832632,0.000000,2.239113,0.000000,0.000000,0.000000,0.000000,0.040013,8.002641,-8.002279
93.748928,57.020143,40.989023,0.000000,2.247112,0.000000,0.000000,0.000000,0.000000,0.040016,8.002650,-8.002269
93.948819,56.894404,41.144413,0.000000,2.255110,0.000000,0.000000,0.000000,0.000000,0.040014,8.002527,-8.002391
94.148710,56.767427,41.298792,0.000000,2.263109,0.000000,0.000000,0.000000,0.000000,0.040013,8.002656,-8.002263
94.348601,56.639218,41.452151,0.000000,2.271107,0.000000,0.000000,0.000000,0.000000,0.040013,8.002629,-8.002292
94.548492,56.509788,41.604479,0.000000,2.279105,0.000000,0.000000,0.000000,0.000000,0.040012,8.002530,-8.002389
94.748383,56.379143,41.755767,0.000000,2.287103,0.000000,0.000000,0.000000,0.000000,0.040013,8.002663,-8.002257
94.948274,56.247292,41.906006,0.000000,2.295101,0.000000,0.000000,0.000000,0.000000,0.040013,8.002598,-8.002322
95.148166,56.114244,42.055185,0.000000,2.303099,0.000000,0.000000,0.000000,0.000000,0.040012,8.002541,-8.002380
95.348057,55.980007,42.203296,0.000000,2.311098,0.000000,0.000000,0.000000,0.000000,0.040013,8.002670,-8.002249
95.547948,55.844589,42.350327,0.000000,2.319096,0.000000,0.000000,0.000000,0.000000,0.040013,8.002578,-8.002340
95.747839,55.708000,42.496272,0.000000,2.327094,0.000000,0.000000,0.000000,0.000000,0.040013,8.002557,-8.002363
95.947730,55.570249,42.641119,0.000000,2.335092,0.000000,0.000000,0.000000,0.000000,0.040013,8.002671,-8.002248
96.147621,55.431343,42.784859,0.000000,2.343090,0.000000,0.000000,0.000000,0.000000,0.040013,8.002553,-8.002364
96.347512,55.291291,42.927484,0.000000,2.351089,0.000000,0.000000,0.000000,0.000000,0.040013,8.002575,-8.002343
96.547403,55.150104,43.068985,0.000000,2.359087,0.000000,0.000000,0.000000,0.000000,0.040013,8.002665,-8.002254
96.747294,55.007789,43.209351,0.000000,2.367085,0.000000,0.000000,0.000000,0.000000,0.040013,8.002532,-8.002388
96.947186,54.864356,43.348575,0.000000,2.375083,0.000000,0.000000,0.000000,0.000000,0.040013,8.002588,-8.002332
97.147077,54.719815,43.486647,0.000000,2.383081,0.000000,0.000000,0.000000,0.000000,0.040013,8.002652,-8.002268
97.346968,54.574173,43.623559,0.000000,2.391079,0.000000,0.000000,0.000000,0.000000,0.040013,8.002517,-8.002403
97.546859,54.427442,43.759301,0.000000,2.399078,0.000000,0.000000,0.000000,0.000000,0.040013,8.002614,-8.002306
97.746750,54.279629,43.893866,0.000000,2.407076,0.000000,0.000000,0.000000,0.000000,0.040013,8.002640,-8.002280
97.946641,54.130745,44.027244,0.000000,2.415074,0.000000,0.000000,0.000000,0.000000,0.040014,8.002510,-8.002410
98.146532,53.980798,44.159427,0.000000,2.423073,0.000000,0.000000,0.000000,0.000000,0.040016,8.002630,-8.002290
98.346423,53.829799,44.290406,0.000000,2.431071,0.000000,0.000000,0.000000,0.000000,0.040013,8.002618,-8.002302
98.546314,53.677758,44.420174,0.000000,2.439070,0.000000,0.000000,0.000000,0.000000,0.040014,8.002510,-8.002408
98.746205,53.524683,44.548721,0.000000,2.447068,0.000000,0.000000,0.000000,0.000000,0.040016,8.002639,-8.002280
98.946097,53.370585,44.676040,0.000000,2.455067,0.000000,0.000000,0.000000,0.000000,0.040016,8.002593,-8.002326
99.145988,53.215473,44.802122,0.000000,2.463066,0.000000,0.000000,0.000000,0.000000,0.040014,8.002504,-8.002414
99.345879,53.059358,44.926959,0.000000,2.471065,0.000000,0.000000,0.000000,0.000000,0.040013,8.002646,-8.002272
99.545770,52.902250,45.050544,0.000000,2.479063,0.000000,0.000000,0.000000,0.000000,0.040015,8.002563,-8.002355
99.745661,52.744158,45.172868,0.000000,2.487062,0.000000,0.000000,0.000000,0.000000,0.040016,8.002526,-8.002394
99.945552,52.585093,45.293923,0.000000,2.495061,0.000000,0.000000,0.000000,0.000000,0.040016,8.002646,-8.002273
100.145443,52.425064,45.413703,0.000000,2.503059,0.000000,0.000000,0.000000,0.000000,0.040014,8.002538,-8.002380
100.345334,52.264083,45.532198,0.000000,2.511058,0.000000,0.000000,0.000000,0.000000,0.040013,8.002539,-8.002378
100.545225,52.102159,45.649402,0.000000,2.519056,0.000000,0.000000,0.000000,0.000000,0.040013,8.002641,-8.002278
100.745116,51.939302,45.765308,0.000000,2.527054,0.000000,0.000000,0.000000,0.000000,0.040013,8.002515,-8.002404
100.945008,51.775524,45.879907,0.000000,2.535052,0.000000,0.000000,0.000000,0.000000,0.040013,8.002553,-8.002366
101.144899,51.610835,45.993193,0.000000,2.543051,0.000000,0.000000,0.000000,0.000000,0.040013,8.002628,-8.002290
101.344790,51.445244,46.105157,0.000000,2.551049,0.000000,0.000000,0.000000,0.000000,0.040011,8.002482,-8.002436
101.544681,51.278764,46.215794,0.000000,2.559046,0.000000,0.000000,0.000000,0.000000,0.040010,8.002572,-8.002347
101.744572,51.111404,46.325096,0.000000,2.567044,0.000000,0.000000,0.000000,0.000000,0.040010,8.002611,-8.002309
101.944463,50.943175,46.433056,0.000000,2.575042,0.000000,0.000000,0.000000,0.000000,0.040009,8.002480,-8.002440
102.144354,50.774089,46.539667,0.000000,2.583039,0.000000,0.000000,0.000000,0.000000,0.040011,8.002586,-8.002332
102.344245,50.604155,46.644922,0.000000,2.591037,0.000000,0.000000,0.000000,0.000000,0.040013,8.002591,-8.002327
102.544136,50.433384,46.748815,0.000000,2.599035,0.000000,0.000000,0.000000,0.000000,0.040011,8.002473,-8.002447
102.744028,50.261788,46.851339,0.000000,2.607033,0.000000,0.000000,0.000000,0.000000,0.040010,8.002600,-8.002319
102.943919,50.089378,46.952487,0.000000,2.615031,0.000000,0.000000,0.000000,0.000000,0.040012,8.002568,-8.002350
103.143810,49.916164,47.052253,0.000000,2.623029,0.000000,0.000000,0.000000,0.000000,0.040013,8.002470,-8.002448
103.343701,49.742158,47.150630,0.000000,2.631027,0.000000,0.000000,0.000000,0.000000,0.040013,8.002606,-8.002312
103.543592,49.567371,47.247612,0.000000,2.639026,0.000000,0.000000,0.000000,0.000000,0.040013,8.002536,-8.002382
103.743483,49.391813,47.343194,0.000000,2.647024,0.000000,0.000000,0.000000,0.000000,0.040012,8.002482,-8.002436
103.943374,49.215497,47.437368,0.000000,2.655022,0.000000,0.000000,0.000000,0.000000,0.040010,8.002610,-8.002307
104.143265,49.038433,47.530129,0.000000,2.663020,0.000000,0.000000,0.000000,0.000000,0.040010,8.002514,-8.002401
104.343156,48.860633,47.621471,0.000000,2.671017,0.000000,0.000000,0.000000,0.000000,0.040007,8.002494,-8.002420
104.543047,48.682108,47.711388,0.000000,2.679013,0.000000,0.000000,0.000000,0.000000,0.040001,8.002605,-8.002308
104.742939,48.502870,47.799875,0.000000,2.687008,0.000000,0.000000,0.000000,0.000000,0.039994,8.002484,-8.002427
104.942830,48.322930,47.886926,0.000000,2.695002,0.000000,0.000000,0.000000,0.000000,0.039987,8.002507,-8.002402
105.142721,48.142300,47.972536,0.000000,2.702994,0.000000,0.000000,0.000000,0.000000,0.039976,8.002592,-8.002314
105.342612,47.960992,48.056700,0.000000,2.710983,0.000000,0.000000,0.000000,0.000000,0.039957,8.002453,-8.002448
105.542503,47.779017,48.139414,0.000000,2.718968,0.000000,0.000000,0.000000,0.000000,0.039937,8.002512,-8.002384
105.742394,47.596388,48.220672,0.000000,2.726949,0.000000,0.000000,0.000000,0.000000,0.039913,8.002566,-8.002324
105.942285,47.413117,48.300470,0.000000,2.734924,0.000000,0.000000,0.000000,0.000000,0.039879,8.002427,-8.002455
106.142176,47.229215,48.378805,0.000000,2.742891,0.000000,0.000000,0.000000,0.000000,0.039843,8.002519,-8.002350
106.342067,47.044695,48.455673,0.000000,2.750852,0.000000,0.000000,0.000000,0.000000,0.039802,8.002535,-8.002323
106.541959,46.859570,48.531071,0.000000,2.758802,0.000000,0.000000,0.000000,0.000000,0.039748,8.002397,-8.002446
106.741850,46.673851,48.604995,0.000000,2.766741,0.000000,0.000000,0.000000,0.000000,0.039687,8.002512,-8.002314
106.941741,46.487552,48.677444,0.000000,2.774667,0.000000,0.000000,0.000000,0.000000,0.039617,8.002485,-8.002320
107.141632,46.300685,48.748415,0.000000,2.782579,0.000000,0.000000,0.000000,0.000000,0.039538,8.002370,-8.002411
107.341523,46.113262,48.817908,0.000000,2.790473,0.000000,0.000000,0.000000,0.000000,0.039448,8.002486,-8.002268
107.541414,45.925298,48.885920,0.000000,2.798347,0.000000,0.000000,0.000000,0.000000,0.039339,8.002422,-8.002303
107.741305,45.736805,48.952452,0.000000,2.806200,0.000000,0.000000,0.000000,0.000000,0.039227,8.002328,-8.002364
107.941196,45.547796,49.017505,0.000000,2.814028,0.000000,0.000000,0.000000,0.000000,0.039100,8.002449,-8.002207
108.141087,45.358284,49.081078,0.000000,2.821829,0.000000,0.000000,0.000000,0.000000,0.038953,8.002348,-8.002268
108.340978,45.168283,49.143174,0.000000,2.829600,0.000000,0.000000,0.000000,0.000000,0.038801,8.002298,-8.002275
108.540870,44.977806,49.203794,0.000000,2.837339,0.000000,0.000000,0.000000,0.000000,0.038626,8.002391,-8.002133
108.740761,44.786867,49.262942,0.000000,2.845041,0.000000,0.000000,0.000000,0.000000,0.038433,8.002261,-8.002211
108.940652,44.595479,49.320621,0.000000,2.852703,0.000000,0.000000,0.000000,0.000000,0.038236,8.002245,-8.002170
109.140543,44.403656,49.376837,0.000000,2.860324,0.000000,0.000000,0.000000,0.000000,0.038008,8.002311,-8.002043
109.340434,44.211411,49.431593,0.000000,2.867897,0.000000,0.000000,0.000000,0.000000,0.037765,8.002163,-8.002127
109.540325,44.018759,49.484896,0.000000,2.875421,0.000000,0.000000,0.000000,0.000000,0.037519,8.002177,-8.002046
109.740216,43.825712,49.536754,0.000000,2.882892,0.000000,0.000000,0.000000,0.000000,0.037235,8.002212,-8.001938
109.940107,43.632285,49.587173,0.000000,2.890306,0.000000,0.000000,0.000000,0.000000,0.036940,8.002047,-8.002026
110.139998,43.438490,49.636163,0.000000,2.897660,0.000000,0.000000,0.000000,0.000000,0.036640,8.002099,-8.001894
110.339889,43.244342,49.683732,0.000000,2.904949,0.000000,0.000000,0.000000,0.000000,0.036296,8.002093,-8.001816
110.539781,43.049854,49.729892,0.000000,2.912170,0.000000,0.000000,0.000000,0.000000,0.035948,8.001938,-8.001884
110.739672,42.855040,49.774653,0.000000,2.919320,0.000000,0.000000,0.000000,0.000000,0.035590,8.002000,-8.001732
110.939563,42.659912,49.818027,0.000000,2.926394,0.000000,0.000000,0.000000,0.000000,0.035189,8.001957,-8.001681
111.139454,42.464483,49.860028,0.000000,2.933388,0.000000,0.000000,0.000000,0.000000,0.034791,8.001817,-8.001724
111.339345,42.268767,49.900668,0.000000,2.940301,0.000000,0.000000,0.000000,0.000000,0.034373,8.001887,-8.001554
111.539236,42.072777,49.939963,0.000000,2.947125,0.000000,0.000000,0.000000,0.000000,0.033913,8.001811,-8.001529
111.739127,41.876525,49.977929,0.000000,2.953860,0.000000,0.000000,0.000000,0.000000,0.033467,8.001690,-8.001549
111.939018,41.680023,50.014581,0.000000,2.960502,0.000000,0.000000,0.000000,0.000000,0.032992,8.001759,-8.001374
112.138909,41.483284,50.049937,0.000000,2.967045,0.000000,0.000000,0.000000,0.000000,0.032476,8.001651,-8.001375
112.338801,41.286320,50.084014,0.000000,2.973487,0.000000,0.000000,0.000000,0.000000,0.031981,8.001569,-8.001348
112.538692,41.089141,50.116832,0.000000,2.979827,0.000000,0.000000,0.000000,0.000000,0.031448,8.001623,-8.001186
112.738583,40.891761,50.148410,0.000000,2.986057,0.000000,0.000000,0.000000,0.000000,0.030890,8.001500,-8.001201
112.938474,40.694189,50.178769,0.000000,2.992178,0.000000,0.000000,0.000000,0.000000,0.030353,8.001446,-8.001145
113.138365,40.496436,50.207929,0.000000,2.998187,0.000000,0.000000,0.000000,0.000000,0.029767,8.001482,-8.001000
113.338256,40.298514,50.235911,0.000000,3.004077,0.000000,0.000000,0.000000,0.000000,0.029167,8.001347,-8.001026
113.538147,40.100431,50.262739,0.000000,3.009850,0.000000,0.000000,0.000000,0.000000,0.028589,8.001326,-8.000938
113.738038,39.902199,50.288435,0.000000,3.015501,0.000000,0.000000,0.000000,0.000000,0.027960,8.001339,-8.000820
113.937929,39.703826,50.313023,0.000000,3.021027,0.000000,0.000000,0.000000,0.000000,0.027326,8.001199,-8.000854
114.137820,39.505322,50.336526,0.000000,3.026428,0.000000,0.000000,0.000000,0.000000,0.026712,8.001208,-8.000741
114.337712,39.306695,50.358970,0.000000,3.031700,0.000000,0.000000,0.000000,0.000000,0.026042,8.001196,-8.000650
114.537603,39.107954,50.380380,0.000000,3.036841,0.000000,0.000000,0.000000,0.000000,0.025389,8.001069,-8.000676
114.737494,38.909107,50.400780,0.000000,3.041851,0.000000,0.000000,0.000000,0.000000,0.024742,8.001096,-8.000551
114.937385,38.710161,50.420197,0.000000,3.046727,0.000000,0.000000,0.000000,0.000000,0.024044,8.001062,-8.000490
115.137276,38.511125,50.438658,0.000000,3.051467,0.000000,0.000000,0.000000,0.000000,0.023379,8.000948,-8.000510
115.337167,38.312004,50.456188,0.000000,3.056073,0.000000,0.000000,0.000000,0.000000,0.022708,8.000988,-8.000382
115.537058,38.112805,50.472814,0.000000,3.060540,0.000000,0.000000,0.000000,0.000000,0.021991,8.000935,-8.000350
115.736949,37.913536,50.488565,0.000000,3.064869,0.000000,0.000000,0.000000,0.000000,0.021320,8.000848,-8.000354
115.936840,37.714201,50.503466,0.000000,3.069062,0.000000,0.000000,0.000000,0.000000,0.020635,8.000885,-8.000238
116.136732,37.514807,50.517545,0.000000,3.073115,0.000000,0.000000,0.000000,0.000000,0.019910,8.000819,-8.000228
116.336623,37.315358,50.530830,0.000000,3.077028,0.000000,0.000000,0.000000,0.000000,0.019241,8.000757,-8.000218
116.536514,37.115859,50.543348,0.000000,3.080804,0.000000,0.000000,0.000000,0.000000,0.018545,8.000792,-8.000114
116.736405,36.916315,50.555127,0.000000,3.084440,0.000000,0.000000,0.000000,0.000000,0.017834,8.000720,-8.000120
116.936296,36.716731,50.566193,0.000000,3.087939,0.000000,0.000000,0.000000,0.000000,0.017172,8.000684,-8.000093
117.136187,36.517110,50.576575,0.000000,3.091302,0.000000,0.000000,0.000000,0.000000,0.016476,8.000707,-8.000013
117.336078,36.317455,50.586300,0.000000,3.094526,0.000000,0.000000,0.000000,0.000000,0.015785,8.000635,-8.000032
117.535969,36.117771,50.595394,0.000000,3.097617,0.000000,0.000000,0.000000,0.000000,0.015140,8.000623,-7.999993
117.735860,35.918061,50.603883,0.000000,3.100575,0.000000,0.000000,0.000000,0.000000,0.014457,8.000634,-7.999936
117.935751,35.718326,50.611796,0.000000,3.103399,0.000000,0.000000,0.000000,0.000000,0.013795,8.000567,-7.999960
118.135643,35.518571,50.619158,0.000000,3.106094,0.000000,0.000000,0.000000,0.000000,0.013172,8.000570,-7.999918
118.335534,35.318797,50.625993,0.000000,3.108661,0.000000,0.000000,0.000000,0.000000,0.012510,8.000571,-7.999881
118.535425,35.119006,50.632329,0.000000,3.111099,0.000000,0.000000,0.000000,0.000000,0.011887,8.000513,-7.999906
118.735316,34.919201,50.638191,0.000000,3.113416,0.000000,0.000000,0.000000,0.000000,0.011292,8.000529,-7.999860
118.935207,34.719383,50.643601,0.000000,3.115610,0.000000,0.000000,0.000000,0.000000,0.010666,8.000519,-7.999842
119.135098,34.519554,50.648585,0.000000,3.117685,0.000000,0.000000,0.000000,0.000000,0.010089,8.000475,-7.999863
119.334989,34.319716,50.653166,0.000000,3.119645,0.000000,0.000000,0.000000,0.000000,0.009528,8.000493,-7.999823
119.534880,34.119869,50.657366,0.000000,3.121491,0.000000,0.000000,0.000000,0.000000,0.008943,8.000477,-7.999821
119.734771,33.920015,50.661209,0.000000,3.123226,0.000000,0.000000,0.000000,0.000000,0.008415,8.000445,-7.999836
119.934663,33.720154,50.664715,0.000000,3.124856,0.000000,0.000000,0.000000,0.000000,0.007895,8.000463,-7.999804
120.134554,33.520289,50.667906,0.000000,3.126381,0.000000,0.000000,0.000000,0.000000,0.007364,8.000444,-7.999812
120.334445,33.320419,50.670803,0.000000,3.127806,0.000000,0.000000,0.000000,0.000000,0.006886,8.000422,-7.999823
120.534336,33.120545,50.673424,0.000000,3.129134,0.000000,0.000000,0.000000,0.000000,0.006407,8.000439,-7.999799
120.734227,32.920668,50.675790,0.000000,3.130368,0.000000,0.000000,0.000000,0.000000,0.005937,8.000418,-7.999814
120.934118,32.720788,50.677917,0.000000,3.131513,0.000000,0.000000,0.000000,0.000000,0.005515,8.000408,-7.999817
121.134009,32.520906,50.679825,0.000000,3.132572,0.000000,0.000000,0.000000,0.000000,0.005086,8.000416,-7.999804
121.333900,32.321022,50.681529,0.000000,3.133548,0.000000,0.000000,0.000000,0.000000,0.004675,8.000396,-7.999822
121.533791,32.121137,50.683047,0.000000,3.134445,0.000000,0.000000,0.000000,0.000000,0.004307,8.000391,-7.999823
121.733682,31.921250,50.684392,0.000000,3.135269,0.000000,0.000000,0.000000,0.000000,0.003933,8.000395,-7.999818
121.933574,31.721363,50.685580,0.000000,3.136020,0.000000,0.000000,0.000000,0.000000,0.003583,8.000377,-7.999835
122.133465,31.521474,50.686624,0.000000,3.136704,0.000000,0.000000,0.000000,0.000000,0.003267,8.000374,-7.999834
122.333356,31.321585,50.687538,0.000000,3.137326,0.000000,0.000000,0.000000,0.000000,0.002949,8.000372,-7.999835
122.533247,31.121696,50.688334,0.000000,3.137886,0.000000,0.000000,0.000000,0.000000,0.002660,8.000355,-7.999851
122.733138,30.921806,50.689023,0.000000,3.138392,0.000000,0.000000,0.000000,0.000000,0.002398,8.000354,-7.999850
122.933029,30.721916,50.689617,0.000000,3.138845,0.000000,0.000000,0.000000,0.000000,0.002136,8.000347,-7.999856
123.132920,30.522025,50.690125,0.000000,3.139249,0.000000,0.000000,0.000000,0.000000,0.001903,8.000334,-7.999868
123.332811,30.322134,50.690557,0.000000,3.139608,0.000000,0.000000,0.000000,0.000000,0.001689,8.000331,-7.999869
123.532702,30.122244,50.690922,0.000000,3.139925,0.000000,0.000000,0.000000,0.000000,0.001483,8.000322,-7.999877
123.732593,29.922353,50.691227,0.000000,3.140203,0.000000,0.000000,0.000000,0.000000,0.001304,8.000310,-7.999888
123.932485,29.722462,50.691479,0.000000,3.140447,0.000000,0.000000,0.000000,0.000000,0.001136,8.000306,-7.999891
124.132376,29.522571,50.691687,0.000000,3.140658,0.000000,0.000000,0.000000,0.000000,0.000975,8.000296,-7.999900
124.332267,29.322680,50.691855,0.000000,3.140840,0.000000,0.000000,0.000000,0.000000,0.000843,8.000286,-7.999908
124.532158,29.122789,50.691989,0.000000,3.140996,0.000000,0.000000,0.000000,0.000000,0.000721,8.000280,-7.999913
124.732049,28.922898,50.692095,0.000000,3.141129,0.000000,0.000000,0.000000,0.000000,0.000603,8.000270,-7.999922
124.931940,28.723007,50.692176,0.000000,3.141240,0.000000,0.000000,0.000000,0.000000,0.000507,8.000259,-7.999929
125.131831,28.523115,50.692237,0.000000,3.141332,0.000000,0.000000,0.000000,0.000000,0.000419,8.000251,-7.999936
125.331722,28.323224,50.692281,0.000000,3.141409,0.000000,0.000000,0.000000,0.000000,0.000344,8.000241,-7.999944
125.531613,28.123333,50.692312,0.000000,3.141471,0.000000,0.000000,0.000000,0.000000,0.000281,8.000232,-7.999950
125.731505,27.923442,50.692331,0.000000,3.141521,0.000000,0.000000,0.000000,0.000000,0.000220,8.000224,-7.999957
125.931396,27.723551,50.692341,0.000000,3.141560,0.000000,0.000000,0.000000,0.000000,0.000171,8.000214,-7.999965
126.131287,27.523660,50.692345,0.000000,3.141590,0.000000,0.000000,0.000000,0.000000,0.000132,8.000205,-7.999972
126.331178,27.323769,50.692343,0.000000,3.141613,0.000000,0.000000,0.000000,0.000000,0.000098,8.000195,-7.999978
126.531069,27.123878,50.692337,0.000000,3.141630,0.000000,0.000000,0.000000,0.000000,0.000069,8.000185,-7.999985
126.730960,26.923987,50.692328,0.000000,3.141642,0.000000,0.000000,0.000000,0.000000,0.000047,8.000176,-7.999991
126.930851,26.724096,50.692317,0.000000,3.141650,0.000000,0.000000,0.000000,0.000000,0.000030,8.000167,-7.999997
127.130742,26.524204,50.692305,0.000000,3.141654,0.000000,0.000000,0.000000,0.000000,0.000017,8.000159,-8.000003
127.330633,26.324313,50.692293,0.000000,3.141657,0.000000,0.000000,0.000000,0.000000,0.000006,8.000150,-8.000008
127.530524,26.124422,50.692280,0.000000,3.141657,0.000000,0.000000,0.000000,0.000000,-0.000003,8.000142,-8.000013
127.730416,25.924531,50.692267,0.000000,3.141656,0.000000,0.000000,0.000000,0.000000,-0.000008,8.000134,-8.000018
127.930307,25.724640,50.692255,0.000000,3.141654,0.000000,0.000000,0.000000,0.000000,-0.000011,8.000127,-8.000022
128.130198,25.524749,50.692243,0.000000,3.141652,0.000000,0.000000,0.000000,0.000000,-0.000013,8.000120,-8.000026
128.330089,25.324858,50.692231,0.000000,3.141649,0.000000,0.000000,0.000000,0.000000,-0.000012,8.000114,-8.000028
128.529980,25.124967,50.692220,0.000000,3.141647,0.000000,0.000000,0.000000,0.000000,-0.000010,8.000108,-8.000031
128.729871,24.925076,50.692209,0.000000,3.141645,0.000000,0.000000,0.000000,0.000000,-0.000013,8.000103,-8.000034
128.929762,24.725185,50.692199,0.000000,3.141642,0.000000,0.000000,0.000000,0.000000,-0.000012,8.000098,-8.000037
129.129653,24.525293,50.692190,0.000000,3.141640,0.000000,0.000000,0.000000,0.000000,-0.000010,8.000092,-8.000040
129.329544,24.325402,50.692180,0.000000,3.141638,0.000000,0.000000,0.000000,0.000000,-0.000010,8.000087,-8.000042
129.529436,24.125511,50.692172,0.000000,3.141636,0.000000,0.000000,0.000000,0.000000,-0.000009,8.000082,-8.000043
129.729327,23.925620,50.692163,0.000000,3.141634,0.000000,0.000000,0.000000,0.000000,-0.000006,8.000077,-8.000045
129.929218,23.725729,50.692155,0.000000,3.141633,0.000000,0.000000,0.000000,0.000000,-0.000004,8.000073,-8.000046
130.129109,23.525838,50.692147,0.000000,3.141633,0.000000,0.000000,0.000000,0.000000,-0.000004,8.000069,-8.000048
130.329000,23.325947,50.692139,0.000000,3.141632,0.000000,0.000000,0.000000,0.000000,-0.000006,8.000064,-8.000050
130.528891,23.126056,50.692131,0.000000,3.141630,0.000000,0.000000,0.000000,0.000000,-0.000004,8.000060,-8.000052
130.728782,22.926165,50.692124,0.000000,3.141630,0.000000,0.000000,0.000000,0.000000,-0.000004,8.000056,-8.000053
130.928673,22.726273,50.692116,0.000000,3.141629,0.000000,0.000000,0.000000,0.000000,-0.000006,8.000052,-8.000055
131.128564,22.526382,50.692109,0.000000,3.141627,0.000000,0.000000,0.000000,0.000000,-0.000007,8.000048,-8.000056
131.328455,22.326491,50.692103,0.000000,3.141626,0.000000,0.000000,0.000000,0.000000,-0.000006,8.000045,-8.000058
131.528347,22.126600,50.692096,0.000000,3.141625,0.000000,0.000000,0.000000,0.000000,-0.000006,8.000041,-8.000059
131.728238,21.926709,50.692090,0.000000,3.141623,0.000000,0.000000,0.000000,0.000000,-0.000006,8.000037,-8.000061
131.928129,21.726818,50.692084,0.000000,3.141622,0.000000,0.000000,0.000000,0.000000,-0.000006,8.000034,-8.000062
132.128020,21.526927,50.692078,0.000000,3.141621,0.000000,0.000000,0.000000,0.000000,-0.000006,8.000030,-8.000063
132.327911,21.327036,50.692072,0.000000,3.141620,0.000000,0.000000,0.000000,0.000000,-0.000006,8.000026,-8.000064
132.527802,21.127145,50.692067,0.000000,3.141618,0.000000,0.000000,0.000000,0.000000,-0.000007,8.000024,-8.000065
132.727693,20.927254,50.692062,0.000000,3.141617,0.000000,0.000000,0.000000,0.000000,-0.000009,8.000021,-8.000066
132.927584,20.727362,50.692058,0.000000,3.141615,0.000000,0.000000,0.000000,0.000000,-0.000008,8.000018,-8.000066
133.127475,20.527471,50.692053,0.000000,3.141614,0.000000,0.000000,0.000000,0.000000,-0.000006,8.000017,-8.000066
133.327366,20.327580,50.692049,0.000000,3.141612,0.000000,0.000000,0.000000,0.000000,-0.000006,8.000015,-8.000066
133.527258,20.127689,50.692045,0.000000,3.141611,0.000000,0.000000,0.000000,0.000000,-0.000006,8.000012,-8.000066
133.727149,19.927798,50.692042,0.000000,3.141610,0.000000,0.000000,0.000000,0.000000,-0.000006,8.000010,-8.000066
133.927040,19.727907,50.692039,0.000000,3.141609,0.000000,0.000000,0.000000,0.000000,-0.000004,8.000009,-8.000066
134.126931,19.528016,50.692035,0.000000,3.141608,0.000000,0.000000,0.000000,0.000000,-0.000004,8.000007,-8.000065
134.326822,19.328125,50.692032,0.000000,3.141607,0.000000,0.000000,0.000000,0.000000,-0.000006,8.000006,-8.000065
134.526713,19.128234,50.692030,0.000000,3.141606,0.000000,0.000000,0.000000,0.000000,-0.000004,8.000005,-8.000065
134.726604,18.928342,50.692027,0.000000,3.141605,0.000000,0.000000,0.000000,0.000000,-0.000003,8.000005,-8.000064
134.926495,18.728451,50.692025,0.000000,3.141605,0.000000,0.000000,0.000000,0.000000,-0.000003,8.000003,-8.000064
135.126386,18.528560,50.692022,0.000000,3.141604,0.000000,0.000000,0.000000,0.000000,-0.000001,8.000001,-8.000064
135.326278,18.328669,50.692020,0.000000,3.141604,0.000000,0.000000,0.000000,0.000000,-0.000000,8.000000,-8.000062
135.526169,18.128778,50.692018,0.000000,3.141604,0.000000,0.000000,0.000000,0.000000,-0.000003,7.999999,-8.000062
135.726060,17.928887,50.692015,0.000000,3.141603,0.000000,0.000000,0.000000,0.000000,-0.000003,7.999999,-8.000061
135.925951,17.728996,50.692013,0.000000,3.141603,0.000000,0.000000,0.000000,0.000000,-0.000002,7.999998,-8.000061
136.125842,17.529105,50.692011,0.000000,3.141602,0.000000,0.000000,0.000000,0.000000,-0.000000,7.999997,-8.000060
136.325733,17.329214,50.692009,0.000000,3.141602,0.000000,0.000000,0.000000,0.000000,-0.000001,7.999995,-8.000061
136.525624,17.129323,50.692008,0.000000,3.141602,0.000000,0.000000,0.000000,0.000000,-0.000003,7.999995,-8.000060
136.725515,16.929431,50.692006,0.000000,3.141602,0.000000,0.000000,0.000000,0.000000,-0.000000,7.999994,-8.000059
136.925406,16.729540,50.692004,0.000000,3.141601,0.000000,0.000000,0.000000,0.000000,-0.000001,7.999993,-8.000059
137.125297,16.529649,50.692002,0.000000,3.141601,0.000000,0.000000,0.000000,0.000000,-0.000003,7.999993,-8.000058
137.325189,16.329758,50.692001,0.000000,3.141601,0.000000,0.000000,0.000000,0.000000,-0.000000,7.999992,-8.000058
137.525080,16.129867,50.691999,0.000000,3.141601,0.000000,0.000000,0.000000,0.000000,-0.000001,7.999991,-8.000057
137.724971,15.929976,50.691997,0.000000,3.141600,0.000000,0.000000,0.000000,0.000000,-0.000003,7.999990,-8.000057
137.924862,15.730085,50.691996,0.000000,3.141600,0.000000,0.000000,0.000000,0.000000,-0.000003,7.999989,-8.000056
138.124753,15.530194,50.691995,0.000000,3.141599,0.000000,0.000000,0.000000,0.000000,-0.000002,7.999988,-8.000056
138.324644,15.330303,50.691993,0.000000,3.141599,0.000000,0.000000,0.000000,0.000000,0.000000,7.999988,-8.000055
138.524535,15.130412,50.691992,0.000000,3.141599,0.000000,0.000000,0.000000,0.000000,-0.000002,7.999987,-8.000054
138.724426,14.930520,50.691991,0.000000,3.141598,0.000000,0.000000,0.000000,0.000000,-0.000003,7.999987,-8.000054
138.924317,14.730629,50.691990,0.000000,3.141598,0.000000,0.000000,0.000000,0.000000,-0.000003,7.999986,-8.000054
139.124209,14.530738,50.691989,0.000000,3.141597,0.000000,0.000000,0.000000,0.000000,-0.000001,7.999986,-8.000054
139.324100,14.330847,50.691988,0.000000,3.141597,0.000000,0.000000,0.000000,0.000000,-0.000000,7.999987,-8.000052
139.523991,14.130956,50.691987,0.000000,3.141597,0.000000,0.000000,0.000000,0.000000,-0.000003,7.999986,-8.000051
139.723882,13.931065,50.691986,0.000000,3.141596,0.000000,0.000000,0.000000,0.000000,-0.000003,7.999985,-8.000051
139.923773,13.731174,50.691986,0.000000,3.141596,0.000000,0.000000,0.000000,0.000000,-0.000002,7.999986,-8.000050
140.123664,13.531283,50.691985,0.000000,3.141595,0.000000,0.000000,0.000000,0.000000,-0.000000,7.999986,-8.000050
140.323555,13.331392,50.691984,0.000000,3.141595,0.000000,0.000000,0.000000,0.000000,-0.000002,7.999984,-8.000050
140.523446,13.131500,50.691984,0.000000,3.141595,0.000000,0.000000,0.000000,0.000000,-0.000003,7.999985,-8.000048
140.723337,12.931609,50.691984,0.000000,3.141595,0.000000,0.000000,0.000000,0.000000,-0.000000,7.999985,-8.000047
140.923228,12.731718,50.691983,0.000000,3.141595,0.000000,0.000000,0.000000,0.000000,0.000001,7.999985,-8.000047
141.123120,12.531827,50.691983,0.000000,3.141595,0.000000,0.000000,0.000000,0.000000,-0.000000,7.999985,-8.000046
141.323011,12.331936,50.691982,0.000000,3.141594,0.000000,0.000000,0.000000,0.000000,-0.000003,7.999985,-8.000045
141.522902,12.132045,50.691982,0.000000,3.141594,0.000000,0.000000,0.000000,0.000000,-0.000002,7.999986,-8.000044
141.722793,11.932154,50.691982,0.000000,3.141594,0.000000,0.000000,0.000000,0.000000,0.000000,7.999985,-8.000044
141.922684,11.732263,50.691982,0.000000,3.141594,0.000000,0.000000,0.000000,0.000000,0.000000,7.999985,-8.000043
142.122575,11.532372,50.691981,0.000000,3.141594,0.000000,0.000000,0.000000,0.000000,0.000000,7.999985,-8.000041
142.322466,11.332481,50.691981,0.000000,3.141594,0.000000,0.000000,0.000000,0.000000,0.000000,7.999985,-8.000041
142.522357,11.132589,50.691981,0.000000,3.141594,0.000000,0.000000,0.000000,0.000000,0.000000,7.999985,-8.000041
142.722248,10.932698,50.691981,0.000000,3.141594,0.000000,0.000000,0.000000,0.000000,-0.000001,7.999985,-8.000039
142.922139,10.732807,50.691980,0.000000,3.141594,0.000000,0.000000,0.000000,0.000000,-0.000003,7.999986,-8.000038
143.122031,10.532916,50.691980,0.000000,3.141593,0.000000,0.000000,0.000000,0.000000,-0.000001,7.999986,-8.000038
143.321922,10.333025,50.691980,0.000000,3.141593,0.000000,0.000000,0.000000,0.000000,0.000000,7.999985,-8.000037
143.521813,10.133134,50.691980,0.000000,3.141593,0.000000,0.000000,0.000000,0.000000,0.000000,7.999986,-8.000036
143.721704,9.933243,50.691980,0.000000,3.141593,0.000000,0.000000,0.000000,0.000000,0.000000,7.999987,-8.000035
143.921595,9.733352,50.691980,0.000000,3.141593,0.000000,0.000000,0.000000,0.000000,0.000000,7.999986,-8.000035
144.121486,9.533461,50.691980,0.000000,3.141593,0.000000,0.000000,0.000000,0.000000,0.000000,7.999986,-8.000034
144.321377,9.333569,50.691979,0.000000,3.141593,0.000000,0.000000,0.000000,0.000000,-0.000002,7.999986,-8.000034
144.521268,9.133678,50.691979,0.000000,3.141593,0.000000,0.000000,0.000000,0.000000,-0.000003,7.999986,-8.000034
144.721159,8.933787,50.691979,0.000000,3.141592,0.000000,0.000000,0.000000,0.000000,-0.000000,7.999986,-8.000033
144.921051,8.733896,50.691979,0.000000,3.141592,0.000000,0.000000,0.000000,0.000000,0.000000,7.999986,-8.000032
145.120942,8.534005,50.691979,0.000000,3.141593,0.000000,0.000000,0.000000,0.000000,0.000000,7.999986,-8.000032
145.320833,8.334114,50.691979,0.000000,3.141593,0.000000,0.000000,0.000000,0.000000,0.000000,7.999987,-8.000031
145.520724,8.134223,50.691979,0.000000,3.141593,0.000000,0.000000,0.000000,0.000000,0.000000,7.999988,-8.000030
145.720615,7.934332,50.691979,0.000000,3.141593,0.000000,0.000000,0.000000,0.000000,-0.000000,7.999988,-8.000029
145.920506,7.734441,50.691979,0.000000,3.141592,0.000000,0.000000,0.000000,0.000000,-0.000003,7.999988,-8.000028
146.120397,7.534550,50.691980,0.000000,3.141592,0.000000,0.000000,0.000000,0.000000,-0.000002,7.999989,-8.000028
146.320288,7.334658,50.691980,0.000000,3.141592,0.000000,0.000000,0.000000,0.000000,0.000000,7.999988,-8.000027
146.520179,7.134767,50.691980,0.000000,3.141592,0.000000,0.000000,0.000000,0.000000,0.000000,7.999988,-8.000026
146.720070,6.934876,50.691980,0.000000,3.141592,0.000000,0.000000,0.000000,0.000000,0.000000,7.999988,-8.000026
146.919962,6.734985,50.691980,0.000000,3.141592,0.000000,0.000000,0.000000,0.000000,0.000000,7.999989,-8.000025
147.119853,6.535094,50.691980,0.000000,3.141592,0.000000,0.000000,0.000000,0.000000,0.000000,7.999990,-8.000024
147.319744,6.335203,50.691981,0.000000,3.141592,0.000000,0.000000,0.000000,0.000000,0.000000,7.999991,-8.000023
147.519635,6.135312,50.691981,0.000000,3.141592,0.000000,0.000000,0.000000,0.000000,0.000000,7.999991,-8.000023
147.719526,5.935421,50.691981,0.000000,3.141592,0.000000,0.000000,0.000000,0.000000,0.000000,7.999991,-8.000023
147.919417,5.735530,50.691981,0.000000,3.141592,0.000000,0.000000,0.000000,0.000000,0.000000,7.999990,-8.000022
148.119308,5.535639,50.691981,0.000000,3.141592,0.000000,0.000000,0.000000,0.000000,0.000000,7.999990,-8.000022
148.319199,5.335747,50.691981,0.000000,3.141592,0.000000,0.000000,0.000000,0.000000,-0.000002,7.999990,-8.000022
148.519090,5.135856,50.691982,0.000000,3.141591,0.000000,0.000000,0.000000,0.000000,-0.000003,7.999991,-8.000022
148.718982,4.935965,50.691982,0.000000,3.141591,0.000000,0.000000,0.000000,0.000000,-0.000000,7.999991,-8.000020
148.918873,4.736074,50.691982,0.000000,3.141591,0.000000,0.000000,0.000000,0.000000,0.000000,7.999991,-8.000019
149.118764,4.536183,50.691983,0.000000,3.141591,0.000000,0.000000,0.000000,0.000000,0.000000,7.999991,-8.000019
149.318655,4.336292,50.691983,0.000000,3.141591,0.000000,0.000000,0.000000,0.000000,0.000000,7.999992,-8.000018
149.518546,4.136401,50.691983,0.000000,3.141591,0.000000,0.000000,0.000000,0.000000,0.000000,7.999993,-8.000017
149.718437,3.936510,50.691983,0.000000,3.141591,0.000000,0.000000,0.000000,0.000000,0.000000,7.999993,-8.000017
149.918328,3.736619,50.691984,0.000000,3.141591,0.000000,0.000000,0.000000,0.000000,0.000000,7.999994,-8.000016
150.118219,3.536727,50.691984,0.000000,3.141591,0.000000,0.000000,0.000000,0.000000,0.000000,7.999995,-8.000015
150.318110,3.336836,50.691984,0.000000,3.141591,0.000000,0.000000,0.000000,0.000000,0.000000,7.999995,-8.000015
150.518001,3.136945,50.691985,0.000000,3.141591,0.000000,0.000000,0.000000,0.000000,0.000000,7.999995,-8.000014
150.717893,2.937054,50.691985,0.000000,3.141591,0.000000,0.000000,0.000000,0.000000,0.000000,7.999995,-8.000013
150.917784,2.737163,50.691985,0.000000,3.141591,0.000000,0.000000,0.000000,0.000000,0.000000,7.999995,-8.000013
151.117675,2.537272,50.691986,0.000000,3.141591,0.000000,0.000000,0.000000,0.000000,0.000000,7.999996,-8.000012
151.317566,2.337381,50.691986,0.000000,3.141591,0.000000,0.000000,0.000000,0.000000,0.000000,7.999997,-8.000011
151.517457,2.137490,50.691986,0.000000,3.141591,0.000000,0.000000,0.000000,0.000000,0.000000,7.999997,-8.000011
151.717348,1.937599,50.691986,0.000000,3.141591,0.000000,0.000000,0.000000,0.000000,0.000000,7.999997,-8.000011
151.917239,1.737708,50.691987,0.000000,3.141591,0.000000,0.000000,0.000000,0.000000,0.000000,7.999998,-8.000010
152.117130,1.537816,50.691987,0.000000,3.141591,0.000000,0.000000,0.000000,0.000000,0.000000,7.999997,-8.000010
152.317021,1.337925,50.691987,0.000000,3.141591,0.000000,0.000000,0.000000,0.000000,0.000000,7.999997,-8.000009
152.516912,1.138034,50.691987,0.000000,3.141591,0.000000,0.000000,0.000000,0.000000,0.000000,7.999997,-8.000009
152.716804,0.938143,50.691988,0.000000,3.141591,0.000000,0.000000,0.000000,0.000000,0.000000,7.999998,-8.000008
152.916695,0.738252,50.691988,0.000000,3.141591,0.000000,0.000000,0.000000,0.000000,0.000000,7.999998,-8.000008
153.116586,0.538361,50.691988,0.000000,3.141591,0.000000,0.000000,0.000000,0.000000,-0.000001,7.999999,-8.000007
153.316477,0.338470,50.691989,0.000000,3.141591,0.000000,0.000000,0.000000,0.000000,-0.000003,8.000000,-8.000006
153.516368,0.138579,50.691989,0.000000,3.141590,0.000000,0.000000,0.000000,0.000000,-0.000002,8.000000,-8.000006
153.716259,-0.061312,50.691989,0.000000,3.141590,0.000000,0.000000,0.000000,0.000000,0.000000,8.000000,-8.000006
153.916150,-0.261204,50.691990,0.000000,3.141590,0.000000,0.000000,0.000000,0.000000,0.000000,8.000001,-8.000005
154.116041,-0.461095,50.691990,0.000000,3.141590,0.000000,0.000000,0.000000,0.000000,0.000000,8.000001,-8.000005
154.315932,-0.660986,50.691991,0.000000,3.141590,0.000000,0.000000,0.000000,0.000000,0.000000,8.000002,-8.000004
154.515824,-0.860877,50.691991,0.000000,3.141590,0.000000,0.000000,0.000000,0.000000,0.000000,8.000002,-8.000004
154.715715,-1.060768,50.691992,0.000000,3.141590,0.000000,0.000000,0.000000,0.000000,0.000000,8.000003,-8.000003
154.915606,-1.260659,50.691992,0.000000,3.141590,0.000000,0.000000,0.000000,0.000000,-0.000000,8.000003,-8.000003
155.115497,-1.460550,50.691993,0.000000,3.141590,0.000000,0.000000,0.000000,0.000000,-0.000000,8.000004,-8.000002
155.315388,-1.660441,50.691993,0.000000,3.141590,0.000000,0.000000,0.000000,0.000000,-0.000000,8.000004,-8.000002
155.515279,-1.860332,50.691993,0.000000,3.141590,0.000000,0.000000,0.000000,0.000000,-0.000000,8.000004,-8.000000
155.715170,-2.060223,50.691994,0.000000,3.141590,0.000000,0.000000,0.000000,0.000000,-0.000000,8.000005,-7.999999
155.915061,-2.260115,50.691994,0.000000,3.141590,0.000000,0.000000,0.000000,0.000000,-0.000000,8.000005,-7.999999
156.114952,-2.460006,50.691995,0.000000,3.141590,0.000000,0.000000,0.000000,0.000000,-0.000000,8.000006,-7.999998
156.314843,-2.659897,50.691995,0.000000,3.141590,0.000000,0.000000,0.000000,0.000000,-0.000000,8.000006,-7.999998
156.514735,-2.859788,50.691996,0.000000,3.141590,0.000000,0.000000,0.000000,0.000000,-0.000000,8.000007,-7.999997
156.714626,-3.059679,50.691996,0.000000,3.141590,0.000000,0.000000,0.000000,0.000000,-0.000000,8.000007,-7.999997
156.914517,-3.259570,50.691997,0.000000,3.141590,0.000000,0.000000,0.000000,0.000000,-0.000000,8.000008,-7.999996
157.114408,-3.459461,50.691997,0.000000,3.141590,0.000000,0.000000,0.000000,0.000000,-0.000000,8.000008,-7.999996
157.314299,-3.659352,50.691998,0.000000,3.141590,0.000000,0.000000,0.000000,0.000000,-0.000000,8.000009,-7.999995
157.514190,-3.859243,50.691998,0.000000,3.141590,0.000000,0.000000,0.000000,0.000000,-0.000000,8.000009,-7.999995
157.714081,-4.059134,50.691999,0.000000,3.141590,0.000000,0.000000,0.000000,0.000000,-0.000000,8.000010,-7.999994
157.913972,-4.259026,50.691999,0.000000,3.141590,0.000000,0.000000,0.000000,0.000000,-0.000000,8.000010,-7.999994
158.113863,-4.458917,50.692000,0.000000,3.141590,0.000000,0.000000,0.000000,0.000000,-0.000000,8.000011,-7.999993
158.313754,-4.658808,50.692000,0.000000,3.141590,0.000000,0.000000,0.000000,0.000000,-0.000000,8.000011,-7.999993
158.513646,-4.858699,50.692001,0.000000,3.141590,0.000000,0.000000,0.000000,0.000000,-0.000000,8.000012,-7.999992
158.713537,-5.058590,50.692001,0.000000,3.141590,0.000000,0.000000,0.000000,0.000000,-0.000000,8.000012,-7.999992
158.913428,-5.258481,50.692002,0.000000,3.141590,0.000000,0.000000,0.000000,0.000000,-0.000000,8.000013,-7.999992
159.113319,-5.458372,50.692002,0.000000,3.141590,0.000000,0.000000,0.000000,0.000000,-0.000000,8.000013,-7.999991
159.313210,-5.658263,50.692002,0.000000,3.141590,0.000000,0.000000,0.000000,0.000000,-0.000000,8.000013,-7.999989
159.513101,-5.858154,50.692003,0.000000,3.141590,0.000000,0.000000,0.000000,0.000000,-0.000000,8.000014,-7.999988
159.712992,-6.058046,50.692004,0.000000,3.141590,0.000000,0.000000,0.000000,0.000000,-0.000000,8.000015,-7.999988
159.912883,-6.257937,50.692004,0.000000,3.141590,0.000000,0.000000,0.000000,0.000000,-0.000000,8.000015,-7.999987
160.112774,-6.457828,50.692005,0.000000,3.141590,0.000000,0.000000,0.000000,0.000000,-0.000000,8.000016,-7.999986
160.312666,-6.657719,50.692005,0.000000,3.141590,0.000000,0.000000,0.000000,0.000000,-0.000000,8.000016,-7.999986
160.512557,-6.857610,50.692006,0.000000,3.141590,0.000000,0.000000,0.000000,0.000000,-0.000000,8.000017,-7.999985
160.712448,-7.057501,50.692006,0.000000,3.141590,0.000000,0.000000,0.000000,0.000000,-0.000000,8.000017,-7.999985
160.912339,-7.257392,50.692007,0.000000,3.141590,0.000000,0.000000,0.000000,0.000000,-0.000000,8.000018,-7.999984
161.112230,-7.457283,50.692007,0.000000,3.141590,0.000000,0.000000,0.000000,0.000000,-0.000000,8.000018,-7.999984
161.312121,-7.657174,50.692008,0.000000,3.141590,0.000000,0.000000,0.000000,0.000000,-0.000000,8.000019,-7.999983
161.512012,-7.857065,50.692008,0.000000,3.141590,0.000000,0.000000,0.000000,0.000000,-0.000000,8.000019,-7.999983
161.711903,-8.056957,50.692009,0.000000,3.141590,0.000000,0.000000,0.000000,0.000000,-0.000000,8.000020,-7.999982
161.911794,-8.256848,50.692009,0.000000,3.141590,0.000000,0.000000,0.000000,0.000000,-0.000000,8.000020,-7.999982
162.111685,-8.456739,50.692010,0.000000,3.141590,0.000000,0.000000,0.000000,0.000000,-0.000000,8.000021,-7.999981
162.311577,-8.656630,50.692011,0.000000,3.141590,0.000000,0.000000,0.000000,0.000000,-0.000000,8.000021,-7.999981
162.511468,-8.856521,50.692011,0.000000,3.141590,0.000000,0.000000,0.000000,0.000000,-0.000000,8.000022,-7.999980
162.711359,-9.056412,50.692012,0.000000,3.141590,0.000000,0.000000,0.000000,0.000000,-0.000000,8.000024,-7.999978
162.911250,-9.256303,50.692012,0.000000,3.141590,0.000000,0.000000,0.000000,0.000000,-0.000000,8.000024,-7.999977
163.111141,-9.456194,50.692013,0.000000,3.141590,0.000000,0.000000,0.000000,0.000000,-0.000000,8.000024,-7.999976
163.311032,-9.656085,50.692013,0.000000,3.141590,0.000000,0.000000,0.000000,0.000000,-0.000000,8.000024,-7.999975
163.510923,-9.855977,50.692014,0.000000,3.141590,0.000000,0.000000,0.000000,0.000000,-0.000000,8.000026,-7.999975
163.710814,-10.055868,50.692015,0.000000,3.141590,0.000000,0.000000,0.000000,0.000000,-0.000000,8.000027,-7.999975
163.910705,-10.255759,50.692015,0.000000,3.141589,0.000000,0.000000,0.000000,0.000000,-0.000000,8.000026,-7.999974
164.110597,-10.455650,50.692016,0.000000,3.141589,0.000000,0.000000,0.000000,0.000000,-0.000000,8.000027,-7.999973
164.310488,-10.655541,50.692017,0.000000,3.141589,0.000000,0.000000,0.000000,0.000000,-0.000000,8.000029,-7.999973
164.510379,-10.855432,50.692017,0.000000,3.141589,0.000000,0.000000,0.000000,0.000000,-0.000000,8.000029,-7.999973
164.710270,-11.055323,50.692018,0.000000,3.141589,0.000000,0.000000,0.000000,0.000000,-0.000000,8.000030,-7.999972
164.910161,-11.255214,50.692019,0.000000,3.141589,0.000000,0.000000,0.000000,0.000000,-0.000000,8.000031,-7.999971
165.110052,-11.455105,50.692019,0.000000,3.141589,0.000000,0.000000,0.000000,0.000000,-0.000000,8.000031,-7.999971
165.309943,-11.654996,50.692020,0.000000,3.141589,0.000000,0.000000,0.000000,0.000000,-0.000000,8.000032,-7.999970
165.509834,-11.854888,50.692021,0.000000,3.141589,0.000000,0.000000,0.000000,0.000000,-0.000000,8.000033,-7.999969
165.709725,-12.054779,50.692021,0.000000,3.141589,0.000000,0.000000,0.000000,0.000000,-0.000000,8.000033,-7.999969
165.909616,-12.254670,50.692022,0.000000,3.141589,0.000000,0.000000,0.000000,0.000000,-0.000000,8.000034,-7.999968
166.109508,-12.454561,50.692023,0.000000,3.141589,0.000000,0.000000,0.000000,0.000000,-0.000000,8.000035,-7.999967
166.309399,-12.654452,50.692024,0.000000,3.141589,0.000000,0.000000,0.000000,0.000000,-0.000000,8.000036,-7.999966
166.509290,-12.854343,50.692024,0.000000,3.141589,0.000000,0.000000,0.000000,0.000000,-0.000000,8.000036,-7.999966
166.709181,-13.054234,50.692025,0.000000,3.141589,0.000000,0.000000,0.000000,0.000000,-0.000000,8.000037,-7.999965
166.909072,-13.254125,50.692026,0.000000,3.141589,0.000000,0.000000,0.000000,0.000000,-0.000000,8.000038,-7.999964
167.108963,-13.454016,50.692027,0.000000,3.141589,0.000000,0.000000,0.000000,0.000000,-0.000000,8.000039,-7.999963
167.308854,-13.653907,50.692028,0.000000,3.141589,0.000000,0.000000,0.000000,0.000000,-0.000000,8.000040,-7.999962
167.508745,-13.853799,50.692028,0.000000,3.141589,0.000000,0.000000,0.000000,0.000000,-0.000000,8.000040,-7.999962
167.708636,-14.053690,50.692029,0.000000,3.141589,0.000000,0.000000,0.000000,0.000000,-0.000000,8.000041,-7.999961
167.908527,-14.253581,50.692030,0.000000,3.141588,0.000000,0.000000,0.000000,0.000000,-0.000002,8.000041,-7.999959
168.108419,-14.453472,50.692031,0.000000,3.141588,0.000000,0.000000,0.000000,0.000000,-0.000003,8.000042,-7.999959
168.308310,-14.653363,50.692032,0.000000,3.141587,0.000000,0.000000,0.000000,0.000000,-0.000001,8.000044,-7.999958
168.508201,-14.853254,50.692033,0.000000,3.141587,0.000000,0.000000,0.000000,0.000000,-0.000000,8.000045,-7.999957
168.708092,-15.053145,50.692034,0.000000,3.141587,0.000000,0.000000,0.000000,0.000000,-0.000000,8.000046,-7.999956
168.907983,-15.253036,50.692035,0.000000,3.141587,0.000000,0.000000,0.000000,0.000000,-0.000000,8.000047,-7.999955
169.107874,-15.452927,50.692036,0.000000,3.141587,0.000000,0.000000,0.000000,0.000000,-0.000000,8.000047,-7.999953
169.307765,-15.652819,50.692037,0.000000,3.141587,0.000000,0.000000,0.000000,0.000000,-0.000000,8.000048,-7.999952
169.507656,-15.852710,50.692039,0.000000,3.141587,0.000000,0.000000,0.000000,0.000000,-0.000000,8.000050,-7.999950
169.707547,-16.052601,50.692040,0.000000,3.141587,0.000000,0.000000,0.000000,0.000000,-0.000000,8.000051,-7.999949
169.907439,-16.252492,50.692041,0.000000,3.141587,0.000000,0.000000,0.000000,0.000000,-0.000000,8.000052,-7.999948
170.107330,-16.452383,50.692042,0.000000,3.141587,0.000000,0.000000,0.000000,0.000000,-0.000001,8.000053,-7.999947
170.307221,-16.652274,50.692043,0.000000,3.141587,0.000000,0.000000,0.000000,0.000000,0.000000,8.000054,-7.999946
170.507112,-16.852165,50.692045,0.000000,3.141587,0.000000,0.000000,0.000000,0.000000,0.000002,8.000056,-7.999944
170.707003,-17.052056,50.692046,0.000000,3.141587,0.000000,0.000000,0.000000,0.000000,0.000001,8.000057,-7.999943
170.906894,-17.251947,50.692047,0.000000,3.141587,0.000000,0.000000,0.000000,0.000000,-0.000001,8.000058,-7.999942
171.106785,-17.451838,50.692048,0.000000,3.141587,0.000000,0.000000,0.000000,0.000000,-0.000001,8.000059,-7.999941
171.306676,-17.651730,50.692049,0.000000,3.141587,0.000000,0.000000,0.000000,0.000000,-0.000001,8.000060,-7.999940
171.506567,-17.851621,50.692050,0.000000,3.141587,0.000000,0.000000,0.000000,0.000000,-0.000000,8.000061,-7.999939
171.706458,-18.051512,50.692051,0.000000,3.141587,0.000000,0.000000,0.000000,0.000000,0.000002,8.000062,-7.999938
171.906350,-18.251403,50.692052,0.000000,3.141588,0.000000,0.000000,0.000000,0.000000,0.000002,8.000063,-7.999937
172.106241,-18.451294,50.692053,0.000000,3.141588,0.000000,0.000000,0.000000,0.000000,-0.000000,8.000064,-7.999936
172.306132,-18.651185,50.692054,0.000000,3.141588,0.000000,0.000000,0.000000,0.000000,-0.000001,8.000065,-7.999935
172.506023,-18.851076,50.692055,0.000000,3.141588,0.000000,0.000000,0.000000,0.000000,-0.000001,8.000066,-7.999934
172.705914,-19.050967,50.692056,0.000000,3.141587,0.000000,0.000000,0.000000,0.000000,-0.000001,8.000067,-7.999933
172.905805,-19.250858,50.692057,0.000000,3.141587,0.000000,0.000000,0.000000,0.000000,-0.000001,8.000068,-7.999932
173.105696,-19.450750,50.692058,0.000000,3.141587,0.000000,0.000000,0.000000,0.000000,-0.000000,8.000069,-7.999931
173.305587,-19.650641,50.692059,0.000000,3.141587,0.000000,0.000000,0.000000,0.000000,-0.000001,8.000070,-7.999930
173.505478,-19.850532,50.692061,0.000000,3.141587,0.000000,0.000000,0.000000,0.000000,-0.000003,8.000072,-7.999928
173.705370,-20.050423,50.692062,0.000000,3.141586,0.000000,0.000000,0.000000,0.000000,-0.000004,8.000073,-7.999927
173.905261,-20.250314,50.692063,0.000000,3.141585,0.000000,0.000000,0.000000,0.000000,-0.000004,8.000074,-7.999926
174.105152,-20.450205,50.692065,0.000000,3.141585,0.000000,0.000000,0.000000,0.000000,-0.000002,8.000076,-7.999924
174.305043,-20.650096,50.692066,0.000000,3.141584,0.000000,0.000000,0.000000,0.000000,-0.000001,8.000077,-7.999923
174.504934,-20.849987,50.692068,0.000000,3.141584,0.000000,0.000000,0.000000,0.000000,-0.000003,8.000079,-7.999921
174.704825,-21.049878,50.692070,0.000000,3.141583,0.000000,0.000000,0.000000,0.000000,-0.000002,8.000081,-7.999919
174.904716,-21.249769,50.692072,0.000000,3.141583,0.000000,0.000000,0.000000,0.000000,-0.000001,8.000083,-7.999917
175.104607,-21.449661,50.692074,0.000000,3.141583,0.000000,0.000000,0.000000,0.000000,-0.000003,8.000085,-7.999915
175.304498,-21.649552,50.692076,0.000000,3.141582,0.000000,0.000000,0.000000,0.000000,-0.000003,8.000087,-7.999913
175.504389,-21.849443,50.692078,0.000000,3.141582,0.000000,0.000000,0.000000,0.000000,-0.000000,8.000089,-7.999911
175.704281,-22.049334,50.692080,0.000000,3.141582,0.000000,0.000000,0.000000,0.000000,0.000002,8.000091,-7.999909
175.904172,-22.249225,50.692082,0.000000,3.141582,0.000000,0.000000,0.000000,0.000000,0.000001,8.000093,-7.999907
176.104063,-22.449116,50.692084,0.000000,3.141582,0.000000,0.000000,0.000000,0.000000,-0.000001,8.000095,-7.999905
176.303954,-22.649007,50.692086,0.000000,3.141582,0.000000,0.000000,0.000000,0.000000,0.000002,8.000097,-7.999903
176.503845,-22.848898,50.692088,0.000000,3.141583,0.000000,0.000000,0.000000,0.000000,0.000003,8.000099,-7.999901
176.703736,-23.048789,50.692090,0.000000,3.141583,0.000000,0.000000,0.000000,0.000000,0.000003,8.000101,-7.999899
176.903627,-23.248680,50.692092,0.000000,3.141584,0.000000,0.000000,0.000000,0.000000,0.000002,8.000103,-7.999897
177.103518,-23.448572,50.692094,0.000000,3.141584,0.000000,0.000000,0.000000,0.000000,0.000003,8.000105,-7.999895
177.303409,-23.648463,50.692095,0.000000,3.141585,0.000000,0.000000,0.000000,0.000000,0.000002,8.000106,-7.999894
177.503300,-23.848354,50.692097,0.000000,3.141585,0.000000,0.000000,0.000000,0.000000,0.000000,8.000108,-7.999892
177.703192,-24.048245,50.692098,0.000000,3.141585,0.000000,0.000000,0.000000,0.000000,-0.000000,8.000109,-7.999891
177.903083,-24.248136,50.692100,0.000000,3.141585,0.000000,0.000000,0.000000,0.000000,0.000002,8.000111,-7.999889
178.102974,-24.448027,50.692101,0.000000,3.141586,0.000000,0.000000,0.000000,0.000000,0.000001,8.000112,-7.999888
178.302865,-24.647918,50.692103,0.000000,3.141586,0.000000,0.000000,0.000000,0.000000,-0.000001,8.000114,-7.999886
178.502756,-24.847809,50.692104,0.000000,3.141585,0.000000,0.000000,0.000000,0.000000,-0.000001,8.000115,-7.999885
178.702647,-25.047700,50.692106,0.000000,3.141585,0.000000,0.000000,0.000000,0.000000,-0.000001,8.000117,-7.999883
178.902538,-25.247592,50.692107,0.000000,3.141585,0.000000,0.000000,0.000000,0.000000,-0.000001,8.000118,-7.999882
179.102429,-25.447483,50.692109,0.000000,3.141585,0.000000,0.000000,0.000000,0.000000,-0.000001,8.000120,-7.999880
179.302320,-25.647374,50.692110,0.000000,3.141585,0.000000,0.000000,0.000000,0.000000,0.000002,8.000122,-7.999878
179.502212,-25.847265,50.692112,0.000000,3.141586,0.000000,0.000000,0.000000,0.000000,0.000007,8.000125,-7.999875
179.702103,-26.047156,50.692113,0.000000,3.141588,0.000000,0.000000,0.000000,0.000000,0.000013,8.000127,-7.999873
179.901994,-26.247047,50.692114,0.000000,3.141591,0.000000,0.000000,0.000000,0.000000,0.000020,8.000129,-7.999871
180.101885,-26.446938,50.692114,0.000000,3.141596,0.000000,0.000000,0.000000,0.000000,0.000030,8.000132,-7.999868
180.301776,-26.646829,50.692112,0.000000,3.141603,0.000000,0.000000,0.000000,0.000000,0.000045,8.000134,-7.999866
180.501667,-26.846720,50.692109,0.000000,3.141614,0.000000,0.000000,0.000000,0.000000,0.000062,8.000137,-7.999864
180.701558,-27.046611,50.692104,0.000000,3.141629,0.000000,0.000000,0.000000,0.000000,0.000085,8.000138,-7.999860
180.901449,-27.246503,50.692095,0.000000,3.141649,0.000000,0.000000,0.000000,0.000000,0.000117,8.000140,-7.999858
181.101340,-27.446394,50.692081,0.000000,3.141676,0.000000,0.000000,0.000000,0.000000,0.000151,8.000142,-7.999856
181.301231,-27.646285,50.692061,0.000000,3.141710,0.000000,0.000000,0.000000,0.000000,0.000191,8.000144,-7.999853
181.501123,-27.846176,50.692033,0.000000,3.141753,0.000000,0.000000,0.000000,0.000000,0.000240,8.000145,-7.999851
181.701014,-28.046067,50.691996,0.000000,3.141806,0.000000,0.000000,0.000000,0.000000,0.000297,8.000145,-7.999849
181.900905,-28.245958,50.691947,0.000000,3.141873,0.000000,0.000000,0.000000,0.000000,0.000367,8.000147,-7.999846
182.100796,-28.445849,50.691883,0.000000,3.141954,0.000000,0.000000,0.000000,0.000000,0.000444,8.000147,-7.999845
182.300687,-28.645740,50.691802,0.000000,3.142051,0.000000,0.000000,0.000000,0.000000,0.000527,8.000146,-7.999845
182.500578,-28.845631,50.691699,0.000000,3.142167,0.000000,0.000000,0.000000,0.000000,0.000632,8.000147,-7.999842
182.700469,-29.045522,50.691571,0.000000,3.142304,0.000000,0.000000,0.000000,0.000000,0.000744,8.000144,-7.999844
182.900360,-29.245413,50.691413,0.000000,3.142465,0.000000,0.000000,0.000000,0.000000,0.000864,8.000143,-7.999843
183.100251,-29.445304,50.691220,0.000000,3.142652,0.000000,0.000000,0.000000,0.000000,0.001007,8.000143,-7.999842
183.300143,-29.645195,50.690987,0.000000,3.142869,0.000000,0.000000,0.000000,0.000000,0.001161,8.000138,-7.999846
183.500034,-29.845086,50.690708,0.000000,3.143117,0.000000,0.000000,0.000000,0.000000,0.001328,8.000138,-7.999843
183.699925,-30.044977,50.690375,0.000000,3.143402,0.000000,0.000000,0.000000,0.000000,0.001521,8.000136,-7.999843
183.899816,-30.244868,50.689982,0.000000,3.143726,0.000000,0.000000,0.000000,0.000000,0.001718,8.000129,-7.999849
184.099707,-30.444758,50.689520,0.000000,3.144091,0.000000,0.000000,0.000000,0.000000,0.001932,8.000131,-7.999847
184.299598,-30.644649,50.688980,0.000000,3.144501,0.000000,0.000000,0.000000,0.000000,0.002177,8.000127,-7.999851
184.499489,-30.844539,50.688354,0.000000,3.144961,0.000000,0.000000,0.000000,0.000000,0.002422,8.000117,-7.999859
184.699380,-31.044429,50.687630,0.000000,3.145472,0.000000,0.000000,0.000000,0.000000,0.002695,8.000122,-7.999854
184.899271,-31.244318,50.686799,0.000000,3.146041,0.000000,0.000000,0.000000,0.000000,0.002996,8.000114,-7.999862
185.099162,-31.444207,50.685848,0.000000,3.146670,0.000000,0.000000,0.000000,0.000000,0.003293,8.000106,-7.999872
185.299054,-31.644095,50.684765,0.000000,3.147361,0.000000,0.000000,0.000000,0.000000,0.003624,8.000114,-7.999866
185.498945,-31.843982,50.683537,0.000000,3.148121,0.000000,0.000000,0.000000,0.000000,0.003981,8.000102,-7.999881
185.698836,-32.043869,50.682150,0.000000,3.148952,0.000000,0.000000,0.000000,0.000000,0.004333,8.000097,-7.999889
185.898727,-32.243754,50.680590,0.000000,3.149858,0.000000,0.000000,0.000000,0.000000,0.004727,8.000108,-7.999885
186.098618,-32.443637,50.678841,0.000000,3.150843,0.000000,0.000000,0.000000,0.000000,0.005136,8.000090,-7.999909
186.298509,-32.643519,50.676886,0.000000,3.151910,0.000000,0.000000,0.000000,0.000000,0.005541,8.000092,-7.999915
186.498400,-32.843398,50.674710,0.000000,3.153063,0.000000,0.000000,0.000000,0.000000,0.005994,8.000104,-7.999913
186.698291,-33.043274,50.672295,0.000000,3.154308,0.000000,0.000000,0.000000,0.000000,0.006456,8.000082,-7.999948
186.898182,-33.243148,50.669621,0.000000,3.155644,0.000000,0.000000,0.000000,0.000000,0.006918,8.000094,-7.999948
187.098073,-33.443017,50.666671,0.000000,3.157078,0.000000,0.000000,0.000000,0.000000,0.007431,8.000106,-7.999952
187.297965,-33.642882,50.663424,0.000000,3.158614,0.000000,0.000000,0.000000,0.000000,0.007936,8.000083,-7.999994
187.497856,-33.842741,50.659859,0.000000,3.160252,0.000000,0.000000,0.000000,0.000000,0.008449,8.000106,-7.999991
187.697747,-34.042594,50.655957,0.000000,3.161998,0.000000,0.000000,0.000000,0.000000,0.009016,8.000115,-8.000006
187.897638,-34.242440,50.651695,0.000000,3.163855,0.000000,0.000000,0.000000,0.000000,0.009565,8.000091,-8.000056
188.097529,-34.442277,50.647051,0.000000,3.165823,0.000000,0.000000,0.000000,0.000000,0.010131,8.000128,-8.000049
188.297420,-34.642104,50.642001,0.000000,3.167909,0.000000,0.000000,0.000000,0.000000,0.010739,8.000132,-8.000077
188.497311,-34.841920,50.636523,0.000000,3.170114,0.000000,0.000000,0.000000,0.000000,0.011323,8.000112,-8.000132
188.697202,-35.041723,50.630592,0.000000,3.172439,0.000000,0.000000,0.000000,0.000000,0.011937,8.000162,-8.000120
188.897093,-35.241511,50.624185,0.000000,3.174890,0.000000,0.000000,0.000000,0.000000,0.012584,8.000157,-8.000167
189.096985,-35.441283,50.617275,0.000000,3.177467,0.000000,0.000000,0.000000,0.000000,0.013196,8.000151,-8.000219
189.296876,-35.641036,50.609838,0.000000,3.180170,0.000000,0.000000,0.000000,0.000000,0.013850,8.000212,-8.000207
189.496767,-35.840767,50.601847,0.000000,3.183005,0.000000,0.000000,0.000000,0.000000,0.014522,8.000199,-8.000273
189.696658,-36.040474,50.593278,0.000000,3.185972,0.000000,0.000000,0.000000,0.000000,0.015160,8.000209,-8.000320
189.896549,-36.240154,50.584102,0.000000,3.189071,0.000000,0.000000,0.000000,0.000000,0.015846,8.000278,-8.000313
190.096440,-36.439805,50.574295,0.000000,3.192307,0.000000,0.000000,0.000000,0.000000,0.016534,8.000255,-8.000399
190.296331,-36.639421,50.563827,0.000000,3.195678,0.000000,0.000000,0.000000,0.000000,0.017190,8.000289,-8.000433
190.496222,-36.839001,50.552674,0.000000,3.199185,0.000000,0.000000,0.000000,0.000000,0.017897,8.000360,-8.000435
190.696113,-37.038539,50.540806,0.000000,3.202832,0.000000,0.000000,0.000000,0.000000,0.018592,8.000328,-8.000543
190.896004,-37.238032,50.528198,0.000000,3.206615,0.000000,0.000000,0.000000,0.000000,0.019260,8.000391,-8.000559
191.095896,-37.437475,50.514821,0.000000,3.210537,0.000000,0.000000,0.000000,0.000000,0.019980,8.000458,-8.000576
191.295787,-37.636863,50.500648,0.000000,3.214599,0.000000,0.000000,0.000000,0.000000,0.020668,8.000427,-8.000694
191.495678,-37.836191,50.485651,0.000000,3.218798,0.000000,0.000000,0.000000,0.000000,0.021342,8.000517,-8.000695
191.695569,-38.035453,50.469804,0.000000,3.223136,0.000000,0.000000,0.000000,0.000000,0.022059,8.000575,-8.000730
191.895460,-38.234642,50.453079,0.000000,3.227613,0.000000,0.000000,0.000000,0.000000,0.022734,8.000545,-8.000857
192.095351,-38.433754,50.435448,0.000000,3.232224,0.000000,0.000000,0.000000,0.000000,0.023407,8.000663,-8.000840
192.295242,-38.632782,50.416886,0.000000,3.236974,0.000000,0.000000,0.000000,0.000000,0.024114,8.000705,-8.000901
192.495133,-38.831717,50.397365,0.000000,3.241859,0.000000,0.000000,0.000000,0.000000,0.024765,8.000688,-8.001022
192.695024,-39.030553,50.376860,0.000000,3.246875,0.000000,0.000000,0.000000,0.000000,0.025425,8.000822,-8.000996
192.894916,-39.229283,50.355344,0.000000,3.252026,0.000000,0.000000,0.000000,0.000000,0.026107,8.000845,-8.001083
193.094807,-39.427898,50.332792,0.000000,3.257307,0.000000,0.000000,0.000000,0.000000,0.026731,8.000849,-8.001191
193.294698,-39.626389,50.309179,0.000000,3.262714,0.000000,0.000000,0.000000,0.000000,0.027374,8.000999,-8.001155
193.494589,-39.824748,50.284480,0.000000,3.268251,0.000000,0.000000,0.000000,0.000000,0.028021,8.001001,-8.001268
193.694480,-40.022965,50.258670,0.000000,3.273911,0.000000,0.000000,0.000000,0.000000,0.028612,8.001033,-8.001350
193.894371,-40.221032,50.231728,0.000000,3.279691,0.000000,0.000000,0.000000,0.000000,0.029222,8.001181,-8.001320
194.094262,-40.418938,50.203629,0.000000,3.285593,0.000000,0.000000,0.000000,0.000000,0.029823,8.001161,-8.001457
194.294153,-40.616673,50.174351,0.000000,3.291609,0.000000,0.000000,0.000000,0.000000,0.030376,8.001228,-8.001507
194.494044,-40.814227,50.143872,0.000000,3.297739,0.000000,0.000000,0.000000,0.000000,0.030954,8.001365,-8.001486
194.693935,-41.011588,50.112173,0.000000,3.303981,0.000000,0.000000,0.000000,0.000000,0.031502,8.001326,-8.001640
194.893827,-41.208746,50.079231,0.000000,3.310329,0.000000,0.000000,0.000000,0.000000,0.032010,8.001422,-8.001659
195.093718,-41.405689,50.045028,0.000000,3.316780,0.000000,0.000000,0.000000,0.000000,0.032540,8.001543,-8.001651
195.293609,-41.602405,50.009545,0.000000,3.323334,0.000000,0.000000,0.000000,0.000000,0.033036,8.001489,-8.001816
195.493500,-41.798882,49.972765,0.000000,3.329984,0.000000,0.000000,0.000000,0.000000,0.033501,8.001625,-8.001792
195.693391,-41.995109,49.934669,0.000000,3.336728,0.000000,0.000000,0.000000,0.000000,0.033975,8.001715,-8.001809
195.893282,-42.191073,49.895242,0.000000,3.343563,0.000000,0.000000,0.000000,0.000000,0.034410,8.001662,-8.001969
196.093173,-42.386761,49.854468,0.000000,3.350483,0.000000,0.000000,0.000000,0.000000,0.034827,8.001816,-8.001917
196.293064,-42.582160,49.812332,0.000000,3.357487,0.000000,0.000000,0.000000,0.000000,0.035248,8.001872,-8.001960
196.492955,-42.777258,49.768822,0.000000,3.364570,0.000000,0.000000,0.000000,0.000000,0.035623,8.001825,-8.002103
196.692847,-42.972041,49.723923,0.000000,3.371727,0.000000,0.000000,0.000000,0.000000,0.035987,8.001993,-8.002028
196.892738,-43.166496,49.677624,0.000000,3.378956,0.000000,0.000000,0.000000,0.000000,0.036348,8.002013,-8.002098
197.092629,-43.360609,49.629914,0.000000,3.386254,0.000000,0.000000,0.000000,0.000000,0.036666,8.001974,-8.002222
197.292520,-43.554368,49.580782,0.000000,3.393615,0.000000,0.000000,0.000000,0.000000,0.036980,8.002152,-8.002125
197.492411,-43.747758,49.530220,0.000000,3.401036,0.000000,0.000000,0.000000,0.000000,0.037279,8.002129,-8.002225
197.692302,-43.940766,49.478218,0.000000,3.408514,0.000000,0.000000,0.000000,0.000000,0.037542,8.002129,-8.002298
197.892193,-44.133378,49.424770,0.000000,3.416045,0.000000,0.000000,0.000000,0.000000,0.037804,8.002289,-8.002206
198.092084,-44.325581,49.369867,0.000000,3.423626,0.000000,0.000000,0.000000,0.000000,0.038048,8.002235,-8.002324
198.291975,-44.517361,49.313505,0.000000,3.431252,0.000000,0.000000,0.000000,0.000000,0.038260,8.002263,-8.002357
198.491866,-44.708705,49.255678,0.000000,3.438921,0.000000,0.000000,0.000000,0.000000,0.038470,8.002404,-8.002271
198.691758,-44.899597,49.196381,0.000000,3.446630,0.000000,0.000000,0.000000,0.000000,0.038657,8.002322,-8.002404
198.891649,-45.090027,49.135610,0.000000,3.454374,0.000000,0.000000,0.000000,0.000000,0.038822,8.002384,-8.002389
199.091540,-45.279978,49.073364,0.000000,3.462150,0.000000,0.000000,0.000000,0.000000,0.038985,8.002494,-8.002321
199.291431,-45.469439,49.009640,0.000000,3.469957,0.000000,0.000000,0.000000,0.000000,0.039127,8.002384,-8.002471
199.491322,-45.658396,48.944436,0.000000,3.477790,0.000000,0.000000,0.000000,0.000000,0.039252,8.002487,-8.002401
199.691213,-45.846836,48.877752,0.000000,3.485649,0.000000,0.000000,0.000000,0.000000,0.039372,8.002560,-8.002360
199.891104,-46.034745,48.809587,0.000000,3.493529,0.000000,0.000000,0.000000,0.000000,0.039470,8.002453,-8.002494
200.090995,-46.222110,48.739941,0.000000,3.501427,0.000000,0.000000,0.000000,0.000000,0.039559,8.002575,-8.002395
200.290886,-46.408918,48.668816,0.000000,3.509343,0.000000,0.000000,0.000000,0.000000,0.039645,8.002609,-8.002381
200.490777,-46.595158,48.596213,0.000000,3.517274,0.000000,0.000000,0.000000,0.000000,0.039710,8.002504,-8.002506
200.690669,-46.780815,48.522134,0.000000,3.525218,0.000000,0.000000,0.000000,0.000000,0.039768,8.002647,-8.002376
200.890560,-46.965877,48.446581,0.000000,3.533173,0.000000,0.000000,0.000000,0.000000,0.039823,8.002638,-8.002397
201.090451,-47.150332,48.369558,0.000000,3.541137,0.000000,0.000000,0.000000,0.000000,0.039865,8.002551,-8.002494
201.290342,-47.334168,48.291068,0.000000,3.549109,0.000000,0.000000,0.000000,0.000000,0.039901,8.002696,-8.002357
201.490233,-47.517371,48.211114,0.000000,3.557088,0.000000,0.000000,0.000000,0.000000,0.039932,8.002647,-8.002411
201.690124,-47.699931,48.129700,0.000000,3.565073,0.000000,0.000000,0.000000,0.000000,0.039955,8.002593,-8.002468
201.890015,-47.881835,48.046830,0.000000,3.573061,0.000000,0.000000,0.000000,0.000000,0.039975,8.002737,-8.002328
202.089906,-48.063070,47.962510,0.000000,3.581053,0.000000,0.000000,0.000000,0.000000,0.039991,8.002656,-8.002410
202.289797,-48.243626,47.876744,0.000000,3.589048,0.000000,0.000000,0.000000,0.000000,0.040003,8.002637,-8.002429
202.489689,-48.423490,47.789537,0.000000,3.597046,0.000000,0.000000,0.000000,0.000000,0.040013,8.002761,-8.002304
202.689580,-48.602651,47.700894,0.000000,3.605044,0.000000,0.000000,0.000000,0.000000,0.040017,8.002652,-8.002412
202.889471,-48.781098,47.610821,0.000000,3.613044,0.000000,0.000000,0.000000,0.000000,0.040020,8.002675,-8.002387
203.089362,-48.958817,47.519323,0.000000,3.621044,0.000000,0.000000,0.000000,0.000000,0.040022,8.002772,-8.002288
203.289253,-49.135800,47.426406,0.000000,3.629044,0.000000,0.000000,0.000000,0.000000,0.040024,8.002646,-8.002411
203.489144,-49.312033,47.332077,0.000000,3.637044,0.000000,0.000000,0.000000,0.000000,0.040026,8.002702,-8.002353
203.689035,-49.487506,47.236340,0.000000,3.645045,0.000000,0.000000,0.000000,0.000000,0.040026,8.002772,-8.002281
203.888926,-49.662207,47.139203,0.000000,3.653046,0.000000,0.000000,0.000000,0.000000,0.040025,8.002638,-8.002412
204.088817,-49.836126,47.040671,0.000000,3.661047,0.000000,0.000000,0.000000,0.000000,0.040025,8.002737,-8.002310
204.288708,-50.009251,46.940751,0.000000,3.669047,0.000000,0.000000,0.000000,0.000000,0.040023,8.002769,-8.002275
204.488600,-50.181571,46.839449,0.000000,3.677047,0.000000,0.000000,0.000000,0.000000,0.040020,8.002641,-8.002399
204.688491,-50.353075,46.736771,0.000000,3.685046,0.000000,0.000000,0.000000,0.000000,0.040019,8.002761,-8.002278
204.888382,-50.523752,46.632725,0.000000,3.693046,0.000000,0.000000,0.000000,0.000000,0.040019,8.002755,-8.002281
205.088273,-50.693591,46.527317,0.000000,3.701045,0.000000,0.000000,0.000000,0.000000,0.040018,8.002648,-8.002385
205.288164,-50.862582,46.420554,0.000000,3.709045,0.000000,0.000000,0.000000,0.000000,0.040019,8.002779,-8.002250
205.488055,-51.030713,46.312443,0.000000,3.717044,0.000000,0.000000,0.000000,0.000000,0.040019,8.002740,-8.002287
205.687946,-51.197974,46.202990,0.000000,3.725043,0.000000,0.000000,0.000000,0.000000,0.040018,8.002650,-8.002374
205.887837,-51.364355,46.092202,0.000000,3.733043,0.000000,0.000000,0.000000,0.000000,0.040019,8.002796,-8.002226
206.087728,-51.529843,45.980087,0.000000,3.741042,0.000000,0.000000,0.000000,0.000000,0.040021,8.002719,-8.002300
206.287620,-51.694430,45.866652,0.000000,3.749042,0.000000,0.000000,0.000000,0.000000,0.040021,8.002679,-8.002337
206.487511,-51.858103,45.751904,0.000000,3.757042,0.000000,0.000000,0.000000,0.000000,0.040019,8.002804,-8.002210
206.687402,-52.020854,45.635850,0.000000,3.765041,0.000000,0.000000,0.000000,0.000000,0.040018,8.002702,-8.002309
206.887293,-52.182671,45.518498,0.000000,3.773041,0.000000,0.000000,0.000000,0.000000,0.040020,8.002701,-8.002308
207.087184,-52.343544,45.399856,0.000000,3.781040,0.000000,0.000000,0.000000,0.000000,0.040022,8.002807,-8.002199
207.287075,-52.503463,45.279930,0.000000,3.789040,0.000000,0.000000,0.000000,0.000000,0.040019,8.002684,-8.002320
207.486966,-52.662418,45.158729,0.000000,3.797040,0.000000,0.000000,0.000000,0.000000,0.040019,8.002723,-8.002280
207.686857,-52.820397,45.036260,0.000000,3.805039,0.000000,0.000000,0.000000,0.000000,0.040022,8.002803,-8.002197
207.886748,-52.977392,44.912531,0.000000,3.813039,0.000000,0.000000,0.000000,0.000000,0.040020,8.002659,-8.002338
208.086639,-53.133393,44.787550,0.000000,3.821038,0.000000,0.000000,0.000000,0.000000,0.040018,8.002748,-8.002247
208.286531,-53.288388,44.661326,0.000000,3.829038,0.000000,0.000000,0.000000,0.000000,0.040018,8.002791,-8.002202
208.486422,-53.442369,44.533866,0.000000,3.837037,0.000000,0.000000,0.000000,0.000000,0.040018,8.002660,-8.002332
208.686313,-53.595325,44.405177,0.000000,3.845036,0.000000,0.000000,0.000000,0.000000,0.040018,8.002768,-8.002223
208.886204,-53.747247,44.275270,0.000000,3.853036,0.000000,0.000000,0.000000,0.000000,0.040018,8.002778,-8.002211
209.086095,-53.898125,44.144152,0.000000,3.861035,0.000000,0.000000,0.000000,0.000000,0.040018,8.002656,-8.002330
209.285986,-54.047949,44.011830,0.000000,3.869034,0.000000,0.000000,0.000000,0.000000,0.040018,8.002784,-8.002201
209.485877,-54.196711,43.878315,0.000000,3.877033,0.000000,0.000000,0.000000,0.000000,0.040016,8.002756,-8.002227
209.685768,-54.344399,43.743614,0.000000,3.885032,0.000000,0.000000,0.000000,0.000000,0.040016,8.002657,-8.002323
209.885659,-54.491005,43.607736,0.000000,3.893031,0.000000,0.000000,0.000000,0.000000,0.040018,8.002790,-8.002189
210.085550,-54.636520,43.470689,0.000000,3.901030,0.000000,0.000000,0.000000,0.000000,0.040016,8.002724,-8.002254
210.285442,-54.780933,43.332483,0.000000,3.909029,0.000000,0.000000,0.000000,0.000000,0.040015,8.002668,-8.002308
210.485333,-54.924237,43.193126,0.000000,3.917028,0.000000,0.000000,0.000000,0.000000,0.040015,8.002798,-8.002176
210.685224,-55.066422,43.052628,0.000000,3.925026,0.000000,0.000000,0.000000,0.000000,0.040013,8.002705,-8.002266
210.885115,-55.207478,42.910997,0.000000,3.933024,0.000000,0.000000,0.000000,0.000000,0.040013,8.002683,-8.002287
211.085006,-55.347397,42.768242,0.000000,3.941022,0.000000,0.000000,0.000000,0.000000,0.040015,8.002798,-8.002171
211.284897,-55.486169,42.624372,0.000000,3.949021,0.000000,0.000000,0.000000,0.000000,0.040015,8.002681,-8.002287
211.484788,-55.623787,42.479397,0.000000,3.957020,0.000000,0.000000,0.000000,0.000000,0.040015,8.002703,-8.002263
211.684679,-55.760240,42.333327,0.000000,3.965018,0.000000,0.000000,0.000000,0.000000,0.040015,8.002792,-8.002173
211.884570,-55.895521,42.186169,0.000000,3.973017,0.000000,0.000000,0.000000,0.000000,0.040013,8.002659,-8.002305
212.084462,-56.029620,42.037934,0.000000,3.981015,0.000000,0.000000,0.000000,0.000000,0.040012,8.002716,-8.002246
212.284353,-56.162529,41.888631,0.000000,3.989013,0.000000,0.000000,0.000000,0.000000,0.040015,8.002779,-8.002182
212.484244,-56.294241,41.738270,0.000000,3.997012,0.000000,0.000000,0.000000,0.000000,0.040015,8.002644,-8.002315
212.684135,-56.424745,41.586860,0.000000,4.005011,0.000000,0.000000,0.000000,0.000000,0.040015,8.002741,-8.002219
212.884026,-56.554034,41.434412,0.000000,4.013009,0.000000,0.000000,0.000000,0.000000,0.040015,8.002767,-8.002192
213.083917,-56.682099,41.280934,0.000000,4.021008,0.000000,0.000000,0.000000,0.000000,0.040015,8.002637,-8.002319
213.283808,-56.808933,41.126436,0.000000,4.029006,0.000000,0.000000,0.000000,0.000000,0.040015,8.002758,-8.002197
213.483699,-56.934527,40.970929,0.000000,4.037005,0.000000,0.000000,0.000000,0.000000,0.040012,8.002745,-8.002209
213.683590,-57.058873,40.814423,0.000000,4.045003,0.000000,0.000000,0.000000,0.000000,0.040013,8.002638,-8.002316
213.883481,-57.181963,40.656927,0.000000,4.053001,0.000000,0.000000,0.000000,0.000000,0.040015,8.002768,-8.002185
214.083373,-57.303790,40.498451,0.000000,4.061000,0.000000,0.000000,0.000000,0.000000,0.040015,8.002722,-8.002229
214.283264,-57.424345,40.339006,0.000000,4.068999,0.000000,0.000000,0.000000,0.000000,0.040015,8.002635,-8.002316
214.483155,-57.543621,40.178602,0.000000,4.076997,0.000000,0.000000,0.000000,0.000000,0.040015,8.002776,-8.002172
214.683046,-57.661611,40.017249,0.000000,4.084996,0.000000,0.000000,0.000000,0.000000,0.040015,8.002694,-8.002254
214.882937,-57.778305,39.854958,0.000000,4.092994,0.000000,0.000000,0.000000,0.000000,0.040014,8.002657,-8.002291
215.082828,-57.893699,39.691738,0.000000,4.100993,0.000000,0.000000,0.000000,0.000000,0.040012,8.002778,-8.002169
215.282719,-58.007782,39.527601,0.000000,4.108991,0.000000,0.000000,0.000000,0.000000,0.040014,8.002671,-8.002275
215.482610,-58.120550,39.362556,0.000000,4.116989,0.000000,0.000000,0.000000,0.000000,0.040014,8.002673,-8.002273
215.682501,-58.231994,39.196615,0.000000,4.124988,0.000000,0.000000,0.000000,0.000000,0.040012,8.002775,-8.002170
215.882393,-58.342107,39.029788,0.000000,4.132986,0.000000,0.000000,0.000000,0.000000,0.040014,8.002650,-8.002294
216.082284,-58.450882,38.862085,0.000000,4.140984,0.000000,0.000000,0.000000,0.000000,0.040014,8.002690,-8.002253
216.282175,-58.558312,38.693518,0.000000,4.148983,0.000000,0.000000,0.000000,0.000000,0.040012,8.002766,-8.002176
216.482066,-58.664391,38.524096,0.000000,4.156981,0.000000,0.000000,0.000000,0.000000,0.040014,8.002622,-8.002320
216.681957,-58.769111,38.353832,0.000000,4.164979,0.000000,0.000000,0.000000,0.000000,0.040014,8.002711,-8.002229
216.881848,-58.872467,38.182736,0.000000,4.172977,0.000000,0.000000,0.000000,0.000000,0.040012,8.002750,-8.002190
217.081739,-58.974450,38.010818,0.000000,4.180976,0.000000,0.000000,0.000000,0.000000,0.040013,8.002620,-8.002320
217.281630,-59.075055,37.838090,0.000000,4.188974,0.000000,0.000000,0.000000,0.000000,0.040015,8.002728,-8.002211
217.481521,-59.174275,37.664564,0.000000,4.196972,0.000000,0.000000,0.000000,0.000000,0.040012,8.002733,-8.002205
217.681412,-59.272104,37.490249,0.000000,4.204970,0.000000,0.000000,0.000000,0.000000,0.040011,8.002615,-8.002323
217.881304,-59.368536,37.315157,0.000000,4.212968,0.000000,0.000000,0.000000,0.000000,0.040012,8.002742,-8.002194
218.081195,-59.463565,37.139300,0.000000,4.220967,0.000000,0.000000,0.000000,0.000000,0.040015,8.002711,-8.002225
218.281086,-59.557184,36.962688,0.000000,4.228965,0.000000,0.000000,0.000000,0.000000,0.040014,8.002615,-8.002321
218.480977,-59.649387,36.785333,0.000000,4.236963,0.000000,0.000000,0.000000,0.000000,0.040012,8.002751,-8.002186
218.680868,-59.740169,36.607246,0.000000,4.244961,0.000000,0.000000,0.000000,0.000000,0.040011,8.002681,-8.002255
218.880759,-59.829523,36.428439,0.000000,4.252959,0.000000,0.000000,0.000000,0.000000,0.040013,8.002628,-8.002307
219.080650,-59.917445,36.248923,0.000000,4.260958,0.000000,0.000000,0.000000,0.000000,0.040015,8.002757,-8.002177
219.280541,-60.003928,36.068709,0.000000,4.268956,0.000000,0.000000,0.000000,0.000000,0.040013,8.002662,-8.002272
219.480432,-60.088967,35.887810,0.000000,4.276954,0.000000,0.000000,0.000000,0.000000,0.040013,8.002643,-8.002291
219.680323,-60.172556,35.706236,0.000000,4.284953,0.000000,0.000000,0.000000,0.000000,0.040015,8.002756,-8.002177
219.880215,-60.254690,35.523999,0.000000,4.292951,0.000000,0.000000,0.000000,0.000000,0.040013,8.002638,-8.002294
220.080106,-60.335364,35.341111,0.000000,4.300949,0.000000,0.000000,0.000000,0.000000,0.040011,8.002663,-8.002269
220.279997,-60.414573,35.157584,0.000000,4.308947,0.000000,0.000000,0.000000,0.000000,0.040012,8.002750,-8.002182
220.479888,-60.492312,34.973429,0.000000,4.316946,0.000000,0.000000,0.000000,0.000000,0.040014,8.002614,-8.002318
220.679779,-60.568575,34.788659,0.000000,4.324944,0.000000,0.000000,0.000000,0.000000,0.040015,8.002678,-8.002252
220.879670,-60.643357,34.603284,0.000000,4.332942,0.000000,0.000000,0.000000,0.000000,0.040012,8.002736,-8.002194
221.079561,-60.716655,34.417317,0.000000,4.340940,0.000000,0.000000,0.000000,0.000000,0.040011,8.002602,-8.002328
221.279452,-60.788463,34.230770,0.000000,4.348938,0.000000,0.000000,0.000000,0.000000,0.040012,8.002702,-8.002228
221.479343,-60.858777,34.043654,0.000000,4.356937,0.000000,0.000000,0.000000,0.000000,0.040015,8.002724,-8.002206
221.679235,-60.927592,33.855982,0.000000,4.364935,0.000000,0.000000,0.000000,0.000000,0.040013,8.002593,-8.002335
221.879126,-60.994903,33.667766,0.000000,4.372933,0.000000,0.000000,0.000000,0.000000,0.040012,8.002718,-8.002210
222.079017,-61.060707,33.479017,0.000000,4.380931,0.000000,0.000000,0.000000,0.000000,0.040012,8.002701,-8.002227
222.278908,-61.125000,33.289748,0.000000,4.388929,0.000000,0.000000,0.000000,0.000000,0.040013,8.002597,-8.002331
222.478799,-61.187776,33.099971,0.000000,4.396928,0.000000,0.000000,0.000000,0.000000,0.040015,8.002728,-8.002200
222.678690,-61.249033,32.909698,0.000000,4.404926,0.000000,0.000000,0.000000,0.000000,0.040013,8.002678,-8.002250
222.878581,-61.308765,32.718941,0.000000,4.412924,0.000000,0.000000,0.000000,0.000000,0.040011,8.002598,-8.002329
223.078472,-61.366971,32.527712,0.000000,4.420922,0.000000,0.000000,0.000000,0.000000,0.040012,8.002737,-8.002189
223.278363,-61.423644,32.336024,0.000000,4.428920,0.000000,0.000000,0.000000,0.000000,0.040012,8.002653,-8.002273
223.478254,-61.478783,32.143889,0.000000,4.436918,0.000000,0.000000,0.000000,0.000000,0.040011,8.002619,-8.002307
223.678146,-61.532384,31.951319,0.000000,4.444916,0.000000,0.000000,0.000000,0.000000,0.040012,8.002739,-8.002187
223.878037,-61.584443,31.758327,0.000000,4.452915,0.000000,0.000000,0.000000,0.000000,0.040014,8.002629,-8.002297
224.077928,-61.634956,31.564924,0.000000,4.460913,0.000000,0.000000,0.000000,0.000000,0.040014,8.002638,-8.002287
224.277819,-61.683921,31.371123,0.000000,4.468911,0.000000,0.000000,0.000000,0.000000,0.040012,8.002736,-8.002189
224.477710,-61.731334,31.176937,0.000000,4.476909,0.000000,0.000000,0.000000,0.000000,0.040011,8.002609,-8.002317
224.677601,-61.777193,30.982378,0.000000,4.484907,0.000000,0.000000,0.000000,0.000000,0.040012,8.002653,-8.002271
224.877492,-61.821494,30.787458,0.000000,4.492905,0.000000,0.000000,0.000000,0.000000,0.040012,8.002727,-8.002197
225.077383,-61.864235,30.592191,0.000000,4.500904,0.000000,0.000000,0.000000,0.000000,0.040014,8.002586,-8.002338
225.277274,-61.905412,30.396588,0.000000,4.508902,0.000000,0.000000,0.000000,0.000000,0.040015,8.002678,-8.002246
225.477166,-61.945024,30.200661,0.000000,4.516900,0.000000,0.000000,0.000000,0.000000,0.040013,8.002714,-8.002210
225.677057,-61.983067,30.004424,0.000000,4.524899,0.000000,0.000000,0.000000,0.000000,0.040011,8.002584,-8.002340
225.876948,-62.019540,29.807889,0.000000,4.532897,0.000000,0.000000,0.000000,0.000000,0.040012,8.002695,-8.002229
226.076839,-62.054440,29.611069,0.000000,4.540895,0.000000,0.000000,0.000000,0.000000,0.040012,8.002696,-8.002228
226.276730,-62.087764,29.413976,0.000000,4.548893,0.000000,0.000000,0.000000,0.000000,0.040011,8.002581,-8.002343
226.476621,-62.119511,29.216622,0.000000,4.556891,0.000000,0.000000,0.000000,0.000000,0.040012,8.002710,-8.002214
226.676512,-62.149679,29.019021,0.000000,4.564889,0.000000,0.000000,0.000000,0.000000,0.040015,8.002676,-8.002247
226.876403,-62.178265,28.821185,0.000000,4.572887,0.000000,0.000000,0.000000,0.000000,0.040014,8.002581,-8.002341
227.076294,-62.205268,28.623127,0.000000,4.580886,0.000000,0.000000,0.000000,0.000000,0.040012,8.002719,-8.002203
227.276185,-62.230686,28.424859,0.000000,4.588884,0.000000,0.000000,0.000000,0.000000,0.040012,8.002646,-8.002276
227.476077,-62.254517,28.226394,0.000000,4.596882,0.000000,0.000000,0.000000,0.000000,0.040012,8.002599,-8.002323
227.675968,-62.276760,28.027745,0.000000,4.604880,0.000000,0.000000,0.000000,0.000000,0.040012,8.002725,-8.002197
227.875859,-62.297414,27.828924,0.000000,4.612878,0.000000,0.000000,0.000000,0.000000,0.040014,8.002628,-8.002294
228.075750,-62.316477,27.629945,0.000000,4.620877,0.000000,0.000000,0.000000,0.000000,0.040014,8.002613,-8.002309
228.275641,-62.333948,27.430819,0.000000,4.628875,0.000000,0.000000,0.000000,0.000000,0.040012,8.002725,-8.002197
228.475532,-62.349825,27.231560,0.000000,4.636873,0.000000,0.000000,0.000000,0.000000,0.040012,8.002606,-8.002316
228.675423,-62.364109,27.032181,0.000000,4.644871,0.000000,0.000000,0.000000,0.000000,0.040012,8.002635,-8.002287
228.875314,-62.376797,26.832693,0.000000,4.652869,0.000000,0.000000,0.000000,0.000000,0.040012,8.002720,-8.002202
229.075205,-62.387890,26.633111,0.000000,4.660867,0.000000,0.000000,0.000000,0.000000,0.040012,8.002582,-8.002340
229.275096,-62.397385,26.433446,0.000000,4.668865,0.000000,0.000000,0.000000,0.000000,0.040012,8.002654,-8.002268
229.474988,-62.405284,26.233711,0.000000,4.676863,0.000000,0.000000,0.000000,0.000000,0.040012,8.002707,-8.002215
229.674879,-62.411585,26.033920,0.000000,4.684861,0.000000,0.000000,0.000000,0.000000,0.040014,8.002575,-8.002347
229.874770,-62.416288,25.834085,0.000000,4.692860,0.000000,0.000000,0.000000,0.000000,0.040015,8.002677,-8.002245
230.074661,-62.419392,25.634218,0.000000,4.700858,0.000000,0.000000,0.000000,0.000000,0.040013,8.002696,-8.002226
230.274552,-62.420897,25.434333,0.000000,4.708856,0.000000,0.000000,0.000000,0.000000,0.040012,8.002567,-8.002355
230.474443,-62.420804,25.234443,0.000000,4.716854,0.000000,0.000000,0.000000,0.000000,0.040012,8.002695,-8.002227
230.674334,-62.419112,25.034560,0.000000,4.724852,0.000000,0.000000,0.000000,0.000000,0.040012,8.002674,-8.002248
230.874225,-62.415822,24.834696,0.000000,4.732850,0.000000,0.000000,0.000000,0.000000,0.040012,8.002572,-8.002350
231.074116,-62.410933,24.634865,0.000000,4.740848,0.000000,0.000000,0.000000,0.000000,0.040013,8.002704,-8.002218
231.274008,-62.404446,24.435080,0.000000,4.748847,0.000000,0.000000,0.000000,0.000000,0.040015,8.002650,-8.002272
231.473899,-62.396361,24.235353,0.000000,4.756845,0.000000,0.000000,0.000000,0.000000,0.040014,8.002578,-8.002344
231.673790,-62.386679,24.035697,0.000000,4.764844,0.000000,0.000000,0.000000,0.000000,0.040012,8.002715,-8.002207
231.873681,-62.375400,23.836125,0.000000,4.772842,0.000000,0.000000,0.000000,0.000000,0.040012,8.002628,-8.002293
232.073572,-62.362526,23.636649,0.000000,4.780840,0.000000,0.000000,0.000000,0.000000,0.040012,8.002598,-8.002322
232.273463,-62.348057,23.437283,0.000000,4.788838,0.000000,0.000000,0.000000,0.000000,0.040012,8.002716,-8.002204
232.473354,-62.331993,23.238039,0.000000,4.796836,0.000000,0.000000,0.000000,0.000000,0.040012,8.002603,-8.002317
232.673245,-62.314337,23.038930,0.000000,4.804834,0.000000,0.000000,0.000000,0.000000,0.040013,8.002618,-8.002302
232.873136,-62.295088,22.839968,0.000000,4.812832,0.000000,0.000000,0.000000,0.000000,0.040015,8.002714,-8.002206
233.073027,-62.274249,22.641167,0.000000,4.820831,0.000000,0.000000,0.000000,0.000000,0.040013,8.002585,-8.002335
233.272919,-62.251821,22.442539,0.000000,4.828829,0.000000,0.000000,0.000000,0.000000,0.040012,8.002635,-8.002287
233.472810,-62.227804,22.244096,0.000000,4.836827,0.000000,0.000000,0.000000,0.000000,0.040012,8.002705,-8.002217
233.672701,-62.202201,22.045852,0.000000,4.844825,0.000000,0.000000,0.000000,0.000000,0.040012,8.002565,-8.002355
233.872592,-62.175014,21.847819,0.000000,4.852823,0.000000,0.000000,0.000000,0.000000,0.040012,8.002660,-8.002260
234.072483,-62.146243,21.650010,0.000000,4.860821,0.000000,0.000000,0.000000,0.000000,0.040012,8.002693,-8.002227
234.272374,-62.115892,21.452437,0.000000,4.868819,0.000000,0.000000,0.000000,0.000000,0.040012,8.002563,-8.002357
234.472265,-62.083961,21.255113,0.000000,4.876817,0.000000,0.000000,0.000000,0.000000,0.040013,8.002677,-8.002243
234.672156,-62.050453,21.058051,0.000000,4.884816,0.000000,0.000000,0.000000,0.000000,0.040015,8.002674,-8.002246
234.872047,-62.015369,20.861263,0.000000,4.892814,0.000000,0.000000,0.000000,0.000000,0.040014,8.002563,-8.002357
235.071938,-61.978713,20.664762,0.000000,4.900813,0.000000,0.000000,0.000000,0.000000,0.040012,8.002692,-8.002228
235.271830,-61.940487,20.468561,0.000000,4.908811,0.000000,0.000000,0.000000,0.000000,0.040012,8.002654,-8.002266
235.471721,-61.900692,20.272672,0.000000,4.916809,0.000000,0.000000,0.000000,0.000000,0.040012,8.002562,-8.002358
235.671612,-61.859332,20.077107,0.000000,4.924807,0.000000,0.000000,0.000000,0.000000,0.040012,8.002702,-8.002218
235.871503,-61.816409,19.881879,0.000000,4.932805,0.000000,0.000000,0.000000,0.000000,0.040012,8.002627,-8.002293
236.071394,-61.771927,19.687001,0.000000,4.940803,0.000000,0.000000,0.000000,0.000000,0.040013,8.002583,-8.002337
236.271285,-61.725887,19.492485,0.000000,4.948801,0.000000,0.000000,0.000000,0.000000,0.040015,8.002709,-8.002211
236.471176,-61.678292,19.298343,0.000000,4.956800,0.000000,0.000000,0.000000,0.000000,0.040013,8.002609,-8.002311
236.671067,-61.629146,19.104588,0.000000,4.964798,0.000000,0.000000,0.000000,0.000000,0.040012,8.002600,-8.002320
236.870958,-61.578452,18.911233,0.000000,4.972796,0.000000,0.000000,0.000000,0.000000,0.040012,8.002708,-8.002212
237.070850,-61.526214,18.718289,0.000000,4.980794,0.000000,0.000000,0.000000,0.000000,0.040012,8.002587,-8.002333
237.270741,-61.472434,18.525769,0.000000,4.988792,0.000000,0.000000,0.000000,0.000000,0.040012,8.002620,-8.002300
237.470632,-61.417116,18.333685,0.000000,4.996790,0.000000,0.000000,0.000000,0.000000,0.040012,8.002703,-8.002217
237.670523,-61.360263,18.142050,0.000000,5.004789,0.000000,0.000000,0.000000,0.000000,0.040012,8.002561,-8.002359
237.870414,-61.301879,17.950876,0.000000,5.012787,0.000000,0.000000,0.000000,0.000000,0.040013,8.002641,-8.002279
238.070305,-61.241968,17.760175,0.000000,5.020785,0.000000,0.000000,0.000000,0.000000,0.040015,8.002690,-8.002230
238.270196,-61.180534,17.569959,0.000000,5.028784,0.000000,0.000000,0.000000,0.000000,0.040014,8.002559,-8.002361
238.470087,-61.117581,17.380240,0.000000,5.036782,0.000000,0.000000,0.000000,0.000000,0.040012,8.002662,-8.002258
238.669978,-61.053112,17.191031,0.000000,5.044780,0.000000,0.000000,0.000000,0.000000,0.040012,8.002676,-8.002244
238.869869,-60.987132,17.002344,0.000000,5.052778,0.000000,0.000000,0.000000,0.000000,0.040012,8.002551,-8.002369
239.069761,-60.919644,16.814191,0.000000,5.060776,0.000000,0.000000,0.000000,0.000000,0.040012,8.002680,-8.002240
239.269652,-60.850654,16.626583,0.000000,5.068774,0.000000,0.000000,0.000000,0.000000,0.040012,8.002656,-8.002264
239.469543,-60.780166,16.439533,0.000000,5.076772,0.000000,0.000000,0.000000,0.000000,0.040012,8.002556,-8.002364
239.669434,-60.708184,16.253053,0.000000,5.084770,0.000000,0.000000,0.000000,0.000000,0.040013,8.002689,-8.002231
239.869325,-60.634713,16.067155,0.000000,5.092769,0.000000,0.000000,0.000000,0.000000,0.040015,8.002629,-8.002291
240.069216,-60.559757,15.881850,0.000000,5.100767,0.000000,0.000000,0.000000,0.000000,0.040014,8.002564,-8.002356
240.269107,-60.483322,15.697150,0.000000,5.108766,0.000000,0.000000,0.000000,0.000000,0.040013,8.002698,-8.002222
240.468998,-60.405412,15.513068,0.000000,5.116764,0.000000,0.000000,0.000000,0.000000,0.040012,8.002609,-8.002311
240.668889,-60.326032,15.329615,0.000000,5.124762,0.000000,0.000000,0.000000,0.000000,0.040012,8.002583,-8.002337
240.868781,-60.245187,15.146803,0.000000,5.132760,0.000000,0.000000,0.000000,0.000000,0.040013,8.002700,-8.002220
241.068672,-60.162883,14.964643,0.000000,5.140758,0.000000,0.000000,0.000000,0.000000,0.040012,8.002586,-8.002334
241.268563,-60.079124,14.783147,0.000000,5.148756,0.000000,0.000000,0.000000,0.000000,0.040013,8.002604,-8.002316
241.468454,-59.993916,14.602327,0.000000,5.156755,0.000000,0.000000,0.000000,0.000000,0.040016,8.002696,-8.002224
241.668345,-59.907265,14.422194,0.000000,5.164753,0.000000,0.000000,0.000000,0.000000,0.040014,8.002566,-8.002354
241.868236,-59.819176,14.242760,0.000000,5.172752,0.000000,0.000000,0.000000,0.000000,0.040012,8.002617,-8.002303
242.068127,-59.729655,14.064036,0.000000,5.180750,0.000000,0.000000,0.000000,0.000000,0.040012,8.002685,-8.002235
242.268018,-59.638707,13.886035,0.000000,5.188748,0.000000,0.000000,0.000000,0.000000,0.040012,8.002549,-8.002371
242.467909,-59.546338,13.708766,0.000000,5.196746,0.000000,0.000000,0.000000,0.000000,0.040013,8.002644,-8.002276
242.667800,-59.452554,13.532241,0.000000,5.204744,0.000000,0.000000,0.000000,0.000000,0.040013,8.002673,-8.002247
242.867692,-59.357362,13.356472,0.000000,5.212742,0.000000,0.000000,0.000000,0.000000,0.040012,8.002544,-8.002376
243.067583,-59.260767,13.181471,0.000000,5.220740,0.000000,0.000000,0.000000,0.000000,0.040012,8.002661,-8.002259
243.267474,-59.162775,13.007247,0.000000,5.228738,0.000000,0.000000,0.000000,0.000000,0.040012,8.002654,-8.002266
243.467365,-59.063393,12.833813,0.000000,5.236737,0.000000,0.000000,0.000000,0.000000,0.040012,8.002545,-8.002375
243.667256,-58.962627,12.661179,0.000000,5.244735,0.000000,0.000000,0.000000,0.000000,0.040013,8.002674,-8.002246
243.867147,-58.860483,12.489357,0.000000,5.252733,0.000000,0.000000,0.000000,0.000000,0.040012,8.002633,-8.002287
244.067038,-58.756969,12.318357,0.000000,5.260731,0.000000,0.000000,0.000000,0.000000,0.040014,8.002542,-8.002378
244.266929,-58.652090,12.148190,0.000000,5.268730,0.000000,0.000000,0.000000,0.000000,0.040016,8.002685,-8.002235
244.466820,-58.545853,11.978868,0.000000,5.276728,0.000000,0.000000,0.000000,0.000000,0.040013,8.002607,-8.002313
244.666711,-58.438265,11.810401,0.000000,5.284726,0.000000,0.000000,0.000000,0.000000,0.040012,8.002566,-8.002354
244.866603,-58.329334,11.642800,0.000000,5.292725,0.000000,0.000000,0.000000,0.000000,0.040013,8.002689,-8.002231
245.066494,-58.219065,11.476075,0.000000,5.300723,0.000000,0.000000,0.000000,0.000000,0.040012,8.002586,-8.002334
245.266385,-58.107467,11.310238,0.000000,5.308721,0.000000,0.000000,0.000000,0.000000,0.040012,8.002582,-8.002339
245.466276,-57.994545,11.145298,0.000000,5.316719,0.000000,0.000000,0.000000,0.000000,0.040013,8.002686,-8.002233
245.666167,-57.880309,10.981267,0.000000,5.324717,0.000000,0.000000,0.000000,0.000000,0.040015,8.002563,-8.002355
245.866058,-57.764763,10.818155,0.000000,5.332716,0.000000,0.000000,0.000000,0.000000,0.040015,8.002601,-8.002319
246.065949,-57.647917,10.655973,0.000000,5.340714,0.000000,0.000000,0.000000,0.000000,0.040013,8.002681,-8.002239
246.265840,-57.529778,10.494730,0.000000,5.348713,0.000000,0.000000,0.000000,0.000000,0.040012,8.002536,-8.002384
246.465731,-57.410352,10.334437,0.000000,5.356711,0.000000,0.000000,0.000000,0.000000,0.040013,8.002623,-8.002297
246.665623,-57.289648,10.175104,0.000000,5.364709,0.000000,0.000000,0.000000,0.000000,0.040016,8.002666,-8.002254
246.865514,-57.167674,10.016742,0.000000,5.372708,0.000000,0.000000,0.000000,0.000000,0.040014,8.002535,-8.002385
247.065405,-57.044437,9.859361,0.000000,5.380706,0.000000,0.000000,0.000000,0.000000,0.040013,8.002640,-8.002280
247.265296,-56.919945,9.702971,0.000000,5.388704,0.000000,0.000000,0.000000,0.000000,0.040013,8.002650,-8.002270
247.465187,-56.794207,9.547581,0.000000,5.396702,0.000000,0.000000,0.000000,0.000000,0.040012,8.002528,-8.002392
247.665078,-56.667229,9.393201,0.000000,5.404701,0.000000,0.000000,0.000000,0.000000,0.040013,8.002656,-8.002264
247.864969,-56.539021,9.239843,0.000000,5.412699,0.000000,0.000000,0.000000,0.000000,0.040013,8.002628,-8.002292
248.064860,-56.409590,9.087514,0.000000,5.420697,0.000000,0.000000,0.000000,0.000000,0.040014,8.002530,-8.002390
248.264751,-56.278946,8.936226,0.000000,5.428696,0.000000,0.000000,0.000000,0.000000,0.040016,8.002663,-8.002257
248.464642,-56.147095,8.785987,0.000000,5.436694,0.000000,0.000000,0.000000,0.000000,0.040014,8.002597,-8.002323
248.664534,-56.014047,8.636808,0.000000,5.444693,0.000000,0.000000,0.000000,0.000000,0.040012,8.002539,-8.002381
248.864425,-55.879810,8.488698,0.000000,5.452691,0.000000,0.000000,0.000000,0.000000,0.040013,8.002671,-8.002249
249.064316,-55.744392,8.341666,0.000000,5.460689,0.000000,0.000000,0.000000,0.000000,0.040013,8.002579,-8.002341
249.264207,-55.607803,8.195722,0.000000,5.468687,0.000000,0.000000,0.000000,0.000000,0.040011,8.002555,-8.002365
249.464098,-55.470051,8.050875,0.000000,5.476685,0.000000,0.000000,0.000000,0.000000,0.040010,8.002670,-8.002250
249.663989,-55.331145,7.907134,0.000000,5.484682,0.000000,0.000000,0.000000,0.000000,0.040011,8.002553,-8.002367
249.863880,-55.191094,7.764509,0.000000,5.492681,0.000000,0.000000,0.000000,0.000000,0.040013,8.002575,-8.002345
250.063771,-55.049907,7.623009,0.000000,5.500679,0.000000,0.000000,0.000000,0.000000,0.040013,8.002665,-8.002255
250.263662,-54.907592,7.482642,0.000000,5.508677,0.000000,0.000000,0.000000,0.000000,0.040013,8.002532,-8.002388
250.463554,-54.764160,7.343418,0.000000,5.516675,0.000000,0.000000,0.000000,0.000000,0.040013,8.002588,-8.002332
250.663445,-54.619618,7.205346,0.000000,5.524673,0.000000,0.000000,0.000000,0.000000,0.040013,8.002651,-8.002269
250.863336,-54.473977,7.068434,0.000000,5.532672,0.000000,0.000000,0.000000,0.000000,0.040013,8.002517,-8.002403
251.063227,-54.327245,6.932691,0.000000,5.540670,0.000000,0.000000,0.000000,0.000000,0.040013,8.002612,-8.002306
251.263118,-54.179432,6.798127,0.000000,5.548668,0.000000,0.000000,0.000000,0.000000,0.040013,8.002638,-8.002281
251.463009,-54.030548,6.664749,0.000000,5.556666,0.000000,0.000000,0.000000,0.000000,0.040014,8.002509,-8.002411
251.662900,-53.880602,6.532566,0.000000,5.564665,0.000000,0.000000,0.000000,0.000000,0.040016,8.002630,-8.002290
251.862791,-53.729603,6.401586,0.000000,5.572664,0.000000,0.000000,0.000000,0.000000,0.040013,8.002618,-8.002302
252.062682,-53.577561,6.271819,0.000000,5.580662,0.000000,0.000000,0.000000,0.000000,0.040014,8.002511,-8.002409
252.262573,-53.424487,6.143271,0.000000,5.588661,0.000000,0.000000,0.000000,0.000000,0.040016,8.002640,-8.002280
252.462465,-53.270389,6.015953,0.000000,5.596659,0.000000,0.000000,0.000000,0.000000,0.040016,8.002594,-8.002326
252.662356,-53.115277,5.889871,0.000000,5.604658,0.000000,0.000000,0.000000,0.000000,0.040016,8.002505,-8.002415
252.862247,-52.959162,5.765033,0.000000,5.612657,0.000000,0.000000,0.000000,0.000000,0.040016,8.002647,-8.002272
253.062138,-52.802054,5.641449,0.000000,5.620656,0.000000,0.000000,0.000000,0.000000,0.040013,8.002564,-8.002354
253.262029,-52.643962,5.519125,0.000000,5.628654,0.000000,0.000000,0.000000,0.000000,0.040014,8.002527,-8.002393
253.461920,-52.484897,5.398069,0.000000,5.636653,0.000000,0.000000,0.000000,0.000000,0.040016,8.002647,-8.002273
253.661811,-52.324868,5.278289,0.000000,5.644651,0.000000,0.000000,0.000000,0.000000,0.040014,8.002539,-8.002380
253.861702,-52.163887,5.159794,0.000000,5.652650,0.000000,0.000000,0.000000,0.000000,0.040014,8.002540,-8.002378
254.061593,-52.001963,5.042589,0.000000,5.660648,0.000000,0.000000,0.000000,0.000000,0.040016,8.002641,-8.002277
254.261484,-51.839106,4.926684,0.000000,5.668647,0.000000,0.000000,0.000000,0.000000,0.040012,8.002514,-8.002404
254.461376,-51.675328,4.812085,0.000000,5.676645,0.000000,0.000000,0.000000,0.000000,0.040010,8.002553,-8.002365
254.661267,-51.510639,4.698799,0.000000,5.684643,0.000000,0.000000,0.000000,0.000000,0.040013,8.002629,-8.002289
254.861158,-51.345049,4.586834,0.000000,5.692641,0.000000,0.000000,0.000000,0.000000,0.040013,8.002484,-8.002434
255.061049,-51.178568,4.476197,0.000000,5.700639,0.000000,0.000000,0.000000,0.000000,0.040013,8.002574,-8.002346
255.260940,-51.011208,4.366896,0.000000,5.708637,0.000000,0.000000,0.000000,0.000000,0.040010,8.002612,-8.002307
255.460831,-50.842980,4.258936,0.000000,5.716635,0.000000,0.000000,0.000000,0.000000,0.040009,8.002479,-8.002439
255.660722,-50.673893,4.152325,0.000000,5.724632,0.000000,0.000000,0.000000,0.000000,0.040010,8.002587,-8.002332
255.860613,-50.503959,4.047070,0.000000,5.732630,0.000000,0.000000,0.000000,0.000000,0.040010,8.002593,-8.002327
256.060504,-50.333188,3.943177,0.000000,5.740628,0.000000,0.000000,0.000000,0.000000,0.040011,8.002473,-8.002447
256.260396,-50.161592,3.840653,0.000000,5.748626,0.000000,0.000000,0.000000,0.000000,0.040013,8.002601,-8.002319
256.460287,-49.989182,3.739505,0.000000,5.756624,0.000000,0.000000,0.000000,0.000000,0.040010,8.002569,-8.002351
256.660178,-49.815968,3.639739,0.000000,5.764621,0.000000,0.000000,0.000000,0.000000,0.040011,8.002472,-8.002448
256.860069,-49.641962,3.541362,0.000000,5.772620,0.000000,0.000000,0.000000,0.000000,0.040013,8.002607,-8.002313
257.059960,-49.467175,3.444379,0.000000,5.780618,0.000000,0.000000,0.000000,0.000000,0.040013,8.002537,-8.002382
257.259851,-49.291617,3.348798,0.000000,5.788616,0.000000,0.000000,0.000000,0.000000,0.040013,8.002483,-8.002435
257.459742,-49.115301,3.254624,0.000000,5.796614,0.000000,0.000000,0.000000,0.000000,0.040013,8.002611,-8.002307
257.659633,-48.938237,3.161863,0.000000,5.804612,0.000000,0.000000,0.000000,0.000000,0.040009,8.002515,-8.002403
257.859524,-48.760437,3.070521,0.000000,5.812609,0.000000,0.000000,0.000000,0.000000,0.040006,8.002494,-8.002422
258.059415,-48.581912,2.980604,0.000000,5.820606,0.000000,0.000000,0.000000,0.000000,0.040004,8.002606,-8.002309
258.259307,-48.402674,2.892117,0.000000,5.828601,0.000000,0.000000,0.000000,0.000000,0.039995,8.002486,-8.002428
258.459198,-48.222734,2.805066,0.000000,5.836595,0.000000,0.000000,0.000000,0.000000,0.039985,8.002508,-8.002403
258.659089,-48.042104,2.719455,0.000000,5.844587,0.000000,0.000000,0.000000,0.000000,0.039972,8.002593,-8.002315
258.858980,-47.860796,2.635291,0.000000,5.852575,0.000000,0.000000,0.000000,0.000000,0.039956,8.002454,-8.002449
259.058871,-47.678822,2.552578,0.000000,5.860560,0.000000,0.000000,0.000000,0.000000,0.039938,8.002514,-8.002384
259.258762,-47.496193,2.471319,0.000000,5.868541,0.000000,0.000000,0.000000,0.000000,0.039913,8.002567,-8.002324
259.458653,-47.312921,2.391521,0.000000,5.876516,0.000000,0.000000,0.000000,0.000000,0.039879,8.002427,-8.002454
259.658544,-47.129019,2.313186,0.000000,5.884484,0.000000,0.000000,0.000000,0.000000,0.039843,8.002520,-8.002351
259.858435,-46.944500,2.236318,0.000000,5.892444,0.000000,0.000000,0.000000,0.000000,0.039802,8.002535,-8.002323
260.058327,-46.759374,2.160920,0.000000,5.900394,0.000000,0.000000,0.000000,0.000000,0.039748,8.002399,-8.002445
260.258218,-46.573656,2.086996,0.000000,5.908333,0.000000,0.000000,0.000000,0.000000,0.039687,8.002513,-8.002313
260.458109,-46.387356,2.014547,0.000000,5.916260,0.000000,0.000000,0.000000,0.000000,0.039617,8.002486,-8.002319
260.658000,-46.200489,1.943575,0.000000,5.924171,0.000000,0.000000,0.000000,0.000000,0.039537,8.002371,-8.002410
260.857891,-46.013067,1.874083,0.000000,5.932065,0.000000,0.000000,0.000000,0.000000,0.039446,8.002487,-8.002267
261.057782,-45.825103,1.806070,0.000000,5.939939,0.000000,0.000000,0.000000,0.000000,0.039341,8.002423,-8.002302
261.257673,-45.636610,1.739538,0.000000,5.947792,0.000000,0.000000,0.000000,0.000000,0.039229,8.002329,-8.002363
261.457564,-45.447601,1.674485,0.000000,5.955620,0.000000,0.000000,0.000000,0.000000,0.039100,8.002449,-8.002207
261.657455,-45.258089,1.610912,0.000000,5.963421,0.000000,0.000000,0.000000,0.000000,0.038953,8.002348,-8.002268
261.857346,-45.068088,1.548816,0.000000,5.971192,0.000000,0.000000,0.000000,0.000000,0.038801,8.002297,-8.002274
262.057238,-44.877611,1.488196,0.000000,5.978931,0.000000,0.000000,0.000000,0.000000,0.038626,8.002391,-8.002132
262.257129,-44.686672,1.429047,0.000000,5.986632,0.000000,0.000000,0.000000,0.000000,0.038431,8.002260,-8.002209
262.457020,-44.495284,1.371368,0.000000,5.994295,0.000000,0.000000,0.000000,0.000000,0.038235,8.002246,-8.002168
262.656911,-44.303461,1.315152,0.000000,6.001915,0.000000,0.000000,0.000000,0.000000,0.038011,8.002312,-8.002041
262.856802,-44.111217,1.260396,0.000000,6.009489,0.000000,0.000000,0.000000,0.000000,0.037767,8.002162,-8.002125
263.056693,-43.918564,1.207092,0.000000,6.017013,0.000000,0.000000,0.000000,0.000000,0.037519,8.002175,-8.002044
263.256584,-43.725517,1.155235,0.000000,6.024485,0.000000,0.000000,0.000000,0.000000,0.037235,8.002210,-8.001936
263.456475,-43.532090,1.104815,0.000000,6.031898,0.000000,0.000000,0.000000,0.000000,0.036938,8.002045,-8.002024
263.656366,-43.338296,1.055825,0.000000,6.039251,0.000000,0.000000,0.000000,0.000000,0.036637,8.002096,-8.001891
263.856258,-43.144148,1.008256,0.000000,6.046540,0.000000,0.000000,0.000000,0.000000,0.036295,8.002090,-8.001813
264.056149,-42.949660,0.962096,0.000000,6.053761,0.000000,0.000000,0.000000,0.000000,0.035948,8.001936,-8.001881
264.256040,-42.754845,0.917334,0.000000,6.060911,0.000000,0.000000,0.000000,0.000000,0.035590,8.001996,-8.001729
264.455931,-42.559717,0.873960,0.000000,6.067985,0.000000,0.000000,0.000000,0.000000,0.035189,8.001953,-8.001677
264.655822,-42.364289,0.831959,0.000000,6.074979,0.000000,0.000000,0.000000,0.000000,0.034789,8.001812,-8.001721
264.855713,-42.168573,0.791318,0.000000,6.081891,0.000000,0.000000,0.000000,0.000000,0.034371,8.001882,-8.001552
265.055604,-41.972583,0.752023,0.000000,6.088716,0.000000,0.000000,0.000000,0.000000,0.033915,8.001805,-8.001526
265.255495,-41.776331,0.714057,0.000000,6.095450,0.000000,0.000000,0.000000,0.000000,0.033466,8.001684,-8.001543
265.455386,-41.579829,0.677404,0.000000,6.102092,0.000000,0.000000,0.000000,0.000000,0.032987,8.001754,-8.001367
265.655277,-41.383090,0.642048,0.000000,6.108635,0.000000,0.000000,0.000000,0.000000,0.032477,8.001645,-8.001367
265.855169,-41.186126,0.607970,0.000000,6.115077,0.000000,0.000000,0.000000,0.000000,0.031983,8.001563,-8.001340
266.055060,-40.988948,0.575151,0.000000,6.121417,0.000000,0.000000,0.000000,0.000000,0.031449,8.001616,-8.001177
266.254951,-40.791567,0.543572,0.000000,6.127647,0.000000,0.000000,0.000000,0.000000,0.030890,8.001491,-8.001191
266.454842,-40.593995,0.513213,0.000000,6.133768,0.000000,0.000000,0.000000,0.000000,0.030352,8.001436,-8.001135
266.654733,-40.396243,0.484053,0.000000,6.139777,0.000000,0.000000,0.000000,0.000000,0.029764,8.001472,-8.000989
266.854624,-40.198320,0.456070,0.000000,6.145666,0.000000,0.000000,0.000000,0.000000,0.029166,8.001337,-8.001015
267.054515,-40.000238,0.429241,0.000000,6.151439,0.000000,0.000000,0.000000,0.000000,0.028589,8.001315,-8.000926
267.254406,-39.802006,0.403544,0.000000,6.157090,0.000000,0.000000,0.000000,0.000000,0.027960,8.001326,-8.000807
267.454297,-39.603633,0.378956,0.000000,6.162616,0.000000,0.000000,0.000000,0.000000,0.027327,8.001186,-8.000841
267.654188,-39.405129,0.355452,0.000000,6.168017,0.000000,0.000000,0.000000,0.000000,0.026711,8.001194,-8.000727
267.854080,-39.206502,0.333007,0.000000,6.173289,0.000000,0.000000,0.000000,0.000000,0.026039,8.001181,-8.000636
268.053971,-39.007761,0.311597,0.000000,6.178429,0.000000,0.000000,0.000000,0.000000,0.025389,8.001055,-8.000662
268.253862,-38.808914,0.291196,0.000000,6.183440,0.000000,0.000000,0.000000,0.000000,0.024745,8.001081,-8.000536
268.453753,-38.609969,0.271778,0.000000,6.188316,0.000000,0.000000,0.000000,0.000000,0.024045,8.001047,-8.000474
268.653644,-38.410932,0.253317,0.000000,6.193056,0.000000,0.000000,0.000000,0.000000,0.023378,8.000933,-8.000494
268.853535,-38.211811,0.235786,0.000000,6.197662,0.000000,0.000000,0.000000,0.000000,0.022709,8.000971,-8.000364
269.053426,-38.012613,0.219158,0.000000,6.202130,0.000000,0.000000,0.000000,0.000000,0.021994,8.000916,-8.000330
269.253317,-37.813344,0.203407,0.000000,6.206459,0.000000,0.000000,0.000000,0.000000,0.021320,8.000829,-8.000333
269.453208,-37.614009,0.188506,0.000000,6.210652,0.000000,0.000000,0.000000,0.000000,0.020632,8.000865,-8.000216
269.653100,-37.414614,0.174426,0.000000,6.214704,0.000000,0.000000,0.000000,0.000000,0.019912,8.000799,-8.000205
269.852991,-37.215166,0.161140,0.000000,6.218617,0.000000,0.000000,0.000000,0.000000,0.019243,8.000735,-8.000193
270.052882,-37.015667,0.148622,0.000000,6.222394,0.000000,0.000000,0.000000,0.000000,0.018545,8.000771,-8.000089
270.252773,-36.816123,0.136843,0.000000,6.226030,0.000000,0.000000,0.000000,0.000000,0.017831,8.000699,-8.000094
270.452664,-36.616539,0.125775,0.000000,6.229528,0.000000,0.000000,0.000000,0.000000,0.017171,8.000663,-8.000067
270.652555,-36.416918,0.115393,0.000000,6.232891,0.000000,0.000000,0.000000,0.000000,0.016479,8.000684,-7.999987
270.852446,-36.217263,0.105668,0.000000,6.236116,0.000000,0.000000,0.000000,0.000000,0.015786,8.000611,-8.000004
271.052337,-36.017579,0.096573,0.000000,6.239207,0.000000,0.000000,0.000000,0.000000,0.015140,8.000600,-7.999965
271.252228,-35.817869,0.088083,0.000000,6.242165,0.000000,0.000000,0.000000,0.000000,0.014457,8.000609,-7.999908
271.452119,-35.618134,0.080170,0.000000,6.244989,0.000000,0.000000,0.000000,0.000000,0.013795,8.000540,-7.999931
271.652011,-35.418379,0.072808,0.000000,6.247684,0.000000,0.000000,0.000000,0.000000,0.013173,8.000543,-7.999887
271.851902,-35.218605,0.065971,0.000000,6.250251,0.000000,0.000000,0.000000,0.000000,0.012513,8.000543,-7.999850
272.051793,-35.018814,0.059635,0.000000,6.252690,0.000000,0.000000,0.000000,0.000000,0.011888,8.000484,-7.999875
272.251684,-34.819009,0.053774,0.000000,6.255007,0.000000,0.000000,0.000000,0.000000,0.011292,8.000500,-7.999829
272.451575,-34.619191,0.048363,0.000000,6.257201,0.000000,0.000000,0.000000,0.000000,0.010666,8.000490,-7.999811
272.651466,-34.419362,0.043379,0.000000,6.259275,0.000000,0.000000,0.000000,0.000000,0.010089,8.000444,-7.999831
272.851357,-34.219524,0.038798,0.000000,6.261236,0.000000,0.000000,0.000000,0.000000,0.009529,8.000463,-7.999790
273.051248,-34.019677,0.034597,0.000000,6.263083,0.000000,0.000000,0.000000,0.000000,0.008946,8.000446,-7.999786
273.251139,-33.819823,0.030754,0.000000,6.264818,0.000000,0.000000,0.000000,0.000000,0.008417,8.000413,-7.999801
273.451031,-33.619962,0.027247,0.000000,6.266448,0.000000,0.000000,0.000000,0.000000,0.007895,8.000432,-7.999769
273.650922,-33.420097,0.024056,0.000000,6.267974,0.000000,0.000000,0.000000,0.000000,0.007367,8.000412,-7.999777
273.850813,-33.220227,0.021160,0.000000,6.269398,0.000000,0.000000,0.000000,0.000000,0.006890,8.000390,-7.999787
274.050704,-33.020353,0.018538,0.000000,6.270728,0.000000,0.000000,0.000000,0.000000,0.006410,8.000405,-7.999763
274.250595,-32.820476,0.016173,0.000000,6.271962,0.000000,0.000000,0.000000,0.000000,0.005938,8.000382,-7.999778
274.450486,-32.620596,0.014046,0.000000,6.273107,0.000000,0.000000,0.000000,0.000000,0.005516,8.000373,-7.999782
274.650377,-32.420714,0.012138,0.000000,6.274166,0.000000,0.000000,0.000000,0.000000,0.005089,8.000382,-7.999769
274.850268,-32.220830,0.010434,0.000000,6.275143,0.000000,0.000000,0.000000,0.000000,0.004678,8.000361,-7.999786
275.050159,-32.020945,0.008918,0.000000,6.276041,0.000000,0.000000,0.000000,0.000000,0.004309,8.000356,-7.999789
275.250050,-31.821058,0.007573,0.000000,6.276865,0.000000,0.000000,0.000000,0.000000,0.003933,8.000359,-7.999784
275.449942,-31.621171,0.006386,0.000000,6.277616,0.000000,0.000000,0.000000,0.000000,0.003585,8.000341,-7.999801
275.649833,-31.421282,0.005342,0.000000,6.278301,0.000000,0.000000,0.000000,0.000000,0.003271,8.000341,-7.999802
275.849724,-31.221393,0.004429,0.000000,6.278923,0.000000,0.000000,0.000000,0.000000,0.002952,8.000340,-7.999805
276.049615,-31.021504,0.003634,0.000000,6.279484,0.000000,0.000000,0.000000,0.000000,0.002661,8.000323,-7.999821
276.249506,-30.821614,0.002946,0.000000,6.279990,0.000000,0.000000,0.000000,0.000000,0.002398,8.000324,-7.999820
276.449397,-30.621724,0.002353,0.000000,6.280443,0.000000,0.000000,0.000000,0.000000,0.002135,8.000319,-7.999827
276.649288,-30.421833,0.001846,0.000000,6.280847,0.000000,0.000000,0.000000,0.000000,0.001905,8.000306,-7.999842
276.849179,-30.221942,0.001415,0.000000,6.281206,0.000000,0.000000,0.000000,0.000000,0.001692,8.000306,-7.999843
277.049070,-30.022052,0.001052,0.000000,6.281524,0.000000,0.000000,0.000000,0.000000,0.001483,8.000298,-7.999852
277.248961,-29.822161,0.000749,0.000000,6.281802,0.000000,0.000000,0.000000,0.000000,0.001302,8.000287,-7.999865
277.448853,-29.622270,0.000497,0.000000,6.282045,0.000000,0.000000,0.000000,0.000000,0.001134,8.000285,-7.999869
277.648744,-29.422379,0.000291,0.000000,6.282256,0.000000,0.000000,0.000000,0.000000,0.000978,8.000275,-7.999879
277.848635,-29.222488,0.000124,0.000000,6.282439,0.000000,0.000000,0.000000,0.000000,0.000844,8.000267,-7.999889
278.048526,-29.022597,-0.000010,0.000000,6.282595,0.000000,0.000000,0.000000,0.000000,0.000718,8.000261,-7.999894
278.248417,-28.822706,-0.000114,0.000000,6.282727,0.000000,0.000000,0.000000,0.000000,0.000602,8.000251,-7.999904
278.448308,-28.622815,-0.000194,0.000000,6.282838,0.000000,0.000000,0.000000,0.000000,0.000508,8.000243,-7.999913
278.648199,-28.422924,-0.000254,0.000000,6.282930,0.000000,0.000000,0.000000,0.000000,0.000419,8.000237,-7.999919
278.848090,-28.223032,-0.000297,0.000000,6.283006,0.000000,0.000000,0.000000,0.000000,0.000342,8.000227,-7.999928
279.047981,-28.023141,-0.000327,0.000000,6.283068,0.000000,0.000000,0.000000,0.000000,0.000277,8.000218,-7.999936
279.247873,-27.823250,-0.000345,0.000000,6.283117,0.000000,0.000000,0.000000,0.000000,0.000217,8.000209,-7.999944
279.447764,-27.623359,-0.000355,0.000000,6.283156,0.000000,0.000000,0.000000,0.000000,0.000170,8.000200,-7.999952
279.647655,-27.423468,-0.000357,0.000000,6.283186,0.000000,0.000000,0.000000,0.000000,0.000131,8.000192,-7.999959
279.847546,-27.223577,-0.000355,0.000000,6.283209,0.000000,0.000000,0.000000,0.000000,0.000095,8.000183,-7.999966
280.047437,-27.023686,-0.000348,0.000000,6.283225,0.000000,0.000000,0.000000,0.000000,0.000068,8.000174,-7.999974
280.247328,-26.823795,-0.000339,0.000000,6.283237,0.000000,0.000000,0.000000,0.000000,0.000047,8.000166,-7.999981
280.447219,-26.623904,-0.000328,0.000000,6.283245,0.000000,0.000000,0.000000,0.000000,0.000030,8.000157,-7.999987
280.647110,-26.424012,-0.000316,0.000000,6.283249,0.000000,0.000000,0.000000,0.000000,0.000015,8.000149,-7.999993
280.847001,-26.224121,-0.000303,0.000000,6.283251,0.000000,0.000000,0.000000,0.000000,0.000003,8.000141,-7.999999
281.046892,-26.024230,-0.000290,0.000000,6.283251,0.000000,0.000000,0.000000,0.000000,-0.000003,8.000134,-8.000005
281.246784,-25.824339,-0.000277,0.000000,6.283250,0.000000,0.000000,0.000000,0.000000,-0.000007,8.000127,-8.000009
281.446675,-25.624448,-0.000264,0.000000,6.283248,0.000000,0.000000,0.000000,0.000000,-0.000011,8.000120,-8.000014
281.646566,-25.424557,-0.000252,0.000000,6.283246,0.000000,0.000000,0.000000,0.000000,-0.000013,8.000113,-8.000017
281.846457,-25.224666,-0.000240,0.000000,6.283243,0.000000,0.000000,0.000000,0.000000,-0.000014,8.000107,-8.000021
282.046348,-25.024775,-0.000229,0.000000,6.283240,0.000000,0.000000,0.000000,0.000000,-0.000013,8.000101,-8.000024
282.246239,-24.824884,-0.000218,0.000000,6.283238,0.000000,0.000000,0.000000,0.000000,-0.000011,8.000096,-8.000027
282.446130,-24.624993,-0.000207,0.000000,6.283236,0.000000,0.000000,0.000000,0.000000,-0.000011,8.000092,-8.000030
282.646021,-24.425101,-0.000198,0.000000,6.283233,0.000000,0.000000,0.000000,0.000000,-0.000013,8.000087,-8.000033
282.845912,-24.225210,-0.000188,0.000000,6.283231,0.000000,0.000000,0.000000,0.000000,-0.000008,8.000082,-8.000035
283.045803,-24.025319,-0.000179,0.000000,6.283230,0.000000,0.000000,0.000000,0.000000,-0.000006,8.000077,-8.000037
283.245695,-23.825428,-0.000170,0.000000,6.283228,0.000000,0.000000,0.000000,0.000000,-0.000007,8.000074,-8.000039
283.445586,-23.625537,-0.000162,0.000000,6.283227,0.000000,0.000000,0.000000,0.000000,-0.000007,8.000070,-8.000041
283.645477,-23.425646,-0.000154,0.000000,6.283226,0.000000,0.000000,0.000000,0.000000,-0.000007,8.000066,-8.000043
283.845368,-23.225755,-0.000146,0.000000,6.283224,0.000000,0.000000,0.000000,0.000000,-0.000006,8.000061,-8.000045
284.045259,-23.025864,-0.000138,0.000000,6.283223,0.000000,0.000000,0.000000,0.000000,-0.000004,8.000057,-8.000047
284.245150,-22.825973,-0.000131,0.000000,6.283223,0.000000,0.000000,0.000000,0.000000,-0.000004,8.000052,-8.000048
284.445041,-22.626082,-0.000123,0.000000,6.283222,0.000000,0.000000,0.000000,0.000000,-0.000006,8.000049,-8.000050
284.644932,-22.426190,-0.000116,0.000000,6.283220,0.000000,0.000000,0.000000,0.000000,-0.000007,8.000045,-8.000052
284.844823,-22.226299,-0.000109,0.000000,6.283219,0.000000,0.000000,0.000000,0.000000,-0.000006,8.000041,-8.000054
285.044715,-22.026408,-0.000103,0.000000,6.283218,0.000000,0.000000,0.000000,0.000000,-0.000006,8.000037,-8.000056
285.244606,-21.826517,-0.000096,0.000000,6.283216,0.000000,0.000000,0.000000,0.000000,-0.000006,8.000033,-8.000059
285.444497,-21.626626,-0.000090,0.000000,6.283215,0.000000,0.000000,0.000000,0.000000,-0.000007,8.000030,-8.000059
285.644388,-21.426735,-0.000084,0.000000,6.283213,0.000000,0.000000,0.000000,0.000000,-0.000009,8.000027,-8.000060
285.844279,-21.226844,-0.000079,0.000000,6.283212,0.000000,0.000000,0.000000,0.000000,-0.000008,8.000025,-8.000061
286.044170,-21.026953,-0.000074,0.000000,6.283210,0.000000,0.000000,0.000000,0.000000,-0.000006,8.000022,-8.000062
286.244061,-20.827062,-0.000069,0.000000,6.283209,0.000000,0.000000,0.000000,0.000000,-0.000006,8.000019,-8.000063
286.443952,-20.627170,-0.000064,0.000000,6.283208,0.000000,0.000000,0.000000,0.000000,-0.000006,8.000016,-8.000064
286.643843,-20.427279,-0.000060,0.000000,6.283206,0.000000,0.000000,0.000000,0.000000,-0.000006,8.000014,-8.000064
286.843734,-20.227388,-0.000056,0.000000,6.283205,0.000000,0.000000,0.000000,0.000000,-0.000006,8.000012,-8.000064
287.043626,-20.027497,-0.000052,0.000000,6.283204,0.000000,0.000000,0.000000,0.000000,-0.000006,8.000011,-8.000064
287.243517,-19.827606,-0.000048,0.000000,6.283203,0.000000,0.000000,0.000000,0.000000,-0.000006,8.000009,-8.000064
287.443408,-19.627715,-0.000045,0.000000,6.283201,0.000000,0.000000,0.000000,0.000000,-0.000006,8.000008,-8.000064
287.643299,-19.427824,-0.000042,0.000000,6.283200,0.000000,0.000000,0.000000,0.000000,-0.000005,8.000007,-8.000064
287.843190,-19.227933,-0.000039,0.000000,6.283199,0.000000,0.000000,0.000000,0.000000,-0.000003,8.000005,-8.000063
288.043081,-19.028042,-0.000036,0.000000,6.283199,0.000000,0.000000,0.000000,0.000000,-0.000003,8.000003,-8.000063
288.242972,-18.828151,-0.000034,0.000000,6.283198,0.000000,0.000000,0.000000,0.000000,-0.000003,8.000002,-8.000062
288.442863,-18.628259,-0.000031,0.000000,6.283198,0.000000,0.000000,0.000000,0.000000,-0.000003,8.000001,-8.000062
288.642754,-18.428368,-0.000029,0.000000,6.283197,0.000000,0.000000,0.000000,0.000000,-0.000003,8.000000,-8.000062
288.842646,-18.228477,-0.000026,0.000000,6.283196,0.000000,0.000000,0.000000,0.000000,-0.000003,7.999998,-8.000062
289.042537,-18.028586,-0.000024,0.000000,6.283196,0.000000,0.000000,0.000000,0.000000,-0.000003,7.999997,-8.000062
289.242428,-17.828695,-0.000022,0.000000,6.283195,0.000000,0.000000,0.000000,0.000000,-0.000001,7.999996,-8.000062
289.442319,-17.628804,-0.000020,0.000000,6.283195,0.000000,0.000000,0.000000,0.000000,-0.000000,7.999996,-8.000060
289.642210,-17.428913,-0.000018,0.000000,6.283195,0.000000,0.000000,0.000000,0.000000,-0.000003,7.999996,-8.000060
289.842101,-17.229022,-0.000016,0.000000,6.283195,0.000000,0.000000,0.000000,0.000000,-0.000001,7.999994,-8.000060
290.041992,-17.029131,-0.000015,0.000000,6.283194,0.000000,0.000000,0.000000,0.000000,-0.000000,7.999994,-8.000059
290.241883,-16.829240,-0.000013,0.000000,6.283194,0.000000,0.000000,0.000000,0.000000,-0.000002,7.999993,-8.000058
290.441774,-16.629348,-0.000011,0.000000,6.283194,0.000000,0.000000,0.000000,0.000000,-0.000002,7.999991,-8.000057
290.641665,-16.429457,-0.000009,0.000000,6.283194,0.000000,0.000000,0.000000,0.000000,-0.000000,7.999991,-8.000057
290.841557,-16.229566,-0.000008,0.000000,6.283193,0.000000,0.000000,0.000000,0.000000,-0.000002,7.999991,-8.000057
291.041448,-16.029675,-0.000006,0.000000,6.283193,0.000000,0.000000,0.000000,0.000000,-0.000003,7.999990,-8.000056
291.241339,-15.829784,-0.000005,0.000000,6.283192,0.000000,0.000000,0.000000,0.000000,-0.000003,7.999989,-8.000056
291.441230,-15.629893,-0.000003,0.000000,6.283192,0.000000,0.000000,0.000000,0.000000,-0.000000,7.999988,-8.000055
291.641121,-15.430002,-0.000002,0.000000,6.283192,0.000000,0.000000,0.000000,0.000000,-0.000001,7.999987,-8.000055
291.841012,-15.230111,-0.000001,0.000000,6.283191,0.000000,0.000000,0.000000,0.000000,-0.000003,7.999986,-8.000055
292.040903,-15.030220,0.000000,0.000000,6.283191,0.000000,0.000000,0.000000,0.000000,-0.000003,7.999986,-8.000054
292.240794,-14.830328,0.000001,0.000000,6.283190,0.000000,0.000000,0.000000,0.000000,-0.000002,7.999985,-8.000053
292.440685,-14.630437,0.000002,0.000000,6.283190,0.000000,0.000000,0.000000,0.000000,0.000000,7.999985,-8.000053
292.640577,-14.430546,0.000003,0.000000,6.283190,0.000000,0.000000,0.000000,0.000000,-0.000002,7.999985,-8.000053
292.840468,-14.230655,0.000004,0.000000,6.283189,0.000000,0.000000,0.000000,0.000000,-0.000003,7.999984,-8.000052
293.040359,-14.030764,0.000005,0.000000,6.283189,0.000000,0.000000,0.000000,0.000000,-0.000003,7.999984,-8.000051
293.240250,-13.830873,0.000006,0.000000,6.283188,0.000000,0.000000,0.000000,0.000000,-0.000001,7.999984,-8.000050
293.440141,-13.630982,0.000006,0.000000,6.283188,0.000000,0.000000,0.000000,0.000000,-0.000000,7.999984,-8.000049
293.640032,-13.431091,0.000007,0.000000,6.283188,0.000000,0.000000,0.000000,0.000000,-0.000003,7.999983,-8.000048
293.839923,-13.231200,0.000007,0.000000,6.283188,0.000000,0.000000,0.000000,0.000000,-0.000001,7.999984,-8.000048
294.039814,-13.031309,0.000008,0.000000,6.283187,0.000000,0.000000,0.000000,0.000000,-0.000000,7.999985,-8.000047
294.239705,-12.831417,0.000008,0.000000,6.283187,0.000000,0.000000,0.000000,0.000000,-0.000003,7.999985,-8.000047
294.439596,-12.631526,0.000009,0.000000,6.283187,0.000000,0.000000,0.000000,0.000000,-0.000002,7.999983,-8.000047
294.639488,-12.431635,0.000009,0.000000,6.283187,0.000000,0.000000,0.000000,0.000000,0.000000,7.999984,-8.000045
294.839379,-12.231744,0.000009,0.000000,6.283187,0.000000,0.000000,0.000000,0.000000,0.000000,7.999984,-8.000043
295.039270,-12.031853,0.000009,0.000000,6.283187,0.000000,0.000000,0.000000,0.000000,0.000000,7.999984,-8.000042
295.239161,-11.831962,0.000010,0.000000,6.283187,0.000000,0.000000,0.000000,0.000000,-0.000000,7.999984,-8.000042
295.439052,-11.632071,0.000010,0.000000,6.283187,0.000000,0.000000,0.000000,0.000000,-0.000002,7.999984,-8.000042
295.638943,-11.432180,0.000010,0.000000,6.283186,0.000000,0.000000,0.000000,0.000000,-0.000002,7.999984,-8.000040
295.838834,-11.232289,0.000010,0.000000,6.283186,0.000000,0.000000,0.000000,0.000000,0.000000,7.999984,-8.000040
296.038725,-11.032397,0.000010,0.000000,6.283186,0.000000,0.000000,0.000000,0.000000,0.000000,7.999985,-8.000039
296.238616,-10.832506,0.000011,0.000000,6.283186,0.000000,0.000000,0.000000,0.000000,0.000000,7.999984,-8.000040
296.438507,-10.632615,0.000011,0.000000,6.283186,0.000000,0.000000,0.000000,0.000000,0.000000,7.999985,-8.000038
296.638399,-10.432724,0.000011,0.000000,6.283186,0.000000,0.000000,0.000000,0.000000,0.000000,7.999985,-8.000037
296.838290,-10.232833,0.000011,0.000000,6.283186,0.000000,0.000000,0.000000,0.000000,-0.000001,7.999984,-8.000036
297.038181,-10.032942,0.000011,0.000000,6.283186,0.000000,0.000000,0.000000,0.000000,-0.000003,7.999984,-8.000036
297.238072,-9.833051,0.000011,0.000000,6.283185,0.000000,0.000000,0.000000,0.000000,-0.000001,7.999985,-8.000035
297.437963,-9.633160,0.000011,0.000000,6.283185,0.000000,0.000000,0.000000,0.000000,0.000000,7.999985,-8.000035
297.637854,-9.433269,0.000011,0.000000,6.283185,0.000000,0.000000,0.000000,0.000000,0.000000,7.999985,-8.000034
297.837745,-9.233378,0.000011,0.000000,6.283185,0.000000,0.000000,0.000000,0.000000,0.000000,7.999985,-8.000033
298.037636,-9.033486,0.000011,0.000000,6.283185,0.000000,0.000000,0.000000,0.000000,0.000000,7.999986,-8.000033
298.237527,-8.833595,0.000011,0.000000,6.283185,0.000000,0.000000,0.000000,0.000000,0.000000,7.999986,-8.000032
298.437419,-8.633704,0.000011,0.000000,6.283185,0.000000,0.000000,0.000000,0.000000,-0.000002,7.999987,-8.000031
298.637310,-8.433813,0.000011,0.000000,6.283185,0.000000,0.000000,0.000000,0.000000,-0.000003,7.999986,-8.000030
298.837201,-8.233922,0.000011,0.000000,6.283185,0.000000,0.000000,0.000000,0.000000,-0.000000,7.999986,-8.000030
299.037092,-8.034031,0.000011,0.000000,6.283185,0.000000,0.000000,0.000000,0.000000,0.000000,7.999986,-8.000030
299.236983,-7.834140,0.000011,0.000000,6.283185,0.000000,0.000000,0.000000,0.000000,0.000000,7.999986,-8.000028
299.436874,-7.634249,0.000011,0.000000,6.283185,0.000000,0.000000,0.000000,0.000000,0.000000,7.999987,-8.000027
299.636765,-7.434358,0.000010,0.000000,6.283185,0.000000,0.000000,0.000000,0.000000,0.000000,7.999987,-8.000027
299.836656,-7.234467,0.000010,0.000000,6.283185,0.000000,0.000000,0.000000,0.000000,0.000000,7.999988,-8.000026
300.036547,-7.034575,0.000010,0.000000,6.283185,0.000000,0.000000,0.000000,0.000000,0.000000,7.999988,-8.000026
300.236438,-6.834684,0.000010,0.000000,6.283185,0.000000,0.000000,0.000000,0.000000,-0.000001,7.999989,-8.000025
300.436330,-6.634793,0.000010,0.000000,6.283184,0.000000,0.000000,0.000000,0.000000,-0.000003,7.999989,-8.000024
300.636221,-6.434902,0.000010,0.000000,6.283184,0.000000,0.000000,0.000000,0.000000,-0.000001,7.999988,-8.000024
300.836112,-6.235011,0.000009,0.000000,6.283184,0.000000,0.000000,0.000000,0.000000,0.000000,7.999989,-8.000023
301.036003,-6.035120,0.000009,0.000000,6.283184,0.000000,0.000000,0.000000,0.000000,0.000000,7.999989,-8.000023
301.235894,-5.835229,0.000009,0.000000,6.283184,0.000000,0.000000,0.000000,0.000000,0.000000,7.999990,-8.000022
301.435785,-5.635338,0.000009,0.000000,6.283184,0.000000,0.000000,0.000000,0.000000,0.000000,7.999990,-8.000021
301.635676,-5.435447,0.000008,0.000000,6.283184,0.000000,0.000000,0.000000,0.000000,0.000000,7.999990,-8.000021
301.835567,-5.235555,0.000008,0.000000,6.283184,0.000000,0.000000,0.000000,0.000000,0.000000,7.999991,-8.000021
302.035458,-5.035664,0.000008,0.000000,6.283184,0.000000,0.000000,0.000000,0.000000,0.000000,7.999991,-8.000019
302.235349,-4.835773,0.000007,0.000000,6.283184,0.000000,0.000000,0.000000,0.000000,0.000000,7.999992,-8.000018
302.435241,-4.635882,0.000007,0.000000,6.283184,0.000000,0.000000,0.000000,0.000000,0.000000,7.999992,-8.000018
302.635132,-4.435991,0.000007,0.000000,6.283184,0.000000,0.000000,0.000000,0.000000,0.000000,7.999993,-8.000017
302.835023,-4.236100,0.000007,0.000000,6.283184,0.000000,0.000000,0.000000,0.000000,0.000000,7.999993,-8.000017
303.034914,-4.036209,0.000006,0.000000,6.283184,0.000000,0.000000,0.000000,0.000000,0.000000,7.999994,-8.000016
303.234805,-3.836318,0.000006,0.000000,6.283184,0.000000,0.000000,0.000000,0.000000,0.000000,7.999993,-8.000016
303.434696,-3.636427,0.000006,0.000000,6.283184,0.000000,0.000000,0.000000,0.000000,0.000000,7.999993,-8.000015
303.634587,-3.436536,0.000006,0.000000,6.283184,0.000000,0.000000,0.000000,0.000000,0.000000,7.999993,-8.000015
303.834478,-3.236644,0.000005,0.000000,6.283184,0.000000,0.000000,0.000000,0.000000,0.000000,7.999994,-8.000014
304.034369,-3.036753,0.000005,0.000000,6.283184,0.000000,0.000000,0.000000,0.000000,0.000000,7.999995,-8.000013
304.234261,-2.836862,0.000005,0.000000,6.283184,0.000000,0.000000,0.000000,0.000000,0.000000,7.999995,-8.000013
304.434152,-2.636971,0.000005,0.000000,6.283184,0.000000,0.000000,0.000000,0.000000,0.000000,7.999995,-8.000013
304.634043,-2.437080,0.000005,0.000000,6.283184,0.000000,0.000000,0.000000,0.000000,0.000000,7.999995,-8.000013
304.833934,-2.237189,0.000004,0.000000,6.283184,0.000000,0.000000,0.000000,0.000000,0.000000,7.999996,-8.000012
305.033825,-2.037298,0.000004,0.000000,6.283184,0.000000,0.000000,0.000000,0.000000,0.000000,7.999995,-8.000012
305.233716,-1.837407,0.000004,0.000000,6.283184,0.000000,0.000000,0.000000,0.000000,0.000000,7.999995,-8.000011
305.433607,-1.637516,0.000004,0.000000,6.283184,0.000000,0.000000,0.000000,0.000000,0.000000,7.999995,-8.000011
305.633498,-1.437624,0.000003,0.000000,6.283184,0.000000,0.000000,0.000000,0.000000,0.000000,7.999996,-8.000010
305.833389,-1.237733,0.000003,0.000000,6.283184,0.000000,0.000000,0.000000,0.000000,0.000000,7.999996,-8.000010
306.033280,-1.037842,0.000003,0.000000,6.283184,0.000000,0.000000,0.000000,0.000000,0.000000,7.999996,-8.000010
306.233172,-0.837951,0.000003,0.000000,6.283184,0.000000,0.000000,0.000000,0.000000,0.000000,7.999997,-8.000009
306.433063,-0.638060,0.000003,0.000000,6.283184,0.000000,0.000000,0.000000,0.000000,0.000000,7.999998,-8.000008
306.632954,-0.438169,0.000002,0.000000,6.283184,0.000000,0.000000,0.000000,0.000000,-0.000000,7.999998,-8.000007
306.832845,-0.238278,0.000002,0.000000,6.283184,0.000000,0.000000,0.000000,0.000000,0.000000,7.999998,-8.000006
307.032736,-0.038387,0.000002,0.000000,6.283184,0.000000,0.000000,0.000000,0.000000,0.000001,7.999999,-8.000005
