s_m,ref_line_x_m,ref_line_y_m,ref_line_z_m,theta_rad,mu_rad,phi_rad,omega_x_radpm,omega_y_radpm,omega_z_radpm,track_width_left_m,track_width_right_m
0.000000,-0.076749,0.000001,-0.000001,-0.000001,-0.000001,-0.523599,-0.000000,0.000001,-0.000002,7.999999,-8.000003
0.199892,0.123143,0.000000,-0.000001,-0.000001,-0.000001,-0.523599,-0.000000,0.000000,-0.000001,7.999999,-8.000003
0.399784,0.323035,0.000000,-0.000001,-0.000001,-0.000001,-0.523599,0.000000,-0.000000,0.000000,7.999999,-8.000002
0.599676,0.522927,-0.000000,-0.000000,-0.000001,-0.000001,-0.523599,0.000000,-0.000000,0.000000,7.999999,-8.000001
0.799567,0.722819,-0.000000,-0.000000,-0.000001,-0.000001,-0.523599,0.000000,-0.000000,-0.000000,7.999999,-8.000001
0.999459,0.922710,-0.000000,-0.000000,-0.000001,-0.000001,-0.523599,0.000000,-0.000000,0.000000,8.000000,-8.000000
1.199351,1.122602,-0.000001,0.000000,-0.000001,-0.000001,-0.523599,0.000000,-0.000000,0.000000,8.000001,-7.999999
1.399243,1.322494,-0.000001,0.000000,-0.000001,-0.000001,-0.523599,-0.000000,0.000000,-0.000000,8.000001,-7.999999
1.599135,1.522386,-0.000001,0.000001,-0.000001,-0.000001,-0.523599,-0.000000,0.000001,-0.000002,8.000001,-7.999999
1.799027,1.722278,-0.000001,0.000001,-0.000002,-0.000001,-0.523599,-0.000000,0.000001,-0.000002,8.000002,-7.999998
1.998919,1.922170,-0.000002,0.000001,-0.000002,-0.000001,-0.523599,-0.000000,0.000000,-0.000000,8.000002,-7.999998
2.198810,2.122062,-0.000002,0.000001,-0.000002,-0.000001,-0.523599,0.000000,-0.000000,0.000000,8.000002,-7.999998
2.398702,2.321953,-0.000003,0.000001,-0.000002,-0.000001,-0.523599,0.000000,-0.000000,-0.000000,8.000003,-7.999997
2.598594,2.521845,-0.000003,0.000002,-0.000002,-0.000001,-0.523599,0.000000,-0.000000,-0.000000,8.000003,-7.999997
2.798486,2.721737,-0.000003,0.000002,-0.000002,-0.000001,-0.523599,0.000000,-0.000000,-0.000000,8.000004,-7.999996
2.998378,2.921629,-0.000004,0.000002,-0.000002,-0.000001,-0.523599,0.000000,-0.000000,-0.000000,8.000004,-7.999996
3.198270,3.121521,-0.000004,0.000002,-0.000002,-0.000001,-0.523599,0.000000,-0.000000,-0.000000,8.000005,-7.999995
3.398162,3.321413,-0.000005,0.000003,-0.000002,-0.000001,-0.523599,0.000000,-0.000000,-0.000000,8.000005,-7.999995
3.598053,3.521305,-0.000005,0.000003,-0.000002,-0.000001,-0.523599,0.000000,-0.000000,-0.000000,8.000006,-7.999994
3.797945,3.721196,-0.000005,0.000003,-0.000002,-0.000001,-0.523599,0.000000,-0.000000,-0.000000,8.000006,-7.999994
3.997837,3.921088,-0.000006,0.000003,-0.000002,-0.000001,-0.523599,0.000000,-0.000000,-0.000000,8.000007,-7.999993
4.197729,4.120980,-0.000006,0.000004,-0.000002,-0.000001,-0.523599,0.000000,-0.000000,-0.000000,8.000007,-7.999993
4.397621,4.320872,-0.000007,0.000004,-0.000002,-0.000001,-0.523599,0.000000,-0.000000,-0.000000,8.000008,-7.999992
4.597513,4.520764,-0.000007,0.000004,-0.000002,-0.000001,-0.523599,0.000000,-0.000000,-0.000000,8.000008,-7.999992
4.797405,4.720656,-0.000007,0.000004,-0.000002,-0.000001,-0.523599,0.000000,-0.000000,-0.000000,8.000008,-7.999992
4.997297,4.920548,-0.000008,0.000004,-0.000002,-0.000001,-0.523599,0.000000,-0.000000,-0.000000,8.000009,-7.999991
5.197188,5.120439,-0.000008,0.000005,-0.000002,-0.000001,-0.523599,-0.000000,0.000000,-0.000000,8.000009,-7.999991
5.397080,5.320331,-0.000009,0.000005,-0.000002,-0.000001,-0.523599,-0.000000,0.000000,-0.000000,8.000010,-7.999990
5.596972,5.520223,-0.000009,0.000005,-0.000002,-0.000001,-0.523599,-0.000000,0.000000,-0.000000,8.000010,-7.999990
5.796864,5.720115,-0.000009,0.000005,-0.000002,-0.000001,-0.523599,-0.000000,0.000000,-0.000000,8.000011,-7.999989
5.996756,5.920007,-0.000010,0.000006,-0.000002,-0.000001,-0.523599,-0.000000,0.000000,-0.000000,8.000011,-7.999989
6.196648,6.119899,-0.000010,0.000006,-0.000002,-0.000001,-0.523599,-0.000000,0.000000,-0.000000,8.000012,-7.999988
6.396540,6.319791,-0.000011,0.000006,-0.000002,-0.000001,-0.523599,-0.000000,0.000000,-0.000000,8.000012,-7.999988
6.596431,6.519683,-0.000011,0.000006,-0.000002,-0.000001,-0.523599,-0.000000,0.000000,-0.000000,8.000013,-7.999987
6.796323,6.719574,-0.000012,0.000007,-0.000002,-0.000001,-0.523599,-0.000000,0.000000,-0.000000,8.000013,-7.999987
6.996215,6.919466,-0.000012,0.000007,-0.000002,-0.000001,-0.523599,-0.000000,0.000000,-0.000000,8.000014,-7.999986
7.196107,7.119358,-0.000012,0.000007,-0.000002,-0.000001,-0.523599,-0.000000,0.000000,-0.000000,8.000014,-7.999986
7.395999,7.319250,-0.000013,0.000007,-0.000002,-0.000001,-0.523599,-0.000000,0.000000,-0.000000,8.000015,-7.999985
7.595891,7.519142,-0.000013,0.000008,-0.000002,-0.000001,-0.523599,-0.000000,0.000000,-0.000000,8.000015,-7.999985
7.795783,7.719034,-0.000014,0.000008,-0.000002,-0.000001,-0.523599,-0.000000,0.000000,-0.000000,8.000016,-7.999984
7.995674,7.918926,-0.000014,0.000008,-0.000002,-0.000001,-0.523599,-0.000000,0.000000,-0.000000,8.000016,-7.999984
8.195566,8.118817,-0.000015,0.000009,-0.000002,-0.000001,-0.523599,-0.000000,0.000000,-0.000000,8.000017,-7.999983
8.395458,8.318709,-0.000015,0.000009,-0.000002,-0.000001,-0.523599,-0.000000,0.000000,-0.000000,8.000018,-7.999982
8.595350,8.518601,-0.000016,0.000009,-0.000002,-0.000001,-0.523599,-0.000000,0.000000,-0.000000,8.000018,-7.999982
8.795242,8.718493,-0.000016,0.000009,-0.000002,-0.000001,-0.523599,-0.000000,0.000000,-0.000000,8.000019,-7.999981
8.995134,8.918385,-0.000017,0.000010,-0.000002,-0.000001,-0.523599,-0.000000,0.000000,-0.000000,8.000019,-7.999981
9.195026,9.118277,-0.000017,0.000010,-0.000002,-0.000001,-0.523599,-0.000000,0.000000,-0.000000,8.000020,-7.999980
9.394917,9.318169,-0.000018,0.000010,-0.000003,-0.000001,-0.523599,-0.000000,0.000000,-0.000000,8.000020,-7.999980
9.594809,9.518060,-0.000018,0.000010,-0.000003,-0.000001,-0.523599,-0.000000,0.000000,-0.000000,8.000021,-7.999979
9.794701,9.717952,-0.000019,0.000011,-0.000003,-0.000001,-0.523599,0.000000,0.000000,-0.000000,8.000022,-7.999978
9.994593,9.917844,-0.000019,0.000011,-0.000003,-0.000001,-0.523599,0.000000,-0.000000,-0.000000,8.000022,-7.999978
10.194485,10.117736,-0.000020,0.000011,-0.000003,-0.000001,-0.523599,0.000000,-0.000000,-0.000000,8.000023,-7.999977
10.394377,10.317628,-0.000020,0.000012,-0.000003,-0.000002,-0.523599,0.000000,-0.000000,-0.000000,8.000023,-7.999977
10.594269,10.517520,-0.000021,0.000012,-0.000003,-0.000002,-0.523599,0.000000,-0.000000,-0.000000,8.000024,-7.999976
10.794160,10.717412,-0.000021,0.000012,-0.000003,-0.000002,-0.523599,0.000000,-0.000000,-0.000000,8.000025,-7.999975
10.994052,10.917303,-0.000022,0.000013,-0.000003,-0.000002,-0.523599,0.000000,-0.000000,-0.000000,8.000025,-7.999975
11.193944,11.117195,-0.000022,0.000013,-0.000003,-0.000002,-0.523599,0.000000,-0.000000,-0.000000,8.000026,-7.999974
11.393836,11.317087,-0.000023,0.000013,-0.000003,-0.000002,-0.523599,0.000000,-0.000000,-0.000000,8.000026,-7.999974
11.593728,11.516979,-0.000024,0.000014,-0.000003,-0.000002,-0.523599,0.000000,-0.000000,-0.000000,8.000027,-7.999973
11.793620,11.716871,-0.000024,0.000014,-0.000003,-0.000002,-0.523599,0.000000,-0.000000,-0.000000,8.000028,-7.999972
11.993512,11.916763,-0.000025,0.000014,-0.000003,-0.000002,-0.523599,0.000000,-0.000000,-0.000000,8.000028,-7.999972
12.193403,12.116655,-0.000025,0.000015,-0.000003,-0.000002,-0.523599,0.000000,-0.000000,-0.000000,8.000029,-7.999971
12.393295,12.316546,-0.000026,0.000015,-0.000003,-0.000002,-0.523599,0.000000,-0.000000,-0.000000,8.000030,-7.999970
12.593187,12.516438,-0.000026,0.000015,-0.000003,-0.000002,-0.523599,0.000000,-0.000000,-0.000000,8.000031,-7.999969
12.793079,12.716330,-0.000027,0.000016,-0.000003,-0.000002,-0.523599,0.000000,-0.000000,-0.000000,8.000031,-7.999969
12.992971,12.916222,-0.000028,0.000016,-0.000003,-0.000002,-0.523599,0.000000,-0.000000,-0.000000,8.000032,-7.999968
13.192863,13.116114,-0.000028,0.000016,-0.000003,-0.000002,-0.523599,0.000000,-0.000000,-0.000000,8.000033,-7.999967
13.392755,13.316006,-0.000029,0.000017,-0.000003,-0.000002,-0.523599,0.000000,-0.000000,-0.000000,8.000033,-7.999967
13.592646,13.515898,-0.000030,0.000017,-0.000003,-0.000002,-0.523599,0.000000,-0.000000,-0.000000,8.000034,-7.999966
13.792538,13.715789,-0.000030,0.000018,-0.000003,-0.000002,-0.523599,0.000000,-0.000000,-0.000000,8.000035,-7.999965
13.992430,13.915681,-0.000031,0.000018,-0.000003,-0.000002,-0.523599,0.000000,-0.000000,-0.000000,8.000036,-7.999964
14.192322,14.115573,-0.000032,0.000018,-0.000003,-0.000002,-0.523599,-0.000000,-0.000000,-0.000000,8.000036,-7.999964
14.392214,14.315465,-0.000032,0.000019,-0.000003,-0.000002,-0.523599,-0.000000,-0.000000,-0.000000,8.000037,-7.999963
14.592106,14.515357,-0.000033,0.000019,-0.000003,-0.000002,-0.523599,-0.000000,0.000000,-0.000000,8.000038,-7.999962
14.791998,14.715249,-0.000034,0.000020,-0.000004,-0.000002,-0.523599,-0.000000,0.000000,-0.000000,8.000039,-7.999961
14.991890,14.915141,-0.000034,0.000020,-0.000004,-0.000002,-0.523599,-0.000000,0.000000,-0.000000,8.000040,-7.999960
15.191781,15.115032,-0.000035,0.000020,-0.000004,-0.000002,-0.523599,-0.000000,0.000000,-0.000000,8.000041,-7.999959
15.391673,15.314924,-0.000036,0.000021,-0.000004,-0.000002,-0.523599,0.000000,-0.000000,-0.000000,8.000041,-7.999959
15.591565,15.514816,-0.000037,0.000021,-0.000004,-0.000002,-0.523599,-0.000000,0.000001,-0.000001,8.000042,-7.999958
15.791457,15.714708,-0.000037,0.000022,-0.000004,-0.000002,-0.523599,-0.000000,0.000002,-0.000003,8.000043,-7.999957
15.991349,15.914600,-0.000038,0.000022,-0.000005,-0.000002,-0.523599,-0.000000,0.000001,-0.000002,8.000044,-7.999956
16.191241,16.114492,-0.000039,0.000023,-0.000005,-0.000002,-0.523599,0.000000,-0.000000,0.000000,8.000045,-7.999955
16.391133,16.314384,-0.000040,0.000023,-0.000005,-0.000002,-0.523599,0.000000,-0.000001,0.000002,8.000046,-7.999954
16.591024,16.514276,-0.000041,0.000024,-0.000004,-0.000002,-0.523599,0.000000,-0.000001,0.000001,8.000047,-7.999953
16.790916,16.714167,-0.000042,0.000024,-0.000004,-0.000002,-0.523599,-0.000000,0.000000,-0.000000,8.000048,-7.999952
16.990808,16.914059,-0.000043,0.000024,-0.000004,-0.000002,-0.523599,-0.000000,0.000000,-0.000000,8.000049,-7.999951
17.190700,17.113951,-0.000044,0.000025,-0.000004,-0.000002,-0.523599,-0.000000,0.000000,-0.000000,8.000050,-7.999950
17.390592,17.313843,-0.000044,0.000025,-0.000004,-0.000002,-0.523599,-0.000000,0.000000,-0.000001,8.000051,-7.999949
17.590484,17.513735,-0.000045,0.000026,-0.000005,-0.000002,-0.523599,-0.000000,0.000000,-0.000000,8.000052,-7.999948
17.790376,17.713627,-0.000046,0.000026,-0.000004,-0.000002,-0.523599,0.000000,-0.000001,0.000001,8.000053,-7.999947
17.990267,17.913519,-0.000047,0.000027,-0.000004,-0.000002,-0.523599,0.000000,-0.000001,0.000002,8.000054,-7.999946
18.190159,18.113410,-0.000048,0.000027,-0.000004,-0.000002,-0.523599,0.000000,-0.000000,0.000000,8.000055,-7.999945
18.390051,18.313302,-0.000049,0.000028,-0.000004,-0.000002,-0.523599,0.000000,-0.000000,0.000000,8.000056,-7.999944
18.589943,18.513194,-0.000049,0.000028,-0.000004,-0.000003,-0.523599,0.000000,-0.000001,0.000001,8.000057,-7.999943
18.789835,18.713086,-0.000050,0.000029,-0.000003,-0.000003,-0.523599,0.000000,-0.000000,0.000000,8.000058,-7.999942
18.989727,18.912978,-0.000051,0.000029,-0.000003,-0.000003,-0.523599,-0.000000,-0.000000,-0.000001,8.000059,-7.999941
19.189619,19.112870,-0.000052,0.000030,-0.000004,-0.000003,-0.523599,0.000000,-0.000000,-0.000000,8.000060,-7.999940
19.389510,19.312762,-0.000052,0.000030,-0.000004,-0.000003,-0.523599,0.000000,-0.000000,-0.000000,8.000060,-7.999940
19.589402,19.512653,-0.000053,0.000031,-0.000004,-0.000003,-0.523599,-0.000000,0.000000,-0.000001,8.000061,-7.999939
19.789294,19.712545,-0.000054,0.000032,-0.000004,-0.000003,-0.523599,-0.000000,0.000001,-0.000002,8.000062,-7.999938
19.989186,19.912437,-0.000055,0.000032,-0.000005,-0.000003,-0.523599,-0.000000,0.000001,-0.000003,8.000063,-7.999937
20.189078,20.112329,-0.000056,0.000033,-0.000005,-0.000003,-0.523599,-0.000000,0.000001,-0.000003,8.000065,-7.999935
20.388970,20.312221,-0.000057,0.000033,-0.000005,-0.000003,-0.523599,0.000000,-0.000000,-0.000001,8.000066,-7.999934
20.588862,20.512113,-0.000058,0.000034,-0.000006,-0.000003,-0.523599,-0.000000,0.000001,-0.000002,8.000067,-7.999933
20.788753,20.712005,-0.000059,0.000035,-0.000006,-0.000003,-0.523599,-0.000000,0.000001,-0.000003,8.000068,-7.999932
20.988645,20.911896,-0.000060,0.000035,-0.000007,-0.000004,-0.523599,-0.000000,0.000001,-0.000002,8.000070,-7.999930
21.188537,21.111788,-0.000062,0.000036,-0.000007,-0.000004,-0.523599,0.000000,0.000000,-0.000001,8.000072,-7.999928
21.388429,21.311680,-0.000063,0.000037,-0.000007,-0.000004,-0.523599,-0.000000,0.000000,-0.000001,8.000073,-7.999927
21.588321,21.511572,-0.000065,0.000038,-0.000008,-0.000004,-0.523599,-0.000000,0.000001,-0.000003,8.000075,-7.999925
21.788213,21.711464,-0.000066,0.000038,-0.000008,-0.000004,-0.523599,-0.000000,0.000001,-0.000002,8.000077,-7.999923
21.988105,21.911356,-0.000068,0.000039,-0.000009,-0.000004,-0.523599,0.000000,0.000000,-0.000001,8.000079,-7.999921
22.187996,22.111248,-0.000070,0.000040,-0.000009,-0.000004,-0.523599,0.000000,0.000000,-0.000001,8.000080,-7.999920
22.387888,22.311139,-0.000072,0.000041,-0.000009,-0.000004,-0.523599,0.000000,-0.000001,0.000001,8.000082,-7.999918
22.587780,22.511031,-0.000073,0.000041,-0.000009,-0.000004,-0.523599,0.000000,-0.000001,0.000002,8.000084,-7.999916
22.787672,22.710923,-0.000075,0.000042,-0.000008,-0.000004,-0.523599,0.000000,-0.000001,0.000001,8.000086,-7.999914
22.987564,22.910815,-0.000077,0.000043,-0.000008,-0.000004,-0.523599,0.000000,-0.000001,0.000001,8.000088,-7.999912
23.187456,23.110707,-0.000078,0.000044,-0.000007,-0.000004,-0.523599,0.000000,-0.000001,0.000002,8.000090,-7.999910
23.387348,23.310599,-0.000080,0.000045,-0.000007,-0.000004,-0.523599,0.000000,-0.000002,0.000002,8.000091,-7.999909
23.587239,23.510491,-0.000081,0.000046,-0.000006,-0.000004,-0.523599,0.000000,-0.000001,0.000002,8.000093,-7.999907
23.787131,23.710382,-0.000082,0.000047,-0.000006,-0.000004,-0.523599,0.000000,-0.000001,0.000001,8.000094,-7.999906
23.987023,23.910274,-0.000083,0.000047,-0.000006,-0.000004,-0.523599,0.000000,-0.000001,0.000002,8.000096,-7.999904
24.186915,24.110166,-0.000084,0.000048,-0.000005,-0.000004,-0.523599,0.000000,-0.000001,0.000001,8.000097,-7.999903
24.386807,24.310058,-0.000085,0.000049,-0.000005,-0.000005,-0.523599,-0.000000,-0.000000,-0.000000,8.000099,-7.999901
24.586699,24.509950,-0.000087,0.000050,-0.000005,-0.000005,-0.523599,-0.000000,0.000000,-0.000001,8.000100,-7.999900
24.786591,24.709842,-0.000088,0.000051,-0.000005,-0.000005,-0.523599,-0.000000,0.000000,-0.000001,8.000101,-7.999899
24.986483,24.909734,-0.000089,0.000052,-0.000006,-0.000005,-0.523599,-0.000000,0.000000,-0.000001,8.000103,-7.999897
25.186374,25.109625,-0.000090,0.000053,-0.000006,-0.000005,-0.523599,0.000000,-0.000001,0.000001,8.000104,-7.999896
25.386266,25.309517,-0.000091,0.000054,-0.000005,-0.000005,-0.523599,0.000000,-0.000001,0.000001,8.000106,-7.999894
25.586158,25.509409,-0.000092,0.000055,-0.000005,-0.000005,-0.523599,-0.000000,0.000001,-0.000002,8.000107,-7.999893
25.786050,25.709301,-0.000093,0.000056,-0.000006,-0.000005,-0.523599,0.000000,-0.000000,0.000001,8.000109,-7.999891
25.985942,25.909193,-0.000094,0.000057,-0.000005,-0.000005,-0.523599,0.000000,-0.000003,0.000005,8.000111,-7.999889
26.185834,26.109085,-0.000095,0.000058,-0.000003,-0.000005,-0.523599,0.000000,-0.000005,0.000009,8.000113,-7.999887
26.385726,26.308977,-0.000095,0.000059,-0.000000,-0.000005,-0.523599,0.000000,-0.000009,0.000016,8.000114,-7.999886
26.585617,26.508869,-0.000095,0.000060,0.000004,-0.000005,-0.523599,0.000000,-0.000014,0.000025,8.000117,-7.999882
26.785509,26.708760,-0.000093,0.000060,0.000011,-0.000004,-0.523599,0.000000,-0.000019,0.000035,8.000119,-7.999879
26.985401,26.908652,-0.000090,0.000061,0.000021,-0.000004,-0.523599,0.000000,-0.000028,0.000051,8.000121,-7.999879
27.185293,27.108544,-0.000085,0.000062,0.000035,-0.000004,-0.523599,0.000000,-0.000040,0.000072,8.000123,-7.999876
27.385185,27.308436,-0.000076,0.000063,0.000054,-0.000004,-0.523599,0.000000,-0.000053,0.000095,8.000124,-7.999874
27.585077,27.508328,-0.000063,0.000064,0.000079,-0.000003,-0.523599,0.000000,-0.000069,0.000123,8.000126,-7.999872
27.784969,27.708220,-0.000044,0.000064,0.000111,-0.000003,-0.523599,0.000000,-0.000089,0.000159,8.000129,-7.999869
27.984860,27.908112,-0.000018,0.000065,0.000152,-0.000003,-0.523599,0.000000,-0.000113,0.000200,8.000130,-7.999867
28.184752,28.108003,0.000018,0.000065,0.000204,-0.000002,-0.523599,0.000000,-0.000140,0.000247,8.000131,-7.999865
28.384644,28.307895,0.000065,0.000066,0.000267,-0.000002,-0.523599,0.000000,-0.000173,0.000306,8.000133,-7.999863
28.584536,28.507787,0.000125,0.000066,0.000345,-0.000001,-0.523599,0.000000,-0.000210,0.000370,8.000132,-7.999862
28.784428,28.707679,0.000203,0.000066,0.000438,-0.000001,-0.523599,0.000000,-0.000251,0.000441,8.000132,-7.999862
28.984320,28.907571,0.000302,0.000066,0.000550,0.000000,-0.523599,-0.000000,-0.000302,0.000530,8.000133,-7.999861
29.184212,29.107463,0.000425,0.000066,0.000683,0.000001,-0.523599,-0.000000,-0.000357,0.000625,8.000130,-7.999862
29.384103,29.307354,0.000576,0.000066,0.000838,0.000002,-0.523599,-0.000000,-0.000415,0.000727,8.000130,-7.999860
29.583995,29.507246,0.000762,0.000066,0.001020,0.000002,-0.523599,-0.000000,-0.000485,0.000848,8.000131,-7.999859
29.783887,29.707138,0.000986,0.000065,0.001230,0.000003,-0.523599,-0.000000,-0.000561,0.000979,8.000126,-7.999862
29.983779,29.907030,0.001255,0.000064,0.001472,0.000004,-0.523599,-0.000000,-0.000643,0.001121,8.000126,-7.999861
30.183671,30.106921,0.001577,0.000064,0.001749,0.000005,-0.523599,-0.000000,-0.000737,0.001284,8.000125,-7.999861
30.383563,30.306813,0.001957,0.000063,0.002065,0.000005,-0.523599,-0.000000,-0.000833,0.001452,8.000118,-7.999866
30.583455,30.506704,0.002405,0.000061,0.002420,0.000006,-0.523599,-0.000000,-0.000940,0.001636,8.000120,-7.999863
30.783346,30.706595,0.002928,0.000060,0.002822,0.000007,-0.523599,-0.000000,-0.001061,0.001845,8.000116,-7.999866
30.983238,30.906486,0.003536,0.000058,0.003271,0.000008,-0.523599,-0.000000,-0.001183,0.002057,8.000108,-7.999874
31.183130,31.106377,0.004239,0.000057,0.003772,0.000009,-0.523599,-0.000000,-0.001317,0.002289,8.000113,-7.999869
31.383022,31.306267,0.005048,0.000055,0.004330,0.000010,-0.523599,-0.000000,-0.001464,0.002544,8.000107,-7.999876
31.582914,31.506157,0.005974,0.000053,0.004946,0.000010,-0.523599,-0.000000,-0.001612,0.002800,8.000099,-7.999885
31.782806,31.706046,0.007029,0.000051,0.005624,0.000011,-0.523599,0.000000,-0.001775,0.003083,8.000106,-7.999880
31.982698,31.905934,0.008227,0.000048,0.006371,0.000012,-0.523599,-0.000000,-0.001952,0.003388,8.000097,-7.999892
32.182589,32.105821,0.009581,0.000046,0.007187,0.000013,-0.523599,0.000000,-0.002127,0.003692,8.000092,-7.999899
32.382481,32.305707,0.011105,0.000043,0.008077,0.000014,-0.523599,-0.000001,-0.002320,0.004026,8.000101,-7.999895
32.582373,32.505592,0.012815,0.000040,0.009047,0.000014,-0.523599,0.000002,-0.002523,0.004377,8.000086,-7.999915
32.782265,32.705475,0.014727,0.000037,0.010097,0.000015,-0.523598,0.000004,-0.002726,0.004729,8.000086,-7.999920
32.982157,32.905355,0.016858,0.000034,0.011233,0.000016,-0.523598,-0.000001,-0.002951,0.005117,8.000096,-7.999917
33.182049,33.105233,0.019224,0.000031,0.012460,0.000017,-0.523598,0.000002,-0.003179,0.005514,8.000077,-7.999946
33.381941,33.305108,0.021845,0.000028,0.013778,0.000017,-0.523597,0.000004,-0.003410,0.005912,8.000086,-7.999945
33.581832,33.504978,0.024739,0.000024,0.015193,0.000018,-0.523597,-0.000001,-0.003663,0.006350,8.000096,-7.999948
33.781724,33.704845,0.027925,0.000021,0.016709,0.000018,-0.523597,0.000002,-0.003915,0.006786,8.000074,-7.999982
33.981616,33.904706,0.031425,0.000017,0.018326,0.000019,-0.523596,0.000004,-0.004172,0.007231,8.000093,-7.999980
34.181508,34.104561,0.035259,0.000013,0.020051,0.000019,-0.523596,0.000003,-0.004452,0.007716,8.000100,-7.999991
34.381400,34.304409,0.039448,0.000009,0.021886,0.000020,-0.523595,0.000003,-0.004726,0.008190,8.000079,-8.000031
34.581292,34.504249,0.044015,0.000005,0.023832,0.000020,-0.523594,0.000002,-0.005008,0.008678,8.000108,-8.000023
34.781184,34.704079,0.048982,0.000001,0.025895,0.000021,-0.523593,0.000007,-0.005310,0.009199,8.000109,-8.000046
34.981076,34.903898,0.054374,-0.000003,0.028077,0.000021,-0.523592,0.000005,-0.005602,0.009704,8.000089,-8.000092
35.180967,35.103704,0.060213,-0.000007,0.030377,0.000021,-0.523591,0.000002,-0.005907,0.010233,8.000132,-8.000079
35.380859,35.303497,0.066525,-0.000011,0.032804,0.000021,-0.523591,0.000006,-0.006229,0.010789,8.000126,-8.000116
35.580751,35.503272,0.073334,-0.000016,0.035355,0.000021,-0.523589,0.000006,-0.006538,0.011323,8.000117,-8.000157
35.780643,35.703030,0.080665,-0.000020,0.038034,0.000021,-0.523588,0.000006,-0.006864,0.011887,8.000166,-8.000145
35.980535,35.902766,0.088544,-0.000024,0.040844,0.000021,-0.523586,0.000009,-0.007196,0.012461,8.000153,-8.000199
36.180427,36.102479,0.096998,-0.000028,0.043784,0.000020,-0.523585,0.000009,-0.007516,0.013016,8.000157,-8.000236
36.380319,36.302166,0.106052,-0.000032,0.046857,0.000020,-0.523583,0.000005,-0.007860,0.013610,8.000213,-8.000226
36.580210,36.501823,0.115733,-0.000036,0.050067,0.000020,-0.523582,0.000009,-0.008202,0.014203,8.000191,-8.000296
36.780102,36.701447,0.126068,-0.000040,0.053412,0.000019,-0.523580,0.000010,-0.008531,0.014772,8.000215,-8.000322
36.979994,36.901035,0.137085,-0.000044,0.056892,0.000018,-0.523578,0.000009,-0.008882,0.015379,8.000271,-8.000320
37.179886,37.100583,0.148810,-0.000047,0.060511,0.000018,-0.523576,0.000012,-0.009230,0.015981,8.000239,-8.000407
37.379778,37.300086,0.161270,-0.000051,0.064267,0.000017,-0.523573,0.000013,-0.009567,0.016563,8.000289,-8.000417
37.579670,37.499540,0.174494,-0.000054,0.068162,0.000016,-0.523571,0.000008,-0.009924,0.017182,8.000342,-8.000426
37.779562,37.698940,0.188509,-0.000057,0.072197,0.000015,-0.523569,0.000012,-0.010270,0.017780,8.000310,-8.000520
37.979453,37.898280,0.203341,-0.000060,0.076370,0.000014,-0.523566,0.000013,-0.010609,0.018367,8.000383,-8.000517
38.179345,38.097556,0.219019,-0.000063,0.080681,0.000013,-0.523564,0.000013,-0.010965,0.018983,8.000427,-8.000542
38.379237,38.296761,0.235570,-0.000065,0.085130,0.000012,-0.523561,0.000013,-0.011304,0.019570,8.000395,-8.000645
38.579129,38.495890,0.253021,-0.000068,0.089715,0.000011,-0.523558,0.000013,-0.011642,0.020156,8.000490,-8.000624
38.779021,38.694935,0.271398,-0.000070,0.094439,0.000010,-0.523556,0.000012,-0.011994,0.020765,8.000520,-8.000670
38.978913,38.893890,0.290729,-0.000072,0.099298,0.000009,-0.523553,0.000014,-0.012323,0.021335,8.000501,-8.000768
39.178805,39.092747,0.311039,-0.000073,0.104289,0.000008,-0.523550,0.000017,-0.012654,0.021908,8.000609,-8.000738
39.378696,39.291499,0.332355,-0.000075,0.109414,0.000006,-0.523547,0.000012,-0.012993,0.022495,8.000622,-8.000805
39.578588,39.490137,0.354702,-0.000076,0.114669,0.000005,-0.523544,0.000014,-0.013308,0.023041,8.000618,-8.000892
39.778480,39.688654,0.378106,-0.000077,0.120053,0.000004,-0.523541,0.000017,-0.013631,0.023600,8.000740,-8.000853
39.978372,39.887041,0.402590,-0.000078,0.125565,0.000003,-0.523538,0.000013,-0.013953,0.024159,8.000734,-8.000943
40.178264,40.085287,0.428181,-0.000078,0.131201,0.000002,-0.523536,0.000014,-0.014251,0.024676,8.000756,-8.001006
40.378156,40.283385,0.454900,-0.000078,0.136959,0.000001,-0.523532,0.000017,-0.014558,0.025208,8.000875,-8.000972
40.578048,40.481324,0.482771,-0.000078,0.142838,-0.000001,-0.523529,0.000016,-0.014859,0.025730,8.000849,-8.001084
40.777939,40.679094,0.511817,-0.000078,0.148833,-0.000002,-0.523526,0.000016,-0.015139,0.026215,8.000899,-8.001118
40.977831,40.876685,0.542060,-0.000078,0.154942,-0.000003,-0.523523,0.000017,-0.015426,0.026713,8.001011,-8.001092
41.177723,41.074085,0.573520,-0.000077,0.161163,-0.000004,-0.523520,0.000014,-0.015701,0.027189,8.000972,-8.001217
41.377615,41.271284,0.606218,-0.000076,0.167490,-0.000005,-0.523517,0.000013,-0.015958,0.027636,8.001046,-8.001226
41.577507,41.468270,0.640174,-0.000075,0.173922,-0.000006,-0.523514,0.000018,-0.016224,0.028097,8.001143,-8.001212
41.777399,41.665032,0.675406,-0.000074,0.180458,-0.000007,-0.523511,0.000014,-0.016474,0.028530,8.001090,-8.001348
41.977291,41.861558,0.711933,-0.000072,0.187090,-0.000007,-0.523508,0.000013,-0.016709,0.028938,8.001200,-8.001320
42.177182,42.057836,0.749771,-0.000071,0.193817,-0.000008,-0.523505,0.000018,-0.016945,0.029348,8.001270,-8.001328
42.377074,42.253852,0.788939,-0.000069,0.200635,-0.000009,-0.523502,0.000015,-0.017165,0.029730,8.001216,-8.001458
42.576966,42.449596,0.829450,-0.000067,0.207539,-0.000010,-0.523499,0.000013,-0.017377,0.030097,8.001342,-8.001407
42.776858,42.645053,0.871320,-0.000065,0.214528,-0.000011,-0.523497,0.000014,-0.017588,0.030463,8.001384,-8.001438
42.976750,42.840211,0.914563,-0.000063,0.221598,-0.000011,-0.523494,0.000012,-0.017777,0.030791,8.001338,-8.001555
43.176642,43.035056,0.959192,-0.000061,0.228742,-0.000012,-0.523492,0.000009,-0.017961,0.031110,8.001476,-8.001484
43.376534,43.229577,1.005219,-0.000058,0.235959,-0.000013,-0.523490,0.000014,-0.018143,0.031427,8.001487,-8.001537
43.576425,43.423758,1.052655,-0.000056,0.243245,-0.000013,-0.523487,0.000012,-0.018305,0.031707,8.001449,-8.001638
43.776317,43.617587,1.101511,-0.000053,0.250595,-0.000014,-0.523485,0.000010,-0.018462,0.031980,8.001597,-8.001549
43.976209,43.811050,1.151796,-0.000050,0.258006,-0.000014,-0.523483,0.000011,-0.018613,0.032242,8.001573,-8.001631
44.176101,44.004133,1.203520,-0.000047,0.265475,-0.000015,-0.523481,0.000010,-0.018747,0.032475,8.001567,-8.001689
44.375993,44.196824,1.256689,-0.000044,0.272997,-0.000015,-0.523479,0.000011,-0.018880,0.032704,8.001701,-8.001604
44.575885,44.389108,1.311311,-0.000041,0.280570,-0.000016,-0.523478,0.000007,-0.019002,0.032917,8.001650,-8.001702
44.775777,44.580971,1.367392,-0.000038,0.288189,-0.000016,-0.523476,0.000007,-0.019110,0.033105,8.001670,-8.001727
44.975669,44.772400,1.424938,-0.000035,0.295851,-0.000017,-0.523475,0.000007,-0.019216,0.033289,8.001789,-8.001648
45.175560,44.963381,1.483952,-0.000031,0.303553,-0.000017,-0.523474,0.000007,-0.019312,0.033455,8.001714,-8.001759
45.375452,45.153901,1.544439,-0.000028,0.311292,-0.000017,-0.523472,0.000007,-0.019396,0.033602,8.001765,-8.001744
45.575344,45.343946,1.606402,-0.000025,0.319064,-0.000018,-0.523471,0.000008,-0.019479,0.033746,8.001858,-8.001682
45.775236,45.533503,1.669843,-0.000021,0.326867,-0.000018,-0.523470,0.000005,-0.019550,0.033870,8.001759,-8.001809
45.975128,45.722558,1.734764,-0.000017,0.334697,-0.000018,-0.523469,0.000004,-0.019613,0.033979,8.001846,-8.001746
46.175020,45.911098,1.801166,-0.000014,0.342551,-0.000018,-0.523469,0.000004,-0.019672,0.034082,8.001907,-8.001708
46.374912,46.099110,1.869048,-0.000010,0.350428,-0.000018,-0.523468,0.000004,-0.019724,0.034173,8.001812,-8.001823
46.574803,46.286581,1.938411,-0.000006,0.358324,-0.000018,-0.523467,0.000004,-0.019770,0.034253,8.001917,-8.001735
46.774695,46.473498,2.009254,-0.000003,0.366238,-0.000018,-0.523467,0.000004,-0.019811,0.034325,8.001946,-8.001722
46.974587,46.659847,2.081575,0.000001,0.374167,-0.000018,-0.523466,0.000004,-0.019845,0.034385,8.001852,-8.001828
47.174479,46.845617,2.155373,0.000004,0.382109,-0.000018,-0.523465,0.000004,-0.019876,0.034438,8.001976,-8.001715
47.374371,47.030795,2.230645,0.000008,0.390062,-0.000018,-0.523465,0.000001,-0.019902,0.034484,8.001968,-8.001732
47.574263,47.215367,2.307388,0.000012,0.398025,-0.000018,-0.523465,0.000001,-0.019923,0.034521,8.001891,-8.001814
47.774155,47.399323,2.385599,0.000015,0.405996,-0.000017,-0.523465,0.000001,-0.019942,0.034555,8.002016,-8.001695
47.974046,47.582648,2.465275,0.000018,0.413974,-0.000017,-0.523465,0.000001,-0.019957,0.034581,8.001973,-8.001742
48.173938,47.765332,2.546411,0.000022,0.421957,-0.000016,-0.523465,0.000001,-0.019969,0.034602,8.001927,-8.001791
48.373830,47.947363,2.629004,0.000025,0.429945,-0.000016,-0.523465,0.000001,-0.019979,0.034621,8.002051,-8.001668
48.573722,48.128727,2.713048,0.000028,0.437937,-0.000016,-0.523465,0.000001,-0.019988,0.034635,8.001982,-8.001738
48.773614,48.309414,2.798539,0.000031,0.445932,-0.000015,-0.523465,0.000001,-0.019993,0.034646,8.001965,-8.001755
48.973506,48.489412,2.885472,0.000034,0.453928,-0.000014,-0.523465,0.000001,-0.019998,0.034653,8.002072,-8.001647
49.173398,48.668708,2.973842,0.000037,0.461926,-0.000014,-0.523465,0.000001,-0.020000,0.034657,8.001978,-8.001740
49.373289,48.847293,3.063643,0.000040,0.469925,-0.000013,-0.523465,0.000001,-0.020002,0.034661,8.001999,-8.001718
49.573181,49.025153,3.154870,0.000042,0.477925,-0.000013,-0.523465,0.000001,-0.020005,0.034666,8.002083,-8.001632
49.773073,49.202277,3.247517,0.000045,0.485926,-0.000012,-0.523465,0.000000,-0.020004,0.034665,8.001974,-8.001740
49.972965,49.378655,3.341578,0.000047,0.493926,-0.000012,-0.523465,0.000000,-0.020004,0.034665,8.002022,-8.001689
50.172857,49.554274,3.437047,0.000049,0.501926,-0.000011,-0.523465,0.000000,-0.020006,0.034667,8.002083,-8.001625
50.372749,49.729124,3.533918,0.000052,0.509927,-0.000010,-0.523465,0.000000,-0.020005,0.034666,8.001968,-8.001738
50.572641,49.903194,3.632185,0.000054,0.517927,-0.000010,-0.523465,0.000000,-0.020004,0.034663,8.002053,-8.001651
50.772532,50.076472,3.731841,0.000056,0.525927,-0.000009,-0.523465,0.000000,-0.020002,0.034660,8.002081,-8.001621
50.972424,50.248947,3.832880,0.000057,0.533926,-0.000009,-0.523465,0.000000,-0.020003,0.034661,8.001972,-8.001728
51.172316,50.420608,3.935296,0.000059,0.541926,-0.000008,-0.523465,0.000001,-0.020004,0.034663,8.002075,-8.001622
51.372208,50.591445,4.039081,0.000061,0.549925,-0.000008,-0.523465,-0.000004,-0.020003,0.034662,8.002070,-8.001625
51.572100,50.761445,4.144230,0.000062,0.557925,-0.000008,-0.523466,-0.000001,-0.020003,0.034660,8.001977,-8.001715
51.771992,50.930600,4.250735,0.000064,0.565924,-0.000007,-0.523466,0.000001,-0.020003,0.034660,8.002091,-8.001599
51.971884,51.098897,4.358590,0.000065,0.573923,-0.000007,-0.523466,0.000000,-0.020003,0.034660,8.002057,-8.001631
52.171775,51.266326,4.467788,0.000067,0.581922,-0.000006,-0.523466,0.000000,-0.020002,0.034658,8.001980,-8.001706
52.371667,51.432876,4.578321,0.000068,0.589921,-0.000006,-0.523466,0.000000,-0.020001,0.034657,8.002106,-8.001578
52.571559,51.598536,4.690183,0.000069,0.597920,-0.000006,-0.523466,0.000000,-0.020002,0.034659,8.002039,-8.001642
52.771451,51.763297,4.803367,0.000070,0.605919,-0.000005,-0.523466,0.000000,-0.020003,0.034660,8.002005,-8.001674
52.971343,51.927146,4.917865,0.000071,0.613919,-0.000005,-0.523466,0.000000,-0.020004,0.034661,8.002114,-8.001563
53.171235,52.090075,5.033670,0.000072,0.621918,-0.000005,-0.523466,0.000000,-0.020004,0.034661,8.002027,-8.001649
53.371127,52.252072,5.150774,0.000073,0.629918,-0.000005,-0.523466,-0.000000,-0.020004,0.034661,8.002024,-8.001649
53.571018,52.413127,5.269171,0.000074,0.637917,-0.000004,-0.523466,0.000001,-0.020003,0.034660,8.002117,-8.001554
53.770910,52.573230,5.388852,0.000075,0.645916,-0.000004,-0.523466,-0.000002,-0.020003,0.034659,8.002012,-8.001658
53.970802,52.732371,5.509810,0.000076,0.653915,-0.000004,-0.523467,-0.000003,-0.020003,0.034660,8.002044,-8.001623
54.170694,52.890538,5.632038,0.000076,0.661915,-0.000004,-0.523467,0.000001,-0.020004,0.034661,8.002114,-8.001551
54.370586,53.047723,5.755526,0.000077,0.669914,-0.000003,-0.523467,-0.000000,-0.020004,0.034661,8.001990,-8.001674
54.570478,53.203915,5.880268,0.000078,0.677914,-0.000003,-0.523467,0.000000,-0.020004,0.034662,8.002066,-8.001595
54.770370,53.359105,6.006256,0.000078,0.685914,-0.000003,-0.523467,0.000000,-0.020005,0.034662,8.002104,-8.001555
54.970262,53.513281,6.133481,0.000079,0.693913,-0.000003,-0.523467,0.000000,-0.020003,0.034659,8.001991,-8.001666
55.170153,53.666435,6.261935,0.000079,0.701912,-0.000002,-0.523467,0.000000,-0.020002,0.034657,8.002084,-8.001573
55.370045,53.818556,6.391610,0.000080,0.709911,-0.000002,-0.523467,0.000000,-0.020004,0.034660,8.002092,-8.001562
55.569937,53.969636,6.522498,0.000080,0.717910,-0.000002,-0.523467,0.000000,-0.020004,0.034660,8.001986,-8.001666
55.769829,54.119663,6.654590,0.000081,0.725910,-0.000002,-0.523467,0.000000,-0.020003,0.034659,8.002098,-8.001552
55.969721,54.268629,6.787878,0.000081,0.733909,-0.000002,-0.523467,0.000000,-0.020003,0.034659,8.002074,-8.001575
56.169613,54.416524,6.922353,0.000081,0.741908,-0.000001,-0.523467,0.000000,-0.020003,0.034658,8.001989,-8.001659
56.369505,54.563339,7.058007,0.000082,0.749906,-0.000001,-0.523467,0.000000,-0.020002,0.034656,8.002104,-8.001542
56.569396,54.709064,7.194831,0.000082,0.757905,-0.000001,-0.523467,0.000000,-0.020001,0.034654,8.002047,-8.001597
56.769288,54.853690,7.332816,0.000082,0.765903,-0.000001,-0.523467,-0.000000,-0.020001,0.034655,8.001998,-8.001645
56.969180,54.997208,7.471953,0.000082,0.773901,-0.000001,-0.523467,0.000001,-0.020002,0.034657,8.002111,-8.001530
57.169072,55.139608,7.612234,0.000082,0.781900,-0.000001,-0.523467,-0.000003,-0.020002,0.034657,8.002031,-8.001608
57.368964,55.280882,7.753649,0.000082,0.789898,-0.000001,-0.523468,-0.000003,-0.020002,0.034657,8.002012,-8.001626
57.568856,55.421020,7.896190,0.000083,0.797897,-0.000001,-0.523468,0.000001,-0.020002,0.034656,8.002112,-8.001525
57.768748,55.560013,8.039847,0.000083,0.805895,-0.000001,-0.523468,-0.000000,-0.020001,0.034654,8.002011,-8.001625
57.968639,55.697853,8.184611,0.000083,0.813893,-0.000000,-0.523468,0.000000,-0.020001,0.034654,8.002030,-8.001605
58.168531,55.834531,8.330473,0.000083,0.821892,-0.000000,-0.523468,-0.000000,-0.020002,0.034656,8.002107,-8.001526
58.368423,55.970038,8.477423,0.000083,0.829890,-0.000000,-0.523468,0.000000,-0.020003,0.034657,8.001992,-8.001640
58.568315,56.104365,8.625453,0.000083,0.837889,-0.000000,-0.523468,-0.000000,-0.020002,0.034656,8.002041,-8.001590
58.768207,56.237504,8.774552,0.000083,0.845887,-0.000000,-0.523468,0.000000,-0.020002,0.034656,8.002096,-8.001534
58.968099,56.369445,8.924712,0.000083,0.853886,-0.000000,-0.523468,0.000000,-0.020002,0.034655,8.001979,-8.001649
59.167991,56.500182,9.075922,0.000083,0.861884,-0.000000,-0.523468,0.000000,-0.020002,0.034655,8.002063,-8.001564
59.367882,56.629705,9.228173,0.000083,0.869882,0.000000,-0.523468,-0.000000,-0.020002,0.034656,8.002085,-8.001540
59.567774,56.758006,9.381455,0.000083,0.877881,0.000000,-0.523468,-0.000000,-0.020002,0.034656,8.001973,-8.001651
59.767666,56.885078,9.535758,0.000083,0.885879,0.000000,-0.523468,-0.000000,-0.020002,0.034656,8.002078,-8.001546
59.967558,57.010910,9.691072,0.000083,0.893878,0.000000,-0.523468,-0.000000,-0.020002,0.034656,8.002068,-8.001556
60.167450,57.135497,9.847389,0.000083,0.901876,0.000000,-0.523468,-0.000000,-0.020002,0.034656,8.001975,-8.001647
60.367342,57.258829,10.004696,0.000083,0.909875,0.000000,-0.523468,-0.000000,-0.020003,0.034657,8.002087,-8.001533
60.567234,57.380899,10.162985,0.000083,0.917874,0.000000,-0.523468,-0.000000,-0.020003,0.034657,8.002048,-8.001572
60.767125,57.501699,10.322246,0.000083,0.925872,0.000000,-0.523468,-0.000000,-0.020002,0.034656,8.001972,-8.001647
60.967017,57.621222,10.482467,0.000083,0.933871,0.000001,-0.523468,-0.000000,-0.020002,0.034656,8.002095,-8.001523
61.166909,57.739459,10.643640,0.000083,0.941869,0.000001,-0.523468,-0.000000,-0.020002,0.034656,8.002025,-8.001593
61.366801,57.856403,10.805753,0.000082,0.949868,0.000001,-0.523468,-0.000000,-0.020003,0.034657,8.001992,-8.001624
61.566693,57.972047,10.968796,0.000082,0.957866,0.000001,-0.523468,-0.000000,-0.020002,0.034656,8.002097,-8.001519
61.766585,58.086383,11.132759,0.000082,0.965865,0.000001,-0.523468,-0.000000,-0.020001,0.034654,8.002004,-8.001611
61.966477,58.199404,11.297631,0.000082,0.973863,0.000001,-0.523468,-0.000000,-0.020001,0.034654,8.002006,-8.001608
62.166368,58.311102,11.463401,0.000082,0.981861,0.000001,-0.523468,-0.000000,-0.020002,0.034656,8.002094,-8.001520
62.366260,58.421472,11.630060,0.000082,0.989860,0.000001,-0.523468,-0.000000,-0.020002,0.034655,8.001986,-8.001628
62.566152,58.530504,11.797597,0.000081,0.997858,0.000001,-0.523468,0.000000,-0.020002,0.034654,8.002020,-8.001593
62.766044,58.638194,11.966000,0.000081,1.005856,0.000001,-0.523468,-0.000004,-0.020003,0.034656,8.002086,-8.001525
62.965936,58.744532,12.135259,0.000081,1.013855,0.000001,-0.523469,-0.000001,-0.020002,0.034655,8.001961,-8.001649
63.165828,58.849514,12.305363,0.000081,1.021853,0.000001,-0.523469,0.000000,-0.020001,0.034654,8.002040,-8.001570
63.365720,58.953132,12.476301,0.000081,1.029851,0.000001,-0.523469,-0.000000,-0.020001,0.034654,8.002073,-8.001536
63.565611,59.055379,12.648062,0.000081,1.037849,0.000001,-0.523469,0.000000,-0.020002,0.034655,8.001959,-8.001649
63.765503,59.156250,12.820636,0.000080,1.045847,0.000001,-0.523469,-0.000000,-0.020003,0.034656,8.002053,-8.001555
63.965395,59.255736,12.994011,0.000080,1.053846,0.000001,-0.523469,-0.000000,-0.020002,0.034654,8.002058,-8.001549
64.165287,59.353833,13.168177,0.000080,1.061844,0.000001,-0.523469,-0.000000,-0.020001,0.034653,8.001955,-8.001651
64.365179,59.450534,13.343121,0.000080,1.069842,0.000001,-0.523469,-0.000000,-0.020002,0.034654,8.002066,-8.001540
64.565071,59.545833,13.518833,0.000079,1.077840,0.000001,-0.523469,-0.000000,-0.020002,0.034655,8.002039,-8.001566
64.764963,59.639723,13.695302,0.000079,1.085838,0.000001,-0.523469,-0.000000,-0.020002,0.034655,8.001955,-8.001649
64.964855,59.732198,13.872516,0.000079,1.093836,0.000001,-0.523469,-0.000000,-0.020002,0.034654,8.002073,-8.001531
65.164746,59.823254,14.050464,0.000079,1.101834,0.000001,-0.523469,-0.000000,-0.020002,0.034655,8.002012,-8.001592
65.364638,59.912883,14.229134,0.000079,1.109833,0.000001,-0.523469,-0.000000,-0.020002,0.034654,8.001968,-8.001637
65.564530,60.001080,14.408516,0.000078,1.117831,0.000001,-0.523469,-0.000000,-0.020001,0.034654,8.002078,-8.001525
65.764422,60.087840,14.588597,0.000078,1.125829,0.000001,-0.523469,-0.000000,-0.020001,0.034653,8.001996,-8.001606
65.964314,60.173157,14.769367,0.000078,1.133827,0.000001,-0.523469,-0.000000,-0.020002,0.034655,8.001980,-8.001622
66.164206,60.257025,14.950813,0.000078,1.141825,0.000001,-0.523469,-0.000000,-0.020003,0.034656,8.002079,-8.001523
66.364098,60.339439,15.132924,0.000078,1.149824,0.000001,-0.523469,-0.000000,-0.020002,0.034655,8.001977,-8.001625
66.563989,60.420394,15.315688,0.000077,1.157822,0.000001,-0.523469,-0.000000,-0.020001,0.034653,8.001999,-8.001603
66.763881,60.499885,15.499094,0.000077,1.165820,0.000001,-0.523469,-0.000000,-0.020001,0.034654,8.002074,-8.001527
66.963773,60.577906,15.683130,0.000077,1.173818,0.000001,-0.523469,-0.000000,-0.020003,0.034657,8.001957,-8.001643
67.163665,60.654453,15.867784,0.000077,1.181817,0.000001,-0.523469,-0.000000,-0.020003,0.034657,8.002012,-8.001588
67.363557,60.729520,16.053044,0.000077,1.189815,0.000001,-0.523469,-0.000000,-0.020001,0.034653,8.002062,-8.001537
67.563449,60.803104,16.238899,0.000076,1.197813,0.000001,-0.523469,-0.000000,-0.020001,0.034653,8.001946,-8.001652
67.763341,60.875198,16.425337,0.000076,1.205811,0.000001,-0.523469,-0.000000,-0.020002,0.034655,8.002032,-8.001566
67.963232,60.945799,16.612345,0.000076,1.213809,0.000001,-0.523469,-0.000000,-0.020001,0.034654,8.002052,-8.001546
68.163124,61.014902,16.799912,0.000076,1.221807,0.000001,-0.523469,-0.000000,-0.020002,0.034655,8.001939,-8.001659
68.363016,61.082503,16.988025,0.000075,1.229806,0.000001,-0.523469,-0.000000,-0.020003,0.034656,8.002048,-8.001551
68.562908,61.148597,17.176673,0.000075,1.237804,0.000001,-0.523469,-0.000000,-0.020002,0.034654,8.002033,-8.001565
68.762800,61.213180,17.365844,0.000075,1.245802,0.000001,-0.523469,-0.000000,-0.020001,0.034653,8.001942,-8.001654
68.962692,61.276248,17.555526,0.000075,1.253800,0.000001,-0.523469,-0.000000,-0.020001,0.034654,8.002055,-8.001541
69.162584,61.337796,17.745705,0.000074,1.261798,0.000001,-0.523469,-0.000000,-0.020001,0.034654,8.002011,-8.001585
69.362475,61.397822,17.936371,0.000074,1.269796,0.000001,-0.523469,-0.000000,-0.020002,0.034655,8.001943,-8.001653
69.562367,61.456321,18.127511,0.000074,1.277795,0.000001,-0.523469,-0.000000,-0.020003,0.034656,8.002064,-8.001532
69.762259,61.513289,18.319112,0.000074,1.285793,0.000001,-0.523469,-0.000000,-0.020002,0.034655,8.001991,-8.001605
69.962151,61.568723,18.511163,0.000073,1.293791,0.000001,-0.523469,-0.000000,-0.020001,0.034654,8.001962,-8.001634
70.162043,61.622620,18.703652,0.000073,1.301789,0.000001,-0.523469,-0.000000,-0.020001,0.034654,8.002065,-8.001530
70.361935,61.674974,18.896565,0.000073,1.309787,0.000001,-0.523469,-0.000000,-0.020001,0.034654,8.001969,-8.001625
70.561827,61.725785,19.089891,0.000073,1.317785,0.000001,-0.523469,-0.000000,-0.020001,0.034654,8.001976,-8.001618
70.761718,61.775047,19.283617,0.000072,1.325783,0.000001,-0.523469,-0.000000,-0.020002,0.034654,8.002061,-8.001533
70.961610,61.822759,19.477730,0.000072,1.333781,0.000001,-0.523469,-0.000000,-0.020001,0.034654,8.001952,-8.001642
71.161502,61.868916,19.672220,0.000072,1.341780,0.000001,-0.523469,-0.000000,-0.020002,0.034655,8.001990,-8.001604
71.361394,61.913517,19.867072,0.000072,1.349778,0.000001,-0.523469,-0.000000,-0.020003,0.034656,8.002054,-8.001540
71.561286,61.956557,20.062274,0.000071,1.357776,0.000001,-0.523469,-0.000000,-0.020002,0.034654,8.001931,-8.001663
71.761178,61.998035,20.257815,0.000071,1.365774,0.000001,-0.523469,-0.000000,-0.020001,0.034653,8.002012,-8.001582
71.961070,62.037948,20.453681,0.000071,1.373772,0.000001,-0.523469,-0.000000,-0.020002,0.034655,8.002043,-8.001550
72.160961,62.076293,20.649860,0.000071,1.381771,0.000001,-0.523469,-0.000000,-0.020002,0.034655,8.001930,-8.001662
72.360853,62.113067,20.846339,0.000071,1.389769,0.000001,-0.523469,-0.000000,-0.020001,0.034654,8.002026,-8.001566
72.560745,62.148269,21.043107,0.000070,1.397767,0.000001,-0.523469,-0.000000,-0.020001,0.034654,8.002027,-8.001565
72.760637,62.181896,21.240149,0.000070,1.405765,0.000001,-0.523469,-0.000000,-0.020001,0.034654,8.001928,-8.001664
72.960529,62.213946,21.437454,0.000070,1.413763,0.000001,-0.523469,-0.000000,-0.020002,0.034654,8.002040,-8.001552
73.160421,62.244417,21.635010,0.000070,1.421761,0.000001,-0.523469,-0.000000,-0.020002,0.034655,8.002010,-8.001582
73.360313,62.273307,21.832802,0.000069,1.429759,0.000001,-0.523469,-0.000000,-0.020002,0.034655,8.001927,-8.001663
73.560204,62.300614,22.030820,0.000069,1.437758,0.000001,-0.523469,-0.000000,-0.020002,0.034655,8.002047,-8.001544
73.760096,62.326337,22.229049,0.000069,1.445756,0.000001,-0.523469,-0.000000,-0.020002,0.034654,8.001985,-8.001607
73.959988,62.350473,22.427478,0.000069,1.453754,0.000001,-0.523469,-0.000000,-0.020001,0.034654,8.001943,-8.001649
74.159880,62.373021,22.626093,0.000069,1.461752,0.000001,-0.523469,-0.000000,-0.020001,0.034654,8.002053,-8.001539
74.359772,62.393980,22.824883,0.000068,1.469750,0.000001,-0.523469,-0.000000,-0.020001,0.034654,8.001969,-8.001623
74.559664,62.413349,23.023834,0.000068,1.477748,0.000001,-0.523469,-0.000000,-0.020001,0.034654,8.001956,-8.001636
74.759556,62.431125,23.222933,0.000068,1.485746,0.000001,-0.523469,-0.000000,-0.020001,0.034654,8.002052,-8.001539
74.959448,62.447309,23.422168,0.000068,1.493744,0.000001,-0.523469,-0.000000,-0.020001,0.034654,8.001949,-8.001641
75.159339,62.461899,23.621526,0.000068,1.501742,0.000001,-0.523469,-0.000000,-0.020002,0.034655,8.001975,-8.001615
75.359231,62.474893,23.820995,0.000067,1.509741,0.000001,-0.523469,-0.000000,-0.020003,0.034656,8.002048,-8.001542
75.559123,62.486292,24.020561,0.000067,1.517739,0.000001,-0.523469,-0.000000,-0.020002,0.034655,8.001928,-8.001662
75.759015,62.496094,24.220212,0.000067,1.525737,0.000001,-0.523469,-0.000000,-0.020001,0.034654,8.001990,-8.001600
75.958907,62.504300,24.419934,0.000067,1.533735,0.000001,-0.523469,-0.000000,-0.020001,0.034654,8.002037,-8.001553
76.158799,62.510907,24.619716,0.000066,1.541734,0.000001,-0.523469,-0.000000,-0.020001,0.034654,8.001922,-8.001668
76.358691,62.515917,24.819545,0.000066,1.549732,0.000001,-0.523469,-0.000000,-0.020001,0.034654,8.002010,-8.001580
76.558582,62.519328,25.019407,0.000066,1.557730,0.000001,-0.523469,-0.000000,-0.020001,0.034654,8.002026,-8.001564
76.758474,62.521140,25.219290,0.000066,1.565728,0.000001,-0.523469,-0.000000,-0.020001,0.034654,8.001915,-8.001675
76.958366,62.521354,25.419182,0.000066,1.573726,0.000001,-0.523469,-0.000000,-0.020002,0.034655,8.002026,-8.001564
77.158258,62.519969,25.619068,0.000065,1.581724,0.000001,-0.523469,-0.000000,-0.020003,0.034656,8.002008,-8.001582
77.358150,62.516986,25.818937,0.000065,1.589723,0.000001,-0.523469,-0.000000,-0.020002,0.034656,8.001920,-8.001670
77.558042,62.512403,26.018776,0.000065,1.597721,0.000001,-0.523469,-0.000000,-0.020001,0.034654,8.002034,-8.001556
77.757934,62.506223,26.218572,0.000065,1.605719,0.000001,-0.523469,-0.000000,-0.020000,0.034651,8.001986,-8.001604
77.957825,62.498445,26.418312,0.000065,1.613716,0.000001,-0.523469,-0.000000,-0.020001,0.034653,8.001924,-8.001664
78.157717,62.489070,26.617983,0.000064,1.621715,0.000001,-0.523469,-0.000000,-0.020003,0.034657,8.002042,-8.001546
78.357609,62.478098,26.817573,0.000064,1.629713,0.000001,-0.523469,-0.000000,-0.020002,0.034655,8.001967,-8.001622
78.557501,62.465530,27.017069,0.000064,1.637711,0.000001,-0.523469,-0.000000,-0.020001,0.034654,8.001942,-8.001648
78.757393,62.451366,27.216458,0.000064,1.645709,0.000001,-0.523469,-0.000000,-0.020001,0.034654,8.002044,-8.001545
78.957285,62.435609,27.415727,0.000064,1.653707,0.000001,-0.523469,-0.000000,-0.020002,0.034654,8.001946,-8.001642
79.157177,62.418258,27.614864,0.000063,1.661705,0.000001,-0.523469,-0.000000,-0.020002,0.034654,8.001959,-8.001630
79.357068,62.399315,27.813856,0.000063,1.669703,0.000001,-0.523469,-0.000000,-0.020002,0.034654,8.002041,-8.001547
79.556960,62.378782,28.012690,0.000063,1.677702,0.000001,-0.523469,-0.000000,-0.020001,0.034654,8.001931,-8.001657
79.756852,62.356658,28.211353,0.000063,1.685700,0.000001,-0.523469,-0.000000,-0.020002,0.034654,8.001972,-8.001616
79.956744,62.332947,28.409833,0.000063,1.693698,0.000001,-0.523469,-0.000000,-0.020002,0.034654,8.002033,-8.001555
80.156636,62.307649,28.608117,0.000062,1.701696,0.000001,-0.523469,-0.000000,-0.020001,0.034654,8.001913,-8.001675
80.356528,62.280765,28.806192,0.000062,1.709694,0.000001,-0.523469,-0.000000,-0.020001,0.034654,8.001996,-8.001594
80.556420,62.252299,29.004046,0.000062,1.717692,0.000001,-0.523469,-0.000000,-0.020001,0.034654,8.002024,-8.001565
80.756311,62.222250,29.201666,0.000062,1.725690,0.000001,-0.523469,-0.000000,-0.020002,0.034655,8.001911,-8.001677
80.956203,62.190623,29.399039,0.000062,1.733689,0.000001,-0.523469,-0.000000,-0.020003,0.034657,8.002010,-8.001578
81.156095,62.157417,29.596153,0.000061,1.741687,0.000001,-0.523469,-0.000000,-0.020002,0.034655,8.002007,-8.001581
81.355987,62.122636,29.792995,0.000061,1.749685,0.000001,-0.523469,-0.000000,-0.020001,0.034654,8.001911,-8.001677
81.555879,62.086282,29.989553,0.000061,1.757683,0.000001,-0.523469,-0.000000,-0.020001,0.034654,8.002023,-8.001565
81.755771,62.048357,30.185814,0.000061,1.765681,0.000001,-0.523469,-0.000000,-0.020001,0.034654,8.001990,-8.001598
81.955663,62.008863,30.381765,0.000061,1.773679,0.000001,-0.523469,-0.000000,-0.020001,0.034654,8.001910,-8.001678
82.155554,61.967803,30.577394,0.000060,1.781677,0.000001,-0.523469,-0.000000,-0.020002,0.034654,8.002032,-8.001556
82.355446,61.925181,30.772688,0.000060,1.789676,0.000001,-0.523469,-0.000000,-0.020003,0.034656,8.001966,-8.001622
82.555338,61.880997,30.967635,0.000060,1.797674,0.000001,-0.523469,-0.000000,-0.020003,0.034656,8.001928,-8.001660
82.755230,61.835256,31.162222,0.000060,1.805673,0.000001,-0.523469,-0.000000,-0.020002,0.034654,8.002036,-8.001552
82.955122,61.787959,31.356438,0.000059,1.813671,0.000001,-0.523469,-0.000000,-0.020001,0.034654,8.001950,-8.001638
83.155014,61.739111,31.550269,0.000059,1.821669,0.000001,-0.523469,-0.000000,-0.020001,0.034654,8.001942,-8.001646
83.354906,61.688714,31.743702,0.000059,1.829667,0.000001,-0.523469,-0.000000,-0.020001,0.034654,8.002036,-8.001552
83.554797,61.636772,31.936727,0.000059,1.837665,0.000001,-0.523469,-0.000000,-0.020001,0.034654,8.001931,-8.001657
83.754689,61.583288,32.129330,0.000058,1.845663,0.000001,-0.523469,-0.000000,-0.020001,0.034654,8.001960,-8.001628
83.954581,61.528264,32.321500,0.000058,1.853661,0.000001,-0.523469,-0.000000,-0.020002,0.034654,8.002031,-8.001557
84.154473,61.471706,32.513222,0.000058,1.861659,0.000001,-0.523469,-0.000000,-0.020001,0.034654,8.001908,-8.001680
84.354365,61.413616,32.704487,0.000058,1.869657,0.000001,-0.523469,-0.000000,-0.020002,0.034654,8.001977,-8.001611
84.554257,61.353998,32.895281,0.000057,1.877655,0.000001,-0.523469,-0.000000,-0.020002,0.034654,8.002019,-8.001568
84.754149,61.292856,33.085592,0.000057,1.885653,0.000001,-0.523469,-0.000000,-0.020001,0.034654,8.001905,-8.001681
84.954041,61.230194,33.275407,0.000057,1.893652,0.000001,-0.523469,-0.000000,-0.020002,0.034655,8.001995,-8.001592
85.153932,61.166016,33.464716,0.000057,1.901650,0.000001,-0.523469,-0.000000,-0.020003,0.034657,8.002008,-8.001580
85.353824,61.100326,33.653505,0.000056,1.909649,0.000001,-0.523469,-0.000000,-0.020002,0.034656,8.001900,-8.001688
85.553716,61.033128,33.841762,0.000056,1.917647,0.000001,-0.523469,-0.000000,-0.020002,0.034654,8.002011,-8.001577
85.753608,60.964426,34.029477,0.000056,1.925645,0.000001,-0.523469,-0.000000,-0.020002,0.034654,8.001990,-8.001598
85.953500,60.894225,34.216635,0.000056,1.933643,0.000001,-0.523469,-0.000000,-0.020001,0.034654,8.001903,-8.001683
86.153392,60.822529,34.403227,0.000055,1.941641,0.000001,-0.523469,-0.000000,-0.020002,0.034654,8.002018,-8.001569
86.353284,60.749344,34.589238,0.000055,1.949639,0.000001,-0.523469,-0.000000,-0.020002,0.034654,8.001966,-8.001622
86.553175,60.674673,34.774659,0.000055,1.957637,0.000001,-0.523469,-0.000000,-0.020002,0.034654,8.001909,-8.001677
86.753067,60.598521,34.959476,0.000055,1.965635,0.000001,-0.523469,-0.000000,-0.020002,0.034654,8.002025,-8.001561
86.952959,60.520894,35.143679,0.000054,1.973634,0.000001,-0.523469,-0.000000,-0.020002,0.034654,8.001948,-8.001638
87.152851,60.441795,35.327254,0.000054,1.981632,0.000001,-0.523469,-0.000000,-0.020002,0.034654,8.001927,-8.001661
87.352743,60.361232,35.510192,0.000054,1.989630,0.000001,-0.523469,-0.000000,-0.020002,0.034654,8.002028,-8.001560
87.552635,60.279207,35.692479,0.000054,1.997628,0.000001,-0.523469,-0.000000,-0.020002,0.034654,8.001929,-8.001659
87.752527,60.195727,35.874104,0.000053,2.005626,0.000001,-0.523469,-0.000000,-0.020001,0.034654,8.001945,-8.001643
87.952418,60.110798,36.055055,0.000053,2.013624,0.000001,-0.523469,-0.000000,-0.020002,0.034654,8.002025,-8.001563
88.152310,60.024423,36.235322,0.000053,2.021622,0.000001,-0.523469,-0.000000,-0.020001,0.034654,8.001912,-8.001676
88.352202,59.936610,36.414892,0.000053,2.029620,0.000001,-0.523469,-0.000000,-0.020002,0.034655,8.001957,-8.001631
88.552094,59.847363,36.593754,0.000052,2.037619,0.000001,-0.523469,-0.000000,-0.020003,0.034657,8.002016,-8.001572
88.751986,59.756689,36.771896,0.000052,2.045617,0.000001,-0.523469,-0.000000,-0.020002,0.034655,8.001897,-8.001691
88.951878,59.664593,36.949307,0.000052,2.053616,0.000001,-0.523469,-0.000000,-0.020001,0.034654,8.001980,-8.001608
89.151770,59.571080,37.125976,0.000052,2.061614,0.000001,-0.523469,-0.000000,-0.020001,0.034654,8.002005,-8.001583
89.351661,59.476158,37.301892,0.000051,2.069612,0.000001,-0.523469,-0.000000,-0.020001,0.034654,8.001893,-8.001695
89.551553,59.379831,37.477043,0.000051,2.077610,0.000001,-0.523469,-0.000000,-0.020002,0.034654,8.001995,-8.001593
89.751445,59.282107,37.651417,0.000051,2.085608,0.000002,-0.523469,-0.000000,-0.020001,0.034654,8.001988,-8.001600
89.951337,59.182992,37.825005,0.000050,2.093606,0.000002,-0.523469,-0.000000,-0.020001,0.034654,8.001894,-8.001694
90.151229,59.082491,37.997794,0.000050,2.101604,0.000002,-0.523469,-0.000000,-0.020002,0.034654,8.002006,-8.001582
90.351121,58.980611,38.169774,0.000050,2.109602,0.000002,-0.523469,-0.000000,-0.020002,0.034654,8.001970,-8.001618
90.551013,58.877359,38.340934,0.000049,2.117600,0.000002,-0.523469,-0.000000,-0.020001,0.034654,8.001891,-8.001697
90.750904,58.772742,38.511262,0.000049,2.125599,0.000002,-0.523469,-0.000000,-0.020002,0.034654,8.002014,-8.001574
90.950796,58.666765,38.680748,0.000049,2.133597,0.000002,-0.523469,-0.000000,-0.020001,0.034654,8.001946,-8.001642
91.150688,58.559437,38.849381,0.000048,2.141595,0.000002,-0.523469,-0.000000,-0.020001,0.034654,8.001911,-8.001677
91.350580,58.450763,39.017150,0.000048,2.149593,0.000002,-0.523469,-0.000000,-0.020002,0.034655,8.002017,-8.001570
91.550472,58.340751,39.184045,0.000048,2.157591,0.000002,-0.523469,-0.000000,-0.020003,0.034656,8.001927,-8.001659
91.750364,58.229407,39.350055,0.000047,2.165590,0.000002,-0.523469,-0.000000,-0.020003,0.034656,8.001924,-8.001662
91.950256,58.116739,39.515168,0.000047,2.173588,0.000002,-0.523469,-0.000000,-0.020002,0.034655,8.002015,-8.001572
92.150147,58.002754,39.679375,0.000047,2.181586,0.000002,-0.523469,-0.000000,-0.020001,0.034654,8.001910,-8.001678
92.350039,57.887460,39.842666,0.000046,2.189585,0.000002,-0.523469,-0.000000,-0.020001,0.034654,8.001940,-8.001646
92.549931,57.770863,40.005028,0.000046,2.197583,0.000002,-0.523469,-0.000000,-0.020002,0.034654,8.002010,-8.001577
92.749823,57.652971,40.166454,0.000045,2.205581,0.000002,-0.523469,-0.000000,-0.020002,0.034654,8.001885,-8.001703
92.949715,57.533792,40.326931,0.000045,2.213579,0.000002,-0.523469,-0.000000,-0.020002,0.034654,8.001960,-8.001628
93.149607,57.413333,40.486449,0.000045,2.221577,0.000002,-0.523469,-0.000000,-0.020002,0.034654,8.001997,-8.001590
93.349499,57.291602,40.645000,0.000044,2.229575,0.000002,-0.523469,-0.000000,-0.020002,0.034656,8.001882,-8.001703
93.549390,57.168607,40.802571,0.000044,2.237574,0.000002,-0.523469,-0.000000,-0.020003,0.034657,8.001974,-8.001612
93.749282,57.044356,40.959154,0.000043,2.245572,0.000002,-0.523469,-0.000000,-0.020002,0.034655,8.001983,-8.001603
93.949174,56.918856,41.114738,0.000043,2.253571,0.000002,-0.523469,-0.000000,-0.020001,0.034654,8.001877,-8.001708
94.149066,56.792116,41.269313,0.000043,2.261569,0.000002,-0.523469,-0.000000,-0.020002,0.034654,8.001989,-8.001599
94.348958,56.664144,41.422869,0.000042,2.269567,0.000002,-0.523469,-0.000000,-0.020002,0.034654,8.001964,-8.001623
94.548850,56.534947,41.575397,0.000042,2.277565,0.000002,-0.523469,-0.000000,-0.020002,0.034654,8.001878,-8.001708
94.748742,56.404535,41.726887,0.000041,2.285563,0.000002,-0.523469,-0.000000,-0.020002,0.034655,8.001994,-8.001592
94.948634,56.272915,41.877329,0.000041,2.293561,0.000002,-0.523469,-0.000000,-0.020002,0.034655,8.001937,-8.001649
95.148525,56.140096,42.026714,0.000040,2.301560,0.000002,-0.523469,-0.000000,-0.020002,0.034654,8.001887,-8.001699
95.348417,56.006087,42.175031,0.000040,2.309558,0.000002,-0.523469,-0.000000,-0.020002,0.034655,8.002001,-8.001586
95.548309,55.870896,42.322272,0.000039,2.317556,0.000002,-0.523469,-0.000000,-0.020002,0.034654,8.001922,-8.001666
95.748201,55.734531,42.468427,0.000039,2.325554,0.000002,-0.523469,-0.000000,-0.020002,0.034654,8.001901,-8.001685
95.948093,55.597002,42.613486,0.000039,2.333552,0.000002,-0.523469,-0.000000,-0.020002,0.034655,8.002001,-8.001586
96.147985,55.458317,42.757441,0.000038,2.341550,0.000002,-0.523469,-0.000000,-0.020002,0.034654,8.001901,-8.001687
96.347877,55.318485,42.900282,0.000038,2.349549,0.000002,-0.523469,-0.000000,-0.020001,0.034654,8.001918,-8.001668
96.547768,55.177515,43.042000,0.000037,2.357546,0.000002,-0.523469,-0.000000,-0.020001,0.034653,8.001995,-8.001591
96.747660,55.035416,43.182586,0.000037,2.365545,0.000002,-0.523469,-0.000000,-0.020002,0.034655,8.001880,-8.001706
96.947552,54.892198,43.322032,0.000036,2.373543,0.000003,-0.523469,-0.000000,-0.020002,0.034655,8.001929,-8.001657
97.147444,54.747868,43.460327,0.000036,2.381541,0.000003,-0.523469,-0.000000,-0.020000,0.034653,8.001983,-8.001603
97.347336,54.602437,43.597463,0.000035,2.389539,0.000003,-0.523469,-0.000000,-0.020001,0.034654,8.001867,-8.001719
97.547228,54.455914,43.733432,0.000035,2.397537,0.000003,-0.523469,-0.000000,-0.020002,0.034656,8.001950,-8.001636
97.747120,54.308309,43.868225,0.000034,2.405535,0.000003,-0.523469,-0.000000,-0.020002,0.034656,8.001972,-8.001614
97.947011,54.159629,44.001833,0.000033,2.413534,0.000003,-0.523469,-0.000000,-0.020002,0.034655,8.001860,-8.001726
98.146903,54.009886,44.134247,0.000033,2.421532,0.000003,-0.523469,-0.000000,-0.020002,0.034655,8.001964,-8.001622
98.346795,53.859089,44.265459,0.000032,2.429531,0.000003,-0.523469,-0.000000,-0.020003,0.034657,8.001953,-8.001633
98.546687,53.707247,44.395461,0.000032,2.437529,0.000003,-0.523469,-0.000000,-0.020002,0.034656,8.001861,-8.001727
98.746579,53.554370,44.524245,0.000031,2.445528,0.000003,-0.523469,-0.000000,-0.020002,0.034655,8.001973,-8.001615
98.946471,53.400467,44.651801,0.000030,2.453526,0.000003,-0.523469,-0.000000,-0.020003,0.034657,8.001933,-8.001654
99.146363,53.245550,44.778122,0.000030,2.461525,0.000003,-0.523469,-0.000000,-0.020002,0.034656,8.001855,-8.001731
99.346254,53.089627,44.903201,0.000029,2.469523,0.000003,-0.523469,-0.000000,-0.020002,0.034655,8.001979,-8.001607
99.546146,52.932709,45.027028,0.000028,2.477521,0.000003,-0.523469,-0.000000,-0.020003,0.034657,8.001908,-8.001678
99.746038,52.774805,45.149596,0.000028,2.485520,0.000004,-0.523469,-0.000000,-0.020003,0.034657,8.001876,-8.001712
99.945930,52.615926,45.270897,0.000027,2.493519,0.000004,-0.523469,-0.000000,-0.020002,0.034656,8.001980,-8.001607
100.145822,52.456081,45.390924,0.000026,2.501517,0.000004,-0.523469,-0.000000,-0.020002,0.034655,8.001885,-8.001701
100.345714,52.295282,45.509668,0.000026,2.509516,0.000004,-0.523469,-0.000000,-0.020002,0.034655,8.001886,-8.001700
100.545606,52.133539,45.627122,0.000025,2.517514,0.000004,-0.523469,-0.000000,-0.020003,0.034657,8.001973,-8.001613
100.745497,51.970860,45.743279,0.000024,2.525513,0.000004,-0.523469,-0.000000,-0.020002,0.034656,8.001864,-8.001722
100.945389,51.807259,45.858131,0.000023,2.533511,0.000004,-0.523469,-0.000000,-0.020001,0.034654,8.001897,-8.001689
101.145281,51.642743,45.971670,0.000022,2.541509,0.000004,-0.523469,-0.000000,-0.020000,0.034652,8.001963,-8.001624
101.345173,51.477325,46.083891,0.000022,2.549507,0.000004,-0.523469,-0.000000,-0.020001,0.034653,8.001838,-8.001750
101.545065,51.311015,46.194785,0.000021,2.557504,0.000004,-0.523469,-0.000000,-0.020001,0.034653,8.001914,-8.001672
101.744957,51.143823,46.304345,0.000020,2.565502,0.000004,-0.523469,-0.000000,-0.020000,0.034652,8.001947,-8.001639
101.944849,50.975760,46.412564,0.000019,2.573500,0.000004,-0.523469,-0.000000,-0.020000,0.034652,8.001834,-8.001752
102.144740,50.806838,46.519436,0.000019,2.581497,0.000004,-0.523469,-0.000000,-0.020000,0.034652,8.001926,-8.001660
102.344632,50.637065,46.624954,0.000018,2.589495,0.000004,-0.523469,-0.000000,-0.020001,0.034653,8.001930,-8.001656
102.544524,50.466455,46.729110,0.000017,2.597493,0.000004,-0.523469,-0.000000,-0.020001,0.034654,8.001828,-8.001760
102.744416,50.295017,46.831899,0.000016,2.605491,0.000004,-0.523469,-0.000000,-0.020002,0.034654,8.001938,-8.001650
102.944308,50.122762,46.933313,0.000015,2.613489,0.000004,-0.523469,-0.000000,-0.020001,0.034653,8.001910,-8.001677
103.144200,49.949701,47.033346,0.000014,2.621487,0.000004,-0.523469,-0.000000,-0.020001,0.034653,8.001825,-8.001761
103.344092,49.775847,47.131992,0.000014,2.629485,0.000004,-0.523469,-0.000000,-0.020002,0.034655,8.001942,-8.001644
103.543983,49.601208,47.229244,0.000013,2.637483,0.000004,-0.523469,-0.000000,-0.020002,0.034655,8.001882,-8.001704
103.743875,49.425798,47.325097,0.000012,2.645482,0.000004,-0.523469,-0.000000,-0.020002,0.034655,8.001836,-8.001750
103.943767,49.249626,47.419543,0.000011,2.653480,0.000004,-0.523469,-0.000000,-0.020002,0.034655,8.001946,-8.001640
104.143659,49.072705,47.512577,0.000010,2.661478,0.000004,-0.523469,-0.000000,-0.020000,0.034651,8.001864,-8.001722
104.343551,48.895045,47.604194,0.000009,2.669475,0.000004,-0.523469,-0.000000,-0.019999,0.034649,8.001846,-8.001738
104.543443,48.716658,47.694387,0.000009,2.677471,0.000004,-0.523469,-0.000005,-0.019998,0.034648,8.001943,-8.001641
104.743335,48.537556,47.783150,0.000008,2.685468,0.000004,-0.523470,-0.000001,-0.019995,0.034642,8.001839,-8.001745
104.943227,48.357750,47.870479,0.000007,2.693462,0.000004,-0.523470,0.000000,-0.019991,0.034634,8.001858,-8.001722
105.143118,48.177251,47.956367,0.000006,2.701455,0.000004,-0.523470,-0.000000,-0.019985,0.034625,8.001932,-8.001647
105.343010,47.996072,48.040811,0.000005,2.709444,0.000004,-0.523470,-0.000000,-0.019978,0.034611,8.001813,-8.001765
105.542902,47.814225,48.123804,0.000005,2.717431,0.000004,-0.523470,-0.000000,-0.019969,0.034595,8.001864,-8.001710
105.742794,47.631720,48.205343,0.000004,2.725413,0.000003,-0.523470,0.000000,-0.019957,0.034574,8.001910,-8.001658
105.942686,47.448570,48.285423,0.000003,2.733390,0.000003,-0.523470,-0.000002,-0.019942,0.034548,8.001790,-8.001771
106.142578,47.264788,48.364040,0.000003,2.741360,0.000003,-0.523471,-0.000004,-0.019925,0.034518,8.001871,-8.001682
106.342470,47.080386,48.441191,0.000002,2.749322,0.000002,-0.523471,0.000001,-0.019903,0.034479,8.001885,-8.001660
106.542361,46.895375,48.516871,0.000002,2.757275,0.000002,-0.523471,-0.000002,-0.019879,0.034437,8.001768,-8.001768
106.742253,46.709768,48.591079,0.000001,2.765218,0.000002,-0.523472,-0.000004,-0.019852,0.034389,8.001869,-8.001655
106.942145,46.523579,48.663811,0.000001,2.773148,0.000001,-0.523472,-0.000003,-0.019816,0.034328,8.001847,-8.001664
107.142037,46.336819,48.735066,0.000001,2.781064,0.000000,-0.523473,-0.000003,-0.019778,0.034260,8.001750,-8.001745
107.341929,46.149501,48.804842,0.000001,2.788962,-0.000000,-0.523474,-0.000003,-0.019734,0.034184,8.001853,-8.001623
107.541821,45.961639,48.873138,0.000001,2.796842,-0.000001,-0.523474,-0.000003,-0.019683,0.034095,8.001799,-8.001656
107.741713,45.773245,48.939954,0.000001,2.804701,-0.000002,-0.523475,-0.000004,-0.019628,0.034000,8.001721,-8.001711
107.941604,45.584333,49.005289,0.000002,2.812536,-0.000002,-0.523476,-0.000008,-0.019565,0.033890,8.001827,-8.001578
108.141496,45.394915,49.069145,0.000002,2.820344,-0.000003,-0.523477,-0.000003,-0.019494,0.033767,8.001743,-8.001635
108.341388,45.205006,49.131522,0.000003,2.828122,-0.000004,-0.523478,-0.000004,-0.019420,0.033637,8.001702,-8.001644
108.541280,45.014618,49.192424,0.000004,2.835869,-0.000005,-0.523479,-0.000007,-0.019334,0.033488,8.001787,-8.001525
108.741172,44.823765,49.251852,0.000005,2.843580,-0.000006,-0.523480,-0.000006,-0.019239,0.033323,8.001679,-8.001598
108.941064,44.632461,49.309810,0.000006,2.851252,-0.000006,-0.523482,-0.000007,-0.019142,0.033154,8.001670,-8.001567
109.140956,44.440718,49.366303,0.000007,2.858882,-0.000007,-0.523483,-0.000010,-0.019031,0.032963,8.001732,-8.001462
109.340847,44.248552,49.421335,0.000009,2.866466,-0.000008,-0.523485,-0.000009,-0.018911,0.032754,8.001608,-8.001541
109.540739,44.055975,49.474914,0.000011,2.874002,-0.000009,-0.523487,-0.000010,-0.018788,0.032542,8.001624,-8.001476
109.740631,43.863001,49.527044,0.000012,2.881485,-0.000010,-0.523489,-0.000009,-0.018649,0.032301,8.001660,-8.001388
109.940523,43.669643,49.577735,0.000014,2.888912,-0.000011,-0.523491,-0.000009,-0.018503,0.032047,8.001523,-8.001471
110.140415,43.475916,49.626993,0.000017,2.896278,-0.000012,-0.523493,-0.000010,-0.018352,0.031786,8.001575,-8.001363
110.340307,43.281833,49.674830,0.000019,2.903581,-0.000012,-0.523495,-0.000009,-0.018183,0.031494,8.001576,-8.001302
110.540199,43.087407,49.721254,0.000022,2.910817,-0.000013,-0.523497,-0.000011,-0.018012,0.031197,8.001448,-8.001367
110.740090,42.892652,49.766277,0.000024,2.917982,-0.000014,-0.523500,-0.000013,-0.017834,0.030889,8.001509,-8.001242
110.939982,42.697582,49.809911,0.000027,2.925072,-0.000015,-0.523502,-0.000013,-0.017635,0.030545,8.001479,-8.001204
111.139874,42.502208,49.852169,0.000030,2.932082,-0.000015,-0.523505,-0.000011,-0.017437,0.030201,8.001364,-8.001250
111.339766,42.306544,49.893063,0.000033,2.939012,-0.000016,-0.523507,-0.000008,-0.017229,0.029841,8.001433,-8.001112
111.539658,42.110604,49.932609,0.000037,2.945854,-0.000017,-0.523509,-0.000017,-0.017002,0.029448,8.001374,-8.001098
111.739550,41.914399,49.970823,0.000040,2.952607,-0.000017,-0.523513,-0.000014,-0.016779,0.029062,8.001274,-8.001121
111.939442,41.717942,50.007719,0.000044,2.959267,-0.000018,-0.523515,-0.000012,-0.016542,0.028652,8.001343,-8.000976
112.139333,41.521246,50.043316,0.000047,2.965830,-0.000018,-0.523518,-0.000012,-0.016288,0.028212,8.001257,-8.000985
112.339225,41.324322,50.077631,0.000051,2.972292,-0.000019,-0.523521,-0.000013,-0.016040,0.027783,8.001193,-8.000970
112.539117,41.127182,50.110683,0.000055,2.978652,-0.000019,-0.523524,-0.000017,-0.015774,0.027323,8.001248,-8.000838
112.739009,40.929837,50.142491,0.000058,2.984903,-0.000019,-0.523527,-0.000012,-0.015497,0.026843,8.001148,-8.000859
112.938901,40.732299,50.173076,0.000062,2.991045,-0.000020,-0.523529,-0.000013,-0.015228,0.026378,8.001108,-8.000818
113.138793,40.534579,50.202458,0.000066,2.997075,-0.000020,-0.523532,-0.000012,-0.014937,0.025875,8.001147,-8.000700
113.338685,40.336686,50.230658,0.000070,3.002988,-0.000020,-0.523535,-0.000015,-0.014639,0.025359,8.001036,-8.000730
113.538576,40.138632,50.257700,0.000074,3.008783,-0.000020,-0.523538,-0.000016,-0.014349,0.024857,8.001027,-8.000660
113.738468,39.940427,50.283605,0.000078,3.014457,-0.000020,-0.523541,-0.000012,-0.014035,0.024314,8.001044,-8.000564
113.938360,39.742078,50.308398,0.000082,3.020006,-0.000020,-0.523543,-0.000013,-0.013720,0.023769,8.000929,-8.000602
114.138252,39.543597,50.332102,0.000086,3.025431,-0.000019,-0.523546,-0.000012,-0.013412,0.023236,8.000943,-8.000511
114.338144,39.344992,50.354741,0.000090,3.030727,-0.000019,-0.523549,-0.000013,-0.013080,0.022661,8.000940,-8.000439
114.538036,39.146271,50.376342,0.000094,3.035892,-0.000019,-0.523551,-0.000013,-0.012753,0.022095,8.000837,-8.000468
114.737928,38.947442,50.396929,0.000097,3.040926,-0.000018,-0.523554,-0.000013,-0.012427,0.021532,8.000865,-8.000368
114.937820,38.748514,50.416528,0.000101,3.045827,-0.000018,-0.523556,-0.000013,-0.012082,0.020933,8.000842,-8.000321
115.137711,38.549493,50.435165,0.000104,3.050591,-0.000017,-0.523559,-0.000012,-0.011747,0.020355,8.000750,-8.000344
115.337603,38.350386,50.452867,0.000108,3.055222,-0.000016,-0.523562,-0.000013,-0.011411,0.019773,8.000789,-8.000238
115.537495,38.151201,50.469661,0.000111,3.059715,-0.000016,-0.523564,-0.000009,-0.011058,0.019162,8.000748,-8.000215
115.737387,37.951944,50.485573,0.000114,3.064070,-0.000015,-0.523566,-0.000011,-0.010720,0.018576,8.000677,-8.000224
115.937279,37.752620,50.500631,0.000117,3.068288,-0.000014,-0.523568,-0.000014,-0.010374,0.017978,8.000713,-8.000128
116.137171,37.553236,50.514862,0.000120,3.072365,-0.000013,-0.523571,-0.000009,-0.010016,0.017358,8.000661,-8.000124
116.337063,37.353796,50.528294,0.000122,3.076304,-0.000013,-0.523573,-0.000009,-0.009679,0.016774,8.000611,-8.000119
116.536954,37.154305,50.540954,0.000125,3.080105,-0.000012,-0.523575,-0.000010,-0.009330,0.016170,8.000645,-8.000033
116.736846,36.954769,50.552870,0.000127,3.083766,-0.000011,-0.523576,-0.000006,-0.008976,0.015556,8.000587,-8.000042
116.936738,36.755191,50.564068,0.000129,3.087290,-0.000010,-0.523578,-0.000007,-0.008643,0.014980,8.000560,-8.000022
117.136630,36.555576,50.574577,0.000131,3.090678,-0.000009,-0.523579,-0.000006,-0.008298,0.014382,8.000582,-7.999957
117.336522,36.355927,50.584424,0.000133,3.093928,-0.000008,-0.523581,-0.000009,-0.007951,0.013782,8.000522,-7.999976
117.536414,36.156247,50.593635,0.000134,3.097043,-0.000007,-0.523582,-0.000009,-0.007625,0.013217,8.000515,-7.999946
117.736306,35.956541,50.602237,0.000135,3.100025,-0.000006,-0.523583,-0.000001,-0.007284,0.012627,8.000526,-7.999899
117.936197,35.756810,50.610257,0.000137,3.102873,-0.000005,-0.523584,-0.000006,-0.006953,0.012053,8.000470,-7.999922
118.136089,35.557058,50.617721,0.000137,3.105591,-0.000004,-0.523586,-0.000006,-0.006639,0.011509,8.000475,-7.999888
118.335981,35.357286,50.624655,0.000138,3.108182,-0.000003,-0.523587,-0.000007,-0.006310,0.010940,8.000478,-7.999857
118.535873,35.157498,50.631084,0.000139,3.110644,-0.000002,-0.523588,-0.000004,-0.005997,0.010397,8.000429,-7.999881
118.735765,34.957694,50.637034,0.000139,3.112983,-0.000001,-0.523589,-0.000003,-0.005697,0.009877,8.000445,-7.999843
118.935657,34.757878,50.642529,0.000139,3.115200,-0.000000,-0.523589,-0.000004,-0.005385,0.009337,8.000438,-7.999829
119.135549,34.558050,50.647593,0.000139,3.117296,0.000001,-0.523590,-0.000003,-0.005094,0.008832,8.000400,-7.999848
119.335440,34.358213,50.652249,0.000139,3.119278,0.000001,-0.523591,-0.000004,-0.004812,0.008343,8.000417,-7.999815
119.535332,34.158367,50.656521,0.000139,3.121145,0.000002,-0.523591,0.000001,-0.004522,0.007842,8.000404,-7.999813
119.735224,33.958513,50.660430,0.000138,3.122901,0.000003,-0.523591,-0.000001,-0.004255,0.007378,8.000377,-7.999827
119.935116,33.758653,50.664000,0.000137,3.124551,0.000004,-0.523592,-0.000004,-0.003991,0.006922,8.000393,-7.999800
120.135008,33.558788,50.667250,0.000137,3.126095,0.000005,-0.523592,0.000001,-0.003726,0.006462,8.000376,-7.999808
120.334900,33.358918,50.670202,0.000136,3.127537,0.000006,-0.523592,-0.000001,-0.003485,0.006044,8.000359,-7.999816
120.534792,33.159044,50.672876,0.000134,3.128884,0.000007,-0.523593,-0.000004,-0.003245,0.005629,8.000373,-7.999797
120.734683,32.959166,50.675289,0.000133,3.130136,0.000007,-0.523593,0.000000,-0.003009,0.005220,8.000354,-7.999811
120.934575,32.759286,50.677462,0.000131,3.131297,0.000008,-0.523593,-0.000000,-0.002794,0.004848,8.000345,-7.999816
121.134467,32.559404,50.679411,0.000130,3.132372,0.000009,-0.523593,-0.000000,-0.002579,0.004475,8.000353,-7.999804
121.334359,32.359520,50.681153,0.000128,3.133364,0.000010,-0.523593,-0.000000,-0.002373,0.004118,8.000335,-7.999818
121.534251,32.159634,50.682706,0.000126,3.134276,0.000010,-0.523593,-0.000000,-0.002186,0.003794,8.000331,-7.999821
121.734143,31.959747,50.684083,0.000124,3.135114,0.000011,-0.523593,-0.000000,-0.001998,0.003467,8.000335,-7.999816
121.934035,31.759859,50.685301,0.000121,3.135879,0.000012,-0.523593,-0.000000,-0.001821,0.003161,8.000319,-7.999831
122.133926,31.559970,50.686372,0.000119,3.136576,0.000012,-0.523593,-0.000000,-0.001661,0.002883,8.000318,-7.999832
122.333818,31.360080,50.687311,0.000116,3.137209,0.000013,-0.523593,-0.000000,-0.001500,0.002604,8.000316,-7.999834
122.533710,31.160190,50.688129,0.000114,3.137780,0.000014,-0.523593,-0.000000,-0.001354,0.002352,8.000302,-7.999848
122.733602,30.960299,50.688839,0.000111,3.138296,0.000014,-0.523593,-0.000000,-0.001222,0.002122,8.000303,-7.999849
122.933494,30.760408,50.689450,0.000108,3.138759,0.000015,-0.523593,-0.000000,-0.001090,0.001893,8.000298,-7.999854
123.133386,30.560517,50.689975,0.000105,3.139172,0.000015,-0.523593,-0.000000,-0.000971,0.001686,8.000286,-7.999866
123.333278,30.360626,50.690421,0.000102,3.139539,0.000016,-0.523593,-0.000000,-0.000862,0.001497,8.000285,-7.999868
123.533169,30.160734,50.690799,0.000099,3.139863,0.000016,-0.523593,-0.000000,-0.000758,0.001316,8.000279,-7.999876
123.733061,29.960843,50.691115,0.000096,3.140149,0.000016,-0.523593,-0.000000,-0.000666,0.001157,8.000270,-7.999886
123.932953,29.760951,50.691378,0.000092,3.140398,0.000017,-0.523593,-0.000000,-0.000581,0.001009,8.000267,-7.999889
124.132845,29.561059,50.691595,0.000089,3.140615,0.000017,-0.523593,-0.000000,-0.000501,0.000871,8.000258,-7.999898
124.332737,29.361167,50.691771,0.000086,3.140802,0.000017,-0.523593,-0.000000,-0.000433,0.000752,8.000250,-7.999906
124.532629,29.161276,50.691913,0.000082,3.140963,0.000017,-0.523593,-0.000000,-0.000369,0.000641,8.000246,-7.999910
124.732521,28.961384,50.692024,0.000079,3.141099,0.000017,-0.523593,-0.000000,-0.000311,0.000540,8.000238,-7.999918
124.932413,28.761492,50.692111,0.000075,3.141214,0.000018,-0.523593,-0.000000,-0.000263,0.000456,8.000230,-7.999926
125.132304,28.561600,50.692177,0.000072,3.141310,0.000018,-0.523593,-0.000000,-0.000218,0.000378,8.000223,-7.999932
125.332196,28.361708,50.692225,0.000068,3.141389,0.000018,-0.523593,-0.000000,-0.000177,0.000306,8.000214,-7.999939
125.532088,28.161816,50.692259,0.000065,3.141453,0.000017,-0.523593,0.000000,-0.000144,0.000249,8.000207,-7.999945
125.731980,27.961925,50.692282,0.000061,3.141505,0.000017,-0.523593,-0.000000,-0.000116,0.000199,8.000199,-7.999953
125.931872,27.762033,50.692295,0.000058,3.141546,0.000017,-0.523593,0.000000,-0.000091,0.000156,8.000191,-7.999961
126.131764,27.562141,50.692301,0.000054,3.141578,0.000017,-0.523593,-0.000000,-0.000071,0.000119,8.000183,-7.999966
126.331656,27.362249,50.692302,0.000051,3.141602,0.000016,-0.523593,-0.000004,-0.000052,0.000087,8.000175,-7.999972
126.531547,27.162357,50.692298,0.000048,3.141619,0.000016,-0.523594,-0.000001,-0.000039,0.000063,8.000167,-7.999979
126.731439,26.962465,50.692291,0.000044,3.141632,0.000016,-0.523594,0.000000,-0.000028,0.000044,8.000158,-7.999984
126.931331,26.762573,50.692282,0.000041,3.141641,0.000015,-0.523594,-0.000000,-0.000019,0.000028,8.000151,-7.999990
127.131223,26.562682,50.692272,0.000038,3.141646,0.000015,-0.523594,0.000000,-0.000012,0.000016,8.000145,-7.999995
127.331115,26.362790,50.692261,0.000035,3.141649,0.000014,-0.523594,-0.000000,-0.000006,0.000006,8.000137,-8.000000
127.531007,26.162898,50.692250,0.000033,3.141649,0.000014,-0.523594,-0.000000,-0.000002,-0.000002,8.000130,-8.000004
127.730899,25.963006,50.692239,0.000030,3.141649,0.000013,-0.523594,0.000000,0.000000,-0.000006,8.000123,-8.000009
127.930790,25.763114,50.692228,0.000027,3.141647,0.000013,-0.523594,-0.000000,0.000001,-0.000008,8.000117,-8.000013
128.130682,25.563222,50.692217,0.000025,3.141646,0.000012,-0.523594,0.000000,0.000003,-0.000010,8.000111,-8.000016
128.330574,25.363330,50.692207,0.000023,3.141643,0.000012,-0.523594,-0.000000,0.000004,-0.000012,8.000107,-8.000019
128.530466,25.163439,50.692197,0.000020,3.141641,0.000011,-0.523594,0.000001,0.000004,-0.000013,8.000101,-8.000023
128.730358,24.963547,50.692187,0.000018,3.141638,0.000010,-0.523594,-0.000004,0.000003,-0.000011,8.000096,-8.000025
128.930250,24.763655,50.692179,0.000016,3.141636,0.000010,-0.523595,-0.000002,0.000002,-0.000009,8.000091,-8.000027
129.130142,24.563763,50.692170,0.000014,3.141635,0.000009,-0.523595,0.000001,0.000002,-0.000008,8.000087,-8.000029
129.330033,24.363871,50.692162,0.000012,3.141633,0.000009,-0.523595,-0.000000,0.000002,-0.000008,8.000082,-8.000031
129.529925,24.163979,50.692154,0.000011,3.141631,0.000008,-0.523595,0.000000,0.000002,-0.000008,8.000078,-8.000033
129.729817,23.964087,50.692146,0.000009,3.141630,0.000008,-0.523595,-0.000000,0.000001,-0.000006,8.000074,-8.000035
129.929709,23.764196,50.692139,0.000007,3.141629,0.000008,-0.523595,0.000000,0.000001,-0.000006,8.000071,-8.000037
130.129601,23.564304,50.692132,0.000006,3.141628,0.000007,-0.523595,0.000000,0.000001,-0.000005,8.000066,-8.000039
130.329493,23.364412,50.692125,0.000005,3.141627,0.000007,-0.523595,-0.000000,0.000001,-0.000005,8.000062,-8.000040
130.529385,23.164520,50.692118,0.000003,3.141626,0.000006,-0.523595,0.000000,0.000001,-0.000005,8.000058,-8.000041
130.729276,22.964628,50.692111,0.000002,3.141625,0.000006,-0.523595,-0.000000,0.000001,-0.000005,8.000054,-8.000042
130.929168,22.764736,50.692105,0.000001,3.141624,0.000006,-0.523595,0.000001,0.000000,-0.000003,8.000051,-8.000044
131.129060,22.564844,50.692099,-0.000000,3.141624,0.000005,-0.523595,-0.000002,0.000001,-0.000005,8.000048,-8.000046
131.328952,22.364952,50.692093,-0.000001,3.141622,0.000005,-0.523596,-0.000004,0.000002,-0.000007,8.000044,-8.000047
131.528844,22.165061,50.692087,-0.000002,3.141621,0.000005,-0.523596,0.000001,0.000002,-0.000006,8.000041,-8.000049
131.728736,21.965169,50.692081,-0.000003,3.141620,0.000005,-0.523596,-0.000000,0.000002,-0.000005,8.000037,-8.000050
131.928628,21.765277,50.692076,-0.000004,3.141619,0.000004,-0.523596,0.000000,0.000002,-0.000006,8.000034,-8.000051
132.128519,21.565385,50.692071,-0.000005,3.141617,0.000004,-0.523596,-0.000000,0.000002,-0.000007,8.000031,-8.000052
132.328411,21.365493,50.692066,-0.000006,3.141616,0.000004,-0.523596,0.000000,0.000002,-0.000006,8.000028,-8.000052
132.528303,21.165601,50.692062,-0.000007,3.141615,0.000004,-0.523596,-0.000000,0.000001,-0.000004,8.000026,-8.000053
132.728195,20.965709,50.692057,-0.000007,3.141614,0.000003,-0.523596,0.000000,0.000002,-0.000005,8.000023,-8.000054
132.928087,20.765818,50.692053,-0.000008,3.141613,0.000003,-0.523596,-0.000000,0.000002,-0.000006,8.000020,-8.000054
133.127979,20.565926,50.692049,-0.000008,3.141611,0.000003,-0.523596,0.000000,0.000003,-0.000007,8.000018,-8.000054
133.327871,20.366034,50.692045,-0.000009,3.141610,0.000003,-0.523596,-0.000000,0.000002,-0.000006,8.000017,-8.000055
133.527762,20.166142,50.692042,-0.000009,3.141609,0.000002,-0.523596,0.000000,0.000002,-0.000005,8.000015,-8.000055
133.727654,19.966250,50.692039,-0.000010,3.141608,0.000002,-0.523596,-0.000000,0.000001,-0.000004,8.000013,-8.000055
133.927546,19.766358,50.692036,-0.000010,3.141607,0.000002,-0.523596,0.000000,0.000002,-0.000005,8.000011,-8.000055
134.127438,19.566466,50.692033,-0.000011,3.141606,0.000002,-0.523596,-0.000000,0.000002,-0.000005,8.000010,-8.000054
134.327330,19.366575,50.692031,-0.000011,3.141605,0.000002,-0.523597,-0.000005,0.000001,-0.000004,8.000009,-8.000054
134.527222,19.166683,50.692028,-0.000011,3.141604,0.000001,-0.523597,-0.000000,0.000001,-0.000003,8.000008,-8.000054
134.727114,18.966791,50.692026,-0.000012,3.141604,0.000001,-0.523597,0.000000,0.000001,-0.000003,8.000007,-8.000053
134.927006,18.766899,50.692024,-0.000012,3.141603,0.000001,-0.523597,-0.000000,0.000001,-0.000002,8.000007,-8.000052
135.126897,18.567007,50.692022,-0.000012,3.141603,0.000001,-0.523597,0.000000,-0.000000,-0.000001,8.000006,-8.000052
135.326789,18.367115,50.692020,-0.000012,3.141603,0.000001,-0.523597,-0.000000,-0.000000,-0.000000,8.000004,-8.000052
135.526681,18.167223,50.692018,-0.000012,3.141602,0.000001,-0.523597,0.000000,0.000001,-0.000002,8.000003,-8.000052
135.726573,17.967332,50.692016,-0.000012,3.141602,0.000001,-0.523597,-0.000000,0.000001,-0.000002,8.000002,-8.000050
135.926465,17.767440,50.692014,-0.000013,3.141602,0.000001,-0.523597,0.000000,0.000000,-0.000001,8.000001,-8.000049
136.126357,17.567548,50.692012,-0.000013,3.141601,0.000001,-0.523597,-0.000000,0.000000,-0.000001,8.000000,-8.000049
136.326249,17.367656,50.692011,-0.000013,3.141601,0.000000,-0.523597,0.000000,-0.000000,-0.000000,7.999999,-8.000049
136.526140,17.167764,50.692009,-0.000013,3.141601,0.000000,-0.523597,-0.000000,-0.000000,-0.000000,7.999998,-8.000049
136.726032,16.967872,50.692007,-0.000013,3.141601,0.000000,-0.523597,0.000000,0.000001,-0.000002,7.999997,-8.000048
136.925924,16.767980,50.692006,-0.000013,3.141601,0.000000,-0.523597,-0.000000,0.000000,-0.000001,7.999996,-8.000048
137.125816,16.568089,50.692004,-0.000013,3.141600,0.000000,-0.523597,0.000000,0.000000,-0.000001,7.999995,-8.000048
137.325708,16.368197,50.692003,-0.000013,3.141600,0.000000,-0.523597,-0.000000,0.000002,-0.000003,7.999994,-8.000047
137.525600,16.168305,50.692001,-0.000013,3.141599,0.000000,-0.523597,0.000000,0.000001,-0.000003,7.999994,-8.000048
137.725492,15.968413,50.692000,-0.000013,3.141599,0.000000,-0.523597,-0.000000,-0.000000,-0.000000,7.999994,-8.000047
137.925383,15.768521,50.691999,-0.000013,3.141599,0.000000,-0.523597,0.000000,-0.000000,-0.000000,7.999993,-8.000046
138.125275,15.568629,50.691997,-0.000013,3.141599,0.000000,-0.523597,-0.000000,0.000001,-0.000002,7.999993,-8.000046
138.325167,15.368737,50.691996,-0.000013,3.141598,-0.000000,-0.523597,0.000001,0.000001,-0.000002,7.999992,-8.000045
138.525059,15.168846,50.691995,-0.000013,3.141598,-0.000000,-0.523597,-0.000003,0.000001,-0.000002,7.999991,-8.000045
138.724951,14.968954,50.691994,-0.000013,3.141598,-0.000000,-0.523598,-0.000003,0.000001,-0.000002,7.999991,-8.000045
138.924843,14.769062,50.691993,-0.000013,3.141597,-0.000000,-0.523598,0.000001,0.000001,-0.000002,7.999991,-8.000044
139.124735,14.569170,50.691992,-0.000013,3.141597,-0.000000,-0.523598,-0.000000,0.000000,-0.000001,7.999991,-8.000043
139.324626,14.369278,50.691991,-0.000013,3.141597,-0.000000,-0.523598,0.000000,0.000000,-0.000001,7.999990,-8.000043
139.524518,14.169386,50.691991,-0.000013,3.141596,-0.000000,-0.523598,-0.000000,0.000002,-0.000004,7.999989,-8.000042
139.724410,13.969494,50.691990,-0.000013,3.141596,-0.000000,-0.523598,0.000000,0.000000,-0.000001,7.999989,-8.000041
139.924302,13.769603,50.691989,-0.000013,3.141596,-0.000000,-0.523598,-0.000000,-0.000001,0.000000,7.999989,-8.000041
140.124194,13.569711,50.691989,-0.000013,3.141595,-0.000000,-0.523598,0.000000,0.000002,-0.000003,7.999988,-8.000041
140.324086,13.369819,50.691988,-0.000013,3.141595,-0.000000,-0.523598,-0.000000,0.000001,-0.000002,7.999988,-8.000040
140.523978,13.169927,50.691988,-0.000013,3.141595,-0.000001,-0.523598,0.000000,0.000000,-0.000001,7.999988,-8.000038
140.723869,12.970035,50.691988,-0.000013,3.141594,-0.000001,-0.523598,-0.000000,0.000001,-0.000002,7.999988,-8.000038
140.923761,12.770143,50.691987,-0.000012,3.141594,-0.000001,-0.523598,0.000000,-0.000000,0.000000,7.999988,-8.000038
141.123653,12.570251,50.691987,-0.000012,3.141594,-0.000001,-0.523598,-0.000000,-0.000001,0.000002,7.999988,-8.000037
141.323545,12.370359,50.691987,-0.000012,3.141594,-0.000001,-0.523598,0.000000,0.000001,-0.000001,7.999987,-8.000036
141.523437,12.170468,50.691986,-0.000012,3.141594,-0.000001,-0.523598,-0.000000,0.000001,-0.000002,7.999987,-8.000035
141.723329,11.970576,50.691986,-0.000012,3.141594,-0.000001,-0.523598,0.000000,-0.000000,0.000000,7.999987,-8.000035
141.923221,11.770684,50.691986,-0.000012,3.141594,-0.000001,-0.523598,-0.000000,-0.000000,0.000000,7.999988,-8.000034
142.123112,11.570792,50.691985,-0.000012,3.141594,-0.000001,-0.523598,0.000000,-0.000000,0.000000,7.999987,-8.000035
142.323004,11.370900,50.691985,-0.000012,3.141594,-0.000001,-0.523598,-0.000000,-0.000000,0.000000,7.999988,-8.000033
142.522896,11.171008,50.691985,-0.000011,3.141594,-0.000001,-0.523598,0.000000,-0.000000,0.000000,7.999988,-8.000032
142.722788,10.971116,50.691984,-0.000011,3.141594,-0.000001,-0.523598,-0.000000,0.000000,-0.000001,7.999988,-8.000032
142.922680,10.771225,50.691984,-0.000011,3.141594,-0.000001,-0.523598,0.000000,0.000001,-0.000002,7.999988,-8.000031
143.122572,10.571333,50.691984,-0.000011,3.141593,-0.000001,-0.523598,-0.000000,0.000000,-0.000001,7.999987,-8.000031
143.322464,10.371441,50.691984,-0.000011,3.141593,-0.000001,-0.523598,0.000000,-0.000000,0.000000,7.999987,-8.000031
143.522355,10.171549,50.691984,-0.000011,3.141593,-0.000001,-0.523598,0.000000,-0.000000,0.000000,7.999987,-8.000030
143.722247,9.971657,50.691984,-0.000010,3.141594,-0.000001,-0.523598,0.000000,-0.000000,0.000000,7.999987,-8.000029
143.922139,9.771765,50.691983,-0.000010,3.141594,-0.000001,-0.523598,-0.000000,0.000000,-0.000000,7.999987,-8.000029
144.122031,9.571873,50.691983,-0.000010,3.141593,-0.000001,-0.523598,-0.000000,0.000001,-0.000001,7.999988,-8.000028
144.321923,9.371982,50.691983,-0.000010,3.141593,-0.000001,-0.523598,-0.000000,0.000001,-0.000001,7.999988,-8.000027
144.521815,9.172090,50.691983,-0.000010,3.141593,-0.000001,-0.523598,0.000000,0.000000,-0.000001,7.999988,-8.000026
144.721707,8.972198,50.691983,-0.000009,3.141593,-0.000001,-0.523598,-0.000000,-0.000000,0.000000,7.999988,-8.000025
144.921599,8.772306,50.691983,-0.000009,3.141593,-0.000001,-0.523598,0.000000,-0.000000,0.000000,7.999989,-8.000025
145.121490,8.572414,50.691983,-0.000009,3.141593,-0.000001,-0.523598,-0.000000,0.000000,-0.000000,7.999989,-8.000025
145.321382,8.372522,50.691983,-0.000009,3.141593,-0.000001,-0.523598,0.000000,0.000001,-0.000001,7.999989,-8.000025
145.521274,8.172630,50.691983,-0.000009,3.141592,-0.000001,-0.523598,-0.000000,0.000000,-0.000001,7.999989,-8.000023
145.721166,7.972739,50.691983,-0.000009,3.141592,-0.000001,-0.523598,0.000000,-0.000000,0.000000,7.999989,-8.000023
145.921058,7.772847,50.691983,-0.000008,3.141592,-0.000001,-0.523598,-0.000000,-0.000000,0.000000,7.999989,-8.000023
146.120950,7.572955,50.691983,-0.000008,3.141592,-0.000001,-0.523598,0.000000,-0.000000,0.000000,7.999989,-8.000021
146.320842,7.373063,50.691983,-0.000008,3.141592,-0.000001,-0.523598,-0.000000,-0.000000,0.000000,7.999990,-8.000021
146.520733,7.173171,50.691983,-0.000008,3.141592,-0.000001,-0.523598,0.000000,-0.000000,0.000000,7.999990,-8.000022
146.720625,6.973279,50.691983,-0.000008,3.141592,-0.000001,-0.523598,-0.000000,0.000001,-0.000001,7.999989,-8.000021
146.920517,6.773387,50.691983,-0.000007,3.141592,-0.000001,-0.523598,0.000000,0.000001,-0.000002,7.999990,-8.000020
147.120409,6.573496,50.691984,-0.000007,3.141592,-0.000001,-0.523598,-0.000000,0.000000,-0.000001,7.999991,-8.000019
147.320301,6.373604,50.691984,-0.000007,3.141592,-0.000001,-0.523598,0.000000,-0.000000,0.000000,7.999991,-8.000019
147.520193,6.173712,50.691984,-0.000007,3.141592,-0.000001,-0.523598,-0.000000,-0.000000,0.000000,7.999991,-8.000019
147.720085,5.973820,50.691984,-0.000007,3.141592,-0.000001,-0.523598,0.000000,-0.000000,0.000000,7.999992,-8.000018
147.919976,5.773928,50.691985,-0.000006,3.141592,-0.000001,-0.523598,-0.000000,-0.000000,0.000000,7.999992,-8.000018
148.119868,5.574036,50.691985,-0.000006,3.141592,-0.000001,-0.523598,0.000001,-0.000000,0.000000,7.999992,-8.000017
148.319760,5.374144,50.691985,-0.000006,3.141592,-0.000001,-0.523598,-0.000002,0.000000,0.000000,7.999992,-8.000016
148.519652,5.174253,50.691985,-0.000006,3.141592,-0.000001,-0.523599,-0.000004,-0.000000,0.000001,7.999993,-8.000015
148.719544,4.974361,50.691985,-0.000005,3.141592,-0.000001,-0.523599,0.000001,-0.000001,0.000001,7.999994,-8.000014
148.919436,4.774469,50.691985,-0.000005,3.141592,-0.000001,-0.523599,-0.000000,0.000000,-0.000000,7.999994,-8.000014
149.119328,4.574577,50.691985,-0.000005,3.141592,-0.000001,-0.523599,0.000000,0.000001,-0.000001,7.999994,-8.000014
149.319219,4.374685,50.691986,-0.000005,3.141592,-0.000001,-0.523599,-0.000000,0.000000,-0.000000,7.999994,-8.000013
149.519111,4.174793,50.691986,-0.000005,3.141592,-0.000001,-0.523599,0.000000,-0.000000,0.000000,7.999994,-8.000012
149.719003,3.974901,50.691986,-0.000004,3.141592,-0.000001,-0.523599,-0.000000,0.000000,0.000000,7.999994,-8.000012
149.918895,3.775010,50.691986,-0.000004,3.141592,-0.000001,-0.523599,0.000000,0.000000,0.000000,7.999994,-8.000012
150.118787,3.575118,50.691986,-0.000004,3.141592,-0.000001,-0.523599,-0.000000,-0.000000,0.000001,7.999995,-8.000011
150.318679,3.375226,50.691986,-0.000004,3.141592,-0.000001,-0.523599,0.000000,-0.000001,0.000001,7.999995,-8.000011
150.518571,3.175334,50.691987,-0.000004,3.141592,-0.000001,-0.523599,-0.000000,0.000000,-0.000001,7.999996,-8.000010
150.718462,2.975442,50.691987,-0.000003,3.141592,-0.000001,-0.523599,0.000000,0.000001,-0.000001,7.999996,-8.000010
150.918354,2.775550,50.691987,-0.000003,3.141592,-0.000001,-0.523599,-0.000000,0.000000,-0.000000,7.999996,-8.000010
151.118246,2.575658,50.691987,-0.000003,3.141592,-0.000001,-0.523599,0.000000,0.000001,-0.000002,7.999997,-8.000009
151.318138,2.375766,50.691987,-0.000003,3.141591,-0.000001,-0.523599,-0.000000,0.000001,-0.000001,7.999997,-8.000009
151.518030,2.175875,50.691988,-0.000003,3.141591,-0.000001,-0.523599,0.000000,-0.000001,0.000002,7.999998,-8.000008
151.717922,1.975983,50.691988,-0.000003,3.141592,-0.000001,-0.523599,0.000000,-0.000001,0.000001,7.999998,-8.000008
151.917814,1.776091,50.691988,-0.000002,3.141592,-0.000001,-0.523599,-0.000000,0.000001,-0.000001,7.999997,-8.000007
152.117705,1.576199,50.691988,-0.000002,3.141591,-0.000001,-0.523599,-0.000000,0.000001,-0.000003,7.999998,-8.000006
152.317597,1.376307,50.691988,-0.000002,3.141591,-0.000001,-0.523599,-0.000000,0.000001,-0.000001,7.999998,-8.000006
152.517489,1.176415,50.691989,-0.000002,3.141591,-0.000001,-0.523599,0.000000,-0.000000,0.000000,7.999998,-8.000006
152.717381,0.976523,50.691989,-0.000002,3.141591,-0.000001,-0.523599,0.000000,-0.000000,0.000000,7.999999,-8.000005
152.917273,0.776632,50.691989,-0.000001,3.141591,-0.000001,-0.523599,0.000000,-0.000000,0.000000,7.999999,-8.000005
153.117165,0.576740,50.691990,-0.000001,3.141591,-0.000001,-0.523599,0.000000,-0.000000,0.000000,7.999999,-8.000005
153.317057,0.376848,50.691990,-0.000001,3.141591,-0.000001,-0.523599,0.000000,-0.000000,0.000000,8.000000,-8.000004
153.516949,0.176956,50.691990,-0.000001,3.141591,-0.000001,-0.523599,0.000000,-0.000000,0.000000,8.000000,-8.000004
153.716840,-0.022936,50.691991,-0.000001,3.141591,-0.000001,-0.523599,0.000000,-0.000000,0.000000,8.000001,-8.000003
153.916732,-0.222828,50.691991,-0.000000,3.141591,-0.000001,-0.523599,0.000000,-0.000000,0.000000,8.000001,-8.000003
154.116624,-0.422720,50.691991,-0.000000,3.141591,-0.000001,-0.523599,0.000000,-0.000000,0.000000,8.000001,-8.000003
154.316516,-0.622611,50.691992,0.000000,3.141591,-0.000001,-0.523599,0.000000,-0.000000,-0.000000,8.000002,-8.000002
154.516408,-0.822503,50.691992,0.000000,3.141591,-0.000001,-0.523599,0.000000,-0.000000,-0.000000,8.000003,-8.000001
154.716300,-1.022395,50.691992,0.000001,3.141591,-0.000001,-0.523599,0.000000,-0.000000,-0.000000,8.000003,-8.000001
154.916192,-1.222287,50.691993,0.000001,3.141591,-0.000001,-0.523599,0.000000,-0.000000,-0.000000,8.000004,-8.000000
155.116083,-1.422179,50.691993,0.000001,3.141591,-0.000001,-0.523599,0.000000,-0.000000,-0.000000,8.000004,-8.000000
155.315975,-1.622071,50.691993,0.000001,3.141591,-0.000001,-0.523599,0.000000,-0.000000,-0.000000,8.000005,-7.999999
155.515867,-1.821963,50.691994,0.000001,3.141591,-0.000001,-0.523599,0.000000,-0.000000,-0.000000,8.000005,-7.999999
155.715759,-2.021854,50.691994,0.000002,3.141591,-0.000001,-0.523599,0.000000,-0.000000,-0.000000,8.000005,-7.999998
155.915651,-2.221746,50.691994,0.000002,3.141591,-0.000001,-0.523599,0.000000,-0.000000,-0.000000,8.000005,-7.999997
156.115543,-2.421638,50.691995,0.000002,3.141591,-0.000001,-0.523599,0.000000,-0.000000,-0.000000,8.000005,-7.999997
156.315435,-2.621530,50.691995,0.000002,3.141591,-0.000001,-0.523599,0.000000,-0.000000,-0.000000,8.000006,-7.999996
156.515326,-2.821422,50.691995,0.000003,3.141591,-0.000001,-0.523599,-0.000000,-0.000000,-0.000000,8.000006,-7.999996
156.715218,-3.021314,50.691996,0.000003,3.141591,-0.000001,-0.523599,-0.000000,-0.000000,-0.000000,8.000006,-7.999996
156.915110,-3.221206,50.691996,0.000003,3.141591,-0.000001,-0.523599,-0.000000,-0.000000,-0.000000,8.000007,-7.999995
157.115002,-3.421097,50.691996,0.000003,3.141591,-0.000001,-0.523599,-0.000000,0.000000,-0.000000,8.000007,-7.999995
157.314894,-3.620989,50.691997,0.000003,3.141591,-0.000001,-0.523599,-0.000000,0.000000,-0.000000,8.000008,-7.999994
157.514786,-3.820881,50.691997,0.000004,3.141591,-0.000001,-0.523599,-0.000000,0.000000,-0.000000,8.000008,-7.999994
157.714678,-4.020773,50.691997,0.000004,3.141591,-0.000001,-0.523599,-0.000000,0.000000,-0.000000,8.000008,-7.999994
157.914569,-4.220665,50.691998,0.000004,3.141591,-0.000001,-0.523599,0.000000,0.000000,-0.000000,8.000009,-7.999993
158.114461,-4.420557,50.691998,0.000004,3.141591,-0.000001,-0.523599,0.000000,0.000000,-0.000000,8.000010,-7.999992
158.314353,-4.620449,50.691998,0.000005,3.141591,-0.000001,-0.523599,-0.000000,0.000000,-0.000000,8.000011,-7.999991
158.514245,-4.820340,50.691999,0.000005,3.141591,-0.000001,-0.523599,-0.000000,0.000000,-0.000000,8.000011,-7.999991
158.714137,-5.020232,50.691999,0.000005,3.141591,-0.000001,-0.523599,-0.000000,0.000000,-0.000000,8.000011,-7.999991
158.914029,-5.220124,50.691999,0.000005,3.141591,-0.000001,-0.523599,-0.000000,0.000000,-0.000000,8.000012,-7.999990
159.113921,-5.420016,50.692000,0.000006,3.141591,-0.000001,-0.523599,-0.000000,0.000000,-0.000000,8.000012,-7.999990
159.313812,-5.619908,50.692000,0.000006,3.141591,-0.000001,-0.523599,-0.000000,0.000000,-0.000000,8.000013,-7.999989
159.513704,-5.819800,50.692001,0.000006,3.141591,-0.000001,-0.523599,-0.000000,0.000000,-0.000000,8.000013,-7.999989
159.713596,-6.019692,50.692001,0.000006,3.141591,-0.000001,-0.523599,-0.000000,0.000000,-0.000000,8.000014,-7.999988
159.913488,-6.219583,50.692001,0.000007,3.141591,-0.000001,-0.523599,-0.000000,0.000000,-0.000000,8.000014,-7.999988
160.113380,-6.419475,50.692002,0.000007,3.141591,-0.000001,-0.523599,-0.000000,0.000000,-0.000000,8.000014,-7.999988
160.313272,-6.619367,50.692002,0.000007,3.141591,-0.000001,-0.523599,-0.000000,0.000000,-0.000000,8.000015,-7.999987
160.513164,-6.819259,50.692002,0.000007,3.141591,-0.000001,-0.523599,-0.000000,0.000000,-0.000000,8.000015,-7.999987
160.713055,-7.019151,50.692003,0.000007,3.141591,-0.000001,-0.523599,-0.000000,0.000000,-0.000000,8.000016,-7.999986
160.912947,-7.219043,50.692003,0.000008,3.141591,-0.000001,-0.523599,-0.000000,0.000000,-0.000000,8.000016,-7.999986
161.112839,-7.418935,50.692004,0.000008,3.141591,-0.000001,-0.523599,-0.000000,0.000000,-0.000000,8.000017,-7.999985
161.312731,-7.618827,50.692004,0.000008,3.141591,-0.000001,-0.523599,-0.000000,0.000000,-0.000000,8.000017,-7.999985
161.512623,-7.818718,50.692004,0.000008,3.141591,-0.000001,-0.523599,-0.000000,0.000000,-0.000000,8.000018,-7.999984
161.712515,-8.018610,50.692005,0.000009,3.141591,-0.000001,-0.523599,-0.000000,0.000000,-0.000000,8.000017,-7.999983
161.912407,-8.218502,50.692005,0.000009,3.141590,-0.000001,-0.523599,-0.000000,0.000000,-0.000000,8.000018,-7.999982
162.112298,-8.418394,50.692006,0.000009,3.141590,-0.000001,-0.523599,-0.000000,0.000000,-0.000000,8.000018,-7.999982
162.312190,-8.618286,50.692006,0.000009,3.141590,-0.000001,-0.523599,-0.000000,0.000000,-0.000000,8.000019,-7.999981
162.512082,-8.818178,50.692007,0.000010,3.141590,-0.000001,-0.523599,-0.000000,0.000000,-0.000000,8.000019,-7.999981
162.711974,-9.018070,50.692007,0.000010,3.141590,-0.000001,-0.523599,-0.000000,0.000000,-0.000000,8.000020,-7.999980
162.911866,-9.217961,50.692008,0.000010,3.141590,-0.000001,-0.523599,-0.000000,0.000000,-0.000000,8.000020,-7.999980
163.111758,-9.417853,50.692008,0.000010,3.141590,-0.000001,-0.523599,-0.000000,0.000000,-0.000000,8.000021,-7.999979
163.311650,-9.617745,50.692008,0.000011,3.141590,-0.000001,-0.523599,-0.000000,0.000000,-0.000000,8.000021,-7.999979
163.511542,-9.817637,50.692009,0.000011,3.141590,-0.000001,-0.523599,-0.000000,0.000000,-0.000000,8.000022,-7.999978
163.711433,-10.017529,50.692009,0.000011,3.141590,-0.000001,-0.523599,-0.000000,0.000000,-0.000000,8.000022,-7.999978
163.911325,-10.217421,50.692010,0.000011,3.141590,-0.000001,-0.523599,0.000000,0.000000,-0.000000,8.000023,-7.999977
164.111217,-10.417313,50.692010,0.000012,3.141590,-0.000001,-0.523599,0.000000,-0.000000,-0.000000,8.000024,-7.999976
164.311109,-10.617204,50.692011,0.000012,3.141590,-0.000001,-0.523599,0.000000,-0.000000,-0.000000,8.000024,-7.999976
164.511001,-10.817096,50.692011,0.000012,3.141590,-0.000001,-0.523599,0.000000,-0.000000,-0.000000,8.000025,-7.999975
164.710893,-11.016988,50.692012,0.000013,3.141590,-0.000001,-0.523599,0.000000,-0.000000,-0.000000,8.000025,-7.999975
164.910785,-11.216880,50.692012,0.000013,3.141590,-0.000001,-0.523599,0.000000,-0.000000,-0.000000,8.000026,-7.999974
165.110676,-11.416772,50.692013,0.000013,3.141590,-0.000001,-0.523599,0.000000,-0.000000,-0.000000,8.000026,-7.999974
165.310568,-11.616664,50.692014,0.000013,3.141590,-0.000002,-0.523599,0.000000,-0.000000,-0.000000,8.000027,-7.999973
165.510460,-11.816556,50.692014,0.000014,3.141590,-0.000002,-0.523599,0.000000,-0.000000,-0.000000,8.000028,-7.999972
165.710352,-12.016447,50.692015,0.000014,3.141590,-0.000002,-0.523599,0.000000,-0.000000,-0.000000,8.000028,-7.999972
165.910244,-12.216339,50.692015,0.000014,3.141590,-0.000002,-0.523599,0.000000,-0.000000,-0.000000,8.000029,-7.999971
166.110136,-12.416231,50.692016,0.000015,3.141590,-0.000002,-0.523599,0.000000,-0.000000,-0.000000,8.000030,-7.999970
166.310028,-12.616123,50.692016,0.000015,3.141590,-0.000002,-0.523599,0.000000,-0.000000,-0.000000,8.000030,-7.999970
166.509919,-12.816015,50.692017,0.000015,3.141590,-0.000002,-0.523599,0.000000,-0.000000,-0.000000,8.000031,-7.999969
166.709811,-13.015907,50.692017,0.000016,3.141590,-0.000002,-0.523599,0.000000,-0.000000,-0.000000,8.000032,-7.999968
166.909703,-13.215799,50.692018,0.000016,3.141590,-0.000002,-0.523599,0.000000,-0.000000,-0.000000,8.000032,-7.999968
167.109595,-13.415690,50.692019,0.000017,3.141590,-0.000002,-0.523599,0.000000,-0.000000,-0.000000,8.000033,-7.999967
167.309487,-13.615582,50.692019,0.000017,3.141590,-0.000002,-0.523599,0.000000,-0.000000,-0.000000,8.000034,-7.999966
167.509379,-13.815474,50.692020,0.000017,3.141590,-0.000002,-0.523599,0.000000,-0.000000,-0.000000,8.000034,-7.999966
167.709271,-14.015366,50.692020,0.000018,3.141590,-0.000002,-0.523599,0.000000,-0.000000,-0.000000,8.000035,-7.999965
167.909162,-14.215258,50.692021,0.000018,3.141590,-0.000002,-0.523599,-0.000000,0.000001,-0.000001,8.000036,-7.999964
168.109054,-14.415150,50.692022,0.000019,3.141589,-0.000002,-0.523599,-0.000000,0.000001,-0.000003,8.000037,-7.999963
168.308946,-14.615042,50.692022,0.000019,3.141589,-0.000002,-0.523599,-0.000000,0.000000,-0.000001,8.000038,-7.999962
168.508838,-14.814933,50.692023,0.000020,3.141588,-0.000002,-0.523599,0.000000,-0.000000,-0.000000,8.000038,-7.999962
168.708730,-15.014825,50.692024,0.000020,3.141588,-0.000002,-0.523599,0.000000,-0.000000,-0.000000,8.000039,-7.999961
168.908622,-15.214717,50.692025,0.000020,3.141588,-0.000002,-0.523599,0.000000,-0.000000,-0.000000,8.000040,-7.999960
169.108514,-15.414609,50.692026,0.000021,3.141588,-0.000002,-0.523599,0.000000,-0.000000,-0.000000,8.000041,-7.999959
169.308405,-15.614501,50.692027,0.000021,3.141588,-0.000002,-0.523599,-0.000000,0.000000,-0.000000,8.000042,-7.999958
169.508297,-15.814393,50.692027,0.000022,3.141588,-0.000003,-0.523599,-0.000000,0.000001,-0.000001,8.000043,-7.999957
169.708189,-16.014285,50.692028,0.000022,3.141588,-0.000003,-0.523599,-0.000000,0.000001,-0.000002,8.000044,-7.999956
169.908081,-16.214176,50.692029,0.000023,3.141588,-0.000003,-0.523599,0.000000,0.000000,-0.000001,8.000046,-7.999954
170.107973,-16.414068,50.692030,0.000023,3.141588,-0.000003,-0.523599,0.000000,-0.000000,0.000001,8.000048,-7.999952
170.307865,-16.613960,50.692031,0.000024,3.141588,-0.000003,-0.523599,0.000000,-0.000001,0.000001,8.000049,-7.999951
170.507757,-16.813852,50.692032,0.000024,3.141588,-0.000003,-0.523599,0.000000,0.000000,-0.000000,8.000050,-7.999950
170.707648,-17.013744,50.692033,0.000025,3.141588,-0.000003,-0.523599,0.000000,-0.000001,0.000001,8.000051,-7.999949
170.907540,-17.213636,50.692034,0.000026,3.141588,-0.000003,-0.523599,0.000000,-0.000001,0.000002,8.000052,-7.999948
171.107432,-17.413528,50.692035,0.000026,3.141589,-0.000003,-0.523599,0.000000,-0.000000,0.000000,8.000053,-7.999947
171.307324,-17.613420,50.692036,0.000027,3.141589,-0.000003,-0.523599,-0.000000,0.000000,-0.000001,8.000054,-7.999946
171.507216,-17.813311,50.692037,0.000027,3.141588,-0.000003,-0.523599,-0.000000,0.000000,-0.000001,8.000055,-7.999945
171.707108,-18.013203,50.692038,0.000028,3.141588,-0.000003,-0.523599,-0.000000,0.000000,-0.000001,8.000056,-7.999944
171.907000,-18.213095,50.692038,0.000028,3.141588,-0.000003,-0.523599,0.000000,-0.000001,0.000001,8.000057,-7.999943
172.106891,-18.412987,50.692039,0.000029,3.141589,-0.000003,-0.523599,0.000000,-0.000002,0.000004,8.000058,-7.999942
172.306783,-18.612879,50.692040,0.000029,3.141590,-0.000003,-0.523599,0.000000,-0.000001,0.000001,8.000059,-7.999941
172.506675,-18.812771,50.692041,0.000030,3.141590,-0.000003,-0.523599,-0.000000,0.000000,-0.000001,8.000059,-7.999941
172.706567,-19.012663,50.692041,0.000030,3.141589,-0.000003,-0.523599,-0.000000,-0.000000,-0.000000,8.000060,-7.999940
172.906459,-19.212554,50.692042,0.000031,3.141589,-0.000003,-0.523599,0.000000,-0.000000,-0.000000,8.000061,-7.999939
173.106351,-19.412446,50.692043,0.000031,3.141589,-0.000003,-0.523599,-0.000000,0.000001,-0.000002,8.000062,-7.999938
173.306243,-19.612338,50.692043,0.000032,3.141588,-0.000003,-0.523599,-0.000000,0.000002,-0.000004,8.000063,-7.999937
173.506135,-19.812230,50.692044,0.000033,3.141588,-0.000003,-0.523599,-0.000000,0.000001,-0.000002,8.000064,-7.999936
173.706026,-20.012122,50.692045,0.000033,3.141587,-0.000003,-0.523599,0.000000,-0.000000,-0.000000,8.000065,-7.999935
173.905918,-20.212014,50.692046,0.000034,3.141587,-0.000003,-0.523599,0.000000,-0.000000,-0.000000,8.000066,-7.999934
174.105810,-20.411906,50.692047,0.000034,3.141587,-0.000003,-0.523599,-0.000000,0.000001,-0.000002,8.000068,-7.999932
174.305702,-20.611797,50.692048,0.000035,3.141587,-0.000003,-0.523599,-0.000000,0.000001,-0.000003,8.000069,-7.999931
174.505594,-20.811689,50.692050,0.000036,3.141586,-0.000003,-0.523599,-0.000000,0.000001,-0.000002,8.000070,-7.999930
174.705486,-21.011581,50.692051,0.000036,3.141585,-0.000004,-0.523599,-0.000000,0.000001,-0.000003,8.000072,-7.999928
174.905378,-21.211473,50.692053,0.000037,3.141585,-0.000004,-0.523599,-0.000000,0.000001,-0.000003,8.000074,-7.999926
175.105269,-21.411365,50.692054,0.000038,3.141584,-0.000004,-0.523599,-0.000000,0.000000,-0.000001,8.000075,-7.999925
175.305161,-21.611257,50.692056,0.000039,3.141584,-0.000004,-0.523599,0.000000,-0.000000,-0.000000,8.000077,-7.999923
175.505053,-21.811149,50.692058,0.000039,3.141584,-0.000004,-0.523599,0.000000,-0.000000,-0.000001,8.000079,-7.999921
175.704945,-22.011040,50.692059,0.000040,3.141584,-0.000004,-0.523599,0.000000,0.000000,-0.000001,8.000081,-7.999919
175.904837,-22.210932,50.692061,0.000041,3.141584,-0.000004,-0.523599,-0.000000,0.000000,-0.000001,8.000083,-7.999917
176.104729,-22.410824,50.692063,0.000042,3.141584,-0.000004,-0.523599,0.000000,-0.000000,-0.000000,8.000085,-7.999915
176.304621,-22.610716,50.692064,0.000043,3.141584,-0.000004,-0.523599,0.000000,-0.000002,0.000003,8.000087,-7.999913
176.504512,-22.810608,50.692066,0.000043,3.141585,-0.000004,-0.523599,0.000000,-0.000002,0.000004,8.000088,-7.999912
176.704404,-23.010500,50.692068,0.000044,3.141586,-0.000004,-0.523599,0.000000,-0.000001,0.000002,8.000090,-7.999910
176.904296,-23.210392,50.692069,0.000045,3.141586,-0.000004,-0.523599,0.000000,-0.000000,-0.000000,8.000092,-7.999908
177.104188,-23.410283,50.692070,0.000046,3.141586,-0.000004,-0.523599,0.000000,-0.000001,0.000001,8.000093,-7.999907
177.304080,-23.610175,50.692072,0.000047,3.141586,-0.000004,-0.523599,0.000000,-0.000002,0.000003,8.000095,-7.999905
177.503972,-23.810067,50.692073,0.000048,3.141587,-0.000004,-0.523599,0.000000,-0.000002,0.000003,8.000096,-7.999904
177.703864,-24.009959,50.692074,0.000048,3.141588,-0.000004,-0.523599,0.000000,-0.000001,0.000001,8.000098,-7.999902
177.903755,-24.209851,50.692075,0.000049,3.141588,-0.000004,-0.523599,-0.000000,-0.000000,-0.000001,8.000099,-7.999901
178.103647,-24.409743,50.692076,0.000050,3.141588,-0.000005,-0.523599,-0.000000,0.000000,-0.000001,8.000100,-7.999900
178.303539,-24.609635,50.692077,0.000051,3.141587,-0.000005,-0.523599,-0.000000,0.000000,-0.000001,8.000102,-7.999898
178.503431,-24.809526,50.692078,0.000052,3.141587,-0.000005,-0.523599,-0.000000,0.000000,-0.000001,8.000103,-7.999897
178.703323,-25.009418,50.692079,0.000053,3.141587,-0.000005,-0.523599,-0.000000,0.000000,-0.000001,8.000104,-7.999896
178.903215,-25.209310,50.692080,0.000054,3.141587,-0.000005,-0.523599,-0.000000,-0.000000,-0.000000,8.000106,-7.999894
179.103107,-25.409202,50.692081,0.000055,3.141587,-0.000005,-0.523599,0.000000,-0.000001,0.000001,8.000107,-7.999893
179.302998,-25.609094,50.692082,0.000056,3.141588,-0.000005,-0.523599,0.000000,-0.000001,0.000002,8.000109,-7.999891
179.502890,-25.808986,50.692083,0.000057,3.141588,-0.000005,-0.523599,0.000000,-0.000002,0.000004,8.000111,-7.999889
179.702782,-26.008878,50.692084,0.000058,3.141590,-0.000005,-0.523599,0.000000,-0.000004,0.000007,8.000113,-7.999887
179.902674,-26.208769,50.692084,0.000059,3.141592,-0.000005,-0.523599,0.000000,-0.000008,0.000014,8.000115,-7.999885
180.102566,-26.408661,50.692084,0.000060,3.141596,-0.000005,-0.523599,0.000000,-0.000014,0.000025,8.000118,-7.999882
180.302458,-26.608553,50.692083,0.000061,3.141604,-0.000004,-0.523599,0.000000,-0.000021,0.000039,8.000120,-7.999880
180.502350,-26.808445,50.692080,0.000061,3.141614,-0.000004,-0.523599,0.000000,-0.000030,0.000053,8.000122,-7.999879
180.702241,-27.008337,50.692074,0.000062,3.141628,-0.000004,-0.523599,0.000000,-0.000039,0.000071,8.000123,-7.999876
180.902133,-27.208229,50.692065,0.000063,3.141647,-0.000004,-0.523599,0.000000,-0.000053,0.000094,8.000124,-7.999874
181.102025,-27.408121,50.692052,0.000064,3.141672,-0.000003,-0.523599,0.000000,-0.000068,0.000122,8.000126,-7.999872
181.301917,-27.608013,50.692033,0.000064,3.141704,-0.000003,-0.523599,0.000000,-0.000088,0.000157,8.000128,-7.999869
181.501809,-27.807904,50.692007,0.000065,3.141745,-0.000003,-0.523599,0.000000,-0.000113,0.000201,8.000129,-7.999867
181.701701,-28.007796,50.691971,0.000065,3.141796,-0.000002,-0.523599,0.000000,-0.000141,0.000249,8.000130,-7.999866
181.901593,-28.207688,50.691924,0.000066,3.141860,-0.000002,-0.523599,0.000000,-0.000174,0.000306,8.000132,-7.999864
182.101484,-28.407580,50.691863,0.000066,3.141938,-0.000001,-0.523599,0.000000,-0.000211,0.000372,8.000131,-7.999863
182.301376,-28.607472,50.691785,0.000066,3.142032,-0.000000,-0.523599,-0.000000,-0.000251,0.000442,8.000131,-7.999861
182.501268,-28.807364,50.691687,0.000066,3.142143,0.000000,-0.523599,0.000000,-0.000299,0.000525,8.000132,-7.999859
182.701160,-29.007255,50.691564,0.000066,3.142275,0.000001,-0.523599,-0.000000,-0.000356,0.000624,8.000129,-7.999860
182.901052,-29.207147,50.691412,0.000066,3.142431,0.000002,-0.523599,0.000000,-0.000417,0.000730,8.000130,-7.999859
183.100944,-29.407039,50.691227,0.000065,3.142613,0.000002,-0.523599,-0.000000,-0.000487,0.000851,8.000130,-7.999857
183.300836,-29.606931,50.691003,0.000065,3.142824,0.000003,-0.523599,0.000000,-0.000561,0.000979,8.000124,-7.999862
183.500728,-29.806822,50.690733,0.000064,3.143065,0.000004,-0.523599,-0.000000,-0.000642,0.001119,8.000125,-7.999860
183.700619,-30.006714,50.690411,0.000063,3.143342,0.000005,-0.523599,0.000000,-0.000737,0.001285,8.000124,-7.999860
183.900511,-30.206606,50.690031,0.000062,3.143658,0.000006,-0.523599,-0.000000,-0.000834,0.001454,8.000117,-7.999865
184.100403,-30.406497,50.689583,0.000061,3.144014,0.000006,-0.523599,0.000001,-0.000940,0.001637,8.000118,-7.999863
184.300295,-30.606388,50.689060,0.000060,3.144416,0.000007,-0.523599,-0.000004,-0.001061,0.001845,8.000114,-7.999866
184.500187,-30.806279,50.688451,0.000058,3.144865,0.000008,-0.523600,-0.000002,-0.001183,0.002057,8.000106,-7.999874
184.700079,-31.006170,50.687748,0.000057,3.145366,0.000009,-0.523600,0.000001,-0.001317,0.002289,8.000110,-7.999868
184.899971,-31.206060,50.686939,0.000055,3.145924,0.000010,-0.523600,-0.000000,-0.001464,0.002544,8.000104,-7.999875
185.099862,-31.405950,50.686013,0.000053,3.146540,0.000011,-0.523600,0.000001,-0.001613,0.002801,8.000096,-7.999883
185.299754,-31.605839,50.684957,0.000050,3.147219,0.000011,-0.523599,0.000004,-0.001776,0.003085,8.000103,-7.999878
185.499646,-31.805727,50.683759,0.000048,3.147965,0.000012,-0.523599,0.000000,-0.001951,0.003387,8.000093,-7.999890
185.699538,-32.005614,50.682405,0.000046,3.148782,0.000013,-0.523599,-0.000000,-0.002126,0.003690,8.000088,-7.999897
185.899430,-32.205500,50.680880,0.000043,3.149672,0.000014,-0.523599,-0.000000,-0.002321,0.004028,8.000096,-7.999892
186.099322,-32.405385,50.679169,0.000040,3.150642,0.000014,-0.523599,-0.000000,-0.002524,0.004379,8.000081,-7.999912
186.299214,-32.605267,50.677257,0.000037,3.151692,0.000015,-0.523599,-0.000000,-0.002726,0.004729,8.000082,-7.999916
186.499105,-32.805148,50.675126,0.000034,3.152828,0.000016,-0.523599,0.000004,-0.002951,0.005117,8.000091,-7.999913
186.698997,-33.005026,50.672759,0.000031,3.154055,0.000017,-0.523598,0.000001,-0.003179,0.005514,8.000071,-7.999940
186.898889,-33.204900,50.670138,0.000027,3.155373,0.000017,-0.523598,-0.000001,-0.003410,0.005912,8.000081,-7.999941
187.098781,-33.404771,50.667244,0.000024,3.156788,0.000018,-0.523598,0.000004,-0.003663,0.006350,8.000090,-7.999943
187.298673,-33.604638,50.664057,0.000020,3.158304,0.000018,-0.523597,0.000003,-0.003915,0.006786,8.000067,-7.999977
187.498565,-33.804499,50.660556,0.000017,3.159921,0.000019,-0.523596,0.000003,-0.004172,0.007231,8.000086,-7.999973
187.698457,-34.004354,50.656723,0.000013,3.161645,0.000019,-0.523596,0.000003,-0.004451,0.007715,8.000092,-7.999983
187.898348,-34.204202,50.652533,0.000009,3.163481,0.000020,-0.523595,0.000003,-0.004725,0.008189,8.000070,-8.000024
188.098240,-34.404042,50.647965,0.000005,3.165427,0.000020,-0.523594,0.000003,-0.005008,0.008678,8.000098,-8.000015
188.298132,-34.603872,50.642997,0.000001,3.167490,0.000020,-0.523594,0.000003,-0.005310,0.009200,8.000100,-8.000037
188.498024,-34.803691,50.637605,-0.000003,3.169672,0.000021,-0.523593,0.000004,-0.005603,0.009706,8.000081,-8.000081
188.697916,-35.003497,50.631765,-0.000007,3.171973,0.000021,-0.523592,0.000008,-0.005908,0.010235,8.000121,-8.000067
188.897808,-35.203289,50.625453,-0.000012,3.174399,0.000021,-0.523591,0.000002,-0.006229,0.010790,8.000113,-8.000104
189.097700,-35.403065,50.618644,-0.000016,3.176951,0.000021,-0.523590,0.000004,-0.006537,0.011323,8.000105,-8.000145
189.297591,-35.602822,50.611312,-0.000020,3.179630,0.000021,-0.523588,0.000011,-0.006863,0.011886,8.000153,-8.000133
189.497483,-35.802559,50.603432,-0.000024,3.182440,0.000021,-0.523587,0.000006,-0.007196,0.012462,8.000139,-8.000185
189.697375,-36.002272,50.594978,-0.000028,3.185380,0.000020,-0.523585,0.000007,-0.007516,0.013016,8.000144,-8.000222
189.897267,-36.201958,50.585923,-0.000032,3.188453,0.000020,-0.523584,0.000006,-0.007859,0.013609,8.000198,-8.000211
190.097159,-36.401615,50.576242,-0.000036,3.191663,0.000020,-0.523583,0.000009,-0.008203,0.014203,8.000175,-8.000280
190.297051,-36.601240,50.565906,-0.000040,3.195007,0.000019,-0.523581,0.000010,-0.008533,0.014774,8.000199,-8.000305
190.496943,-36.800828,50.554888,-0.000044,3.198488,0.000019,-0.523579,0.000009,-0.008884,0.015381,8.000254,-8.000301
190.696834,-37.000375,50.543163,-0.000047,3.202108,0.000018,-0.523577,0.000010,-0.009231,0.015982,8.000222,-8.000388
190.896726,-37.199878,50.530701,-0.000051,3.205864,0.000017,-0.523575,0.000009,-0.009567,0.016563,8.000270,-8.000399
191.096618,-37.399332,50.517477,-0.000054,3.209759,0.000016,-0.523572,0.000014,-0.009924,0.017181,8.000322,-8.000407
191.296510,-37.598732,50.503461,-0.000057,3.213794,0.000015,-0.523570,0.000011,-0.010269,0.017779,8.000290,-8.000501
191.496402,-37.798072,50.488628,-0.000060,3.217966,0.000014,-0.523568,0.000009,-0.010609,0.018366,8.000361,-8.000496
191.696294,-37.997348,50.472949,-0.000063,3.222277,0.000013,-0.523566,0.000013,-0.010965,0.018983,8.000405,-8.000520
191.896186,-38.196554,50.456398,-0.000066,3.226727,0.000012,-0.523563,0.000012,-0.011305,0.019572,8.000372,-8.000622
192.096077,-38.395682,50.438946,-0.000068,3.231313,0.000011,-0.523560,0.000013,-0.011644,0.020158,8.000467,-8.000600
192.295969,-38.594727,50.420568,-0.000070,3.236036,0.000010,-0.523558,0.000012,-0.011993,0.020763,8.000496,-8.000645
192.495861,-38.793682,50.401237,-0.000072,3.240894,0.000009,-0.523555,0.000014,-0.012322,0.021332,8.000474,-8.000742
192.695753,-38.992539,50.380926,-0.000074,3.245885,0.000008,-0.523552,0.000017,-0.012653,0.021907,8.000582,-8.000712
192.895645,-39.191291,50.359609,-0.000075,3.251010,0.000007,-0.523549,0.000012,-0.012993,0.022495,8.000594,-8.000779
193.095537,-39.389929,50.337261,-0.000076,3.256265,0.000005,-0.523546,0.000014,-0.013308,0.023041,8.000588,-8.000866
193.295429,-39.588446,50.313857,-0.000077,3.261649,0.000004,-0.523543,0.000017,-0.013631,0.023600,8.000711,-8.000826
193.495321,-39.786832,50.289372,-0.000078,3.267161,0.000003,-0.523540,0.000013,-0.013952,0.024157,8.000705,-8.000916
193.695212,-39.985079,50.263781,-0.000078,3.272797,0.000002,-0.523538,0.000014,-0.014251,0.024675,8.000725,-8.000979
193.895104,-40.183176,50.237061,-0.000079,3.278554,0.000001,-0.523534,0.000017,-0.014558,0.025208,8.000844,-8.000944
194.094996,-40.381115,50.209189,-0.000079,3.284433,-0.000001,-0.523531,0.000016,-0.014858,0.025728,8.000819,-8.001054
194.294888,-40.578885,50.180143,-0.000079,3.290427,-0.000002,-0.523528,0.000016,-0.015137,0.026211,8.000868,-8.001088
194.494780,-40.776476,50.149900,-0.000078,3.296535,-0.000003,-0.523525,0.000012,-0.015425,0.026710,8.000979,-8.001061
194.694672,-40.973876,50.118440,-0.000077,3.302756,-0.000004,-0.523522,0.000016,-0.015701,0.027189,8.000938,-8.001186
194.894564,-41.171075,50.085741,-0.000077,3.309084,-0.000005,-0.523519,0.000017,-0.015959,0.027637,8.001012,-8.001196
195.094455,-41.368061,50.051786,-0.000076,3.315516,-0.000006,-0.523516,0.000012,-0.016225,0.028098,8.001109,-8.001180
195.294347,-41.564823,50.016553,-0.000074,3.322052,-0.000007,-0.523514,0.000016,-0.016473,0.028529,8.001055,-8.001315
195.494239,-41.761349,49.980026,-0.000073,3.328684,-0.000007,-0.523510,0.000017,-0.016708,0.028936,8.001164,-8.001286
195.694131,-41.957627,49.942187,-0.000071,3.335410,-0.000008,-0.523507,0.000013,-0.016947,0.029350,8.001234,-8.001294
195.894023,-42.153643,49.903020,-0.000070,3.342229,-0.000009,-0.523505,0.000014,-0.017165,0.029730,8.001180,-8.001424
196.093915,-42.349386,49.862508,-0.000068,3.349133,-0.000010,-0.523502,0.000013,-0.017375,0.030094,8.001307,-8.001372
196.293807,-42.544844,49.820638,-0.000066,3.356121,-0.000011,-0.523500,0.000014,-0.017586,0.030460,8.001348,-8.001403
196.493698,-42.740002,49.777395,-0.000063,3.363190,-0.000011,-0.523497,0.000013,-0.017777,0.030791,8.001301,-8.001520
196.693590,-42.934847,49.732766,-0.000061,3.370334,-0.000012,-0.523494,0.000014,-0.017962,0.031112,8.001440,-8.001448
196.893482,-43.129367,49.686739,-0.000059,3.377551,-0.000013,-0.523492,0.000010,-0.018142,0.031425,8.001451,-8.001501
197.093374,-43.323549,49.639303,-0.000056,3.384837,-0.000013,-0.523490,0.000010,-0.018304,0.031705,8.001413,-8.001602
197.293266,-43.517378,49.590447,-0.000053,3.392187,-0.000014,-0.523488,0.000010,-0.018462,0.031980,8.001560,-8.001513
197.493158,-43.710841,49.540162,-0.000051,3.399599,-0.000014,-0.523486,0.000010,-0.018614,0.032244,8.001535,-8.001594
197.693050,-43.903924,49.488438,-0.000048,3.407068,-0.000015,-0.523484,0.000010,-0.018748,0.032476,8.001531,-8.001651
197.892941,-44.096615,49.435269,-0.000045,3.414589,-0.000015,-0.523482,0.000011,-0.018878,0.032702,8.001665,-8.001567
198.092833,-44.288898,49.380647,-0.000041,3.422162,-0.000016,-0.523481,0.000008,-0.019002,0.032917,8.001614,-8.001665
198.292725,-44.480762,49.324566,-0.000038,3.429781,-0.000016,-0.523479,0.000007,-0.019111,0.033106,8.001633,-8.001690
198.492617,-44.672191,49.267020,-0.000035,3.437444,-0.000017,-0.523478,0.000012,-0.019216,0.033289,8.001751,-8.001612
198.692509,-44.863172,49.208006,-0.000031,3.445146,-0.000017,-0.523476,0.000005,-0.019311,0.033454,8.001675,-8.001724
198.892401,-45.053692,49.147519,-0.000028,3.452884,-0.000017,-0.523475,0.000004,-0.019395,0.033600,8.001726,-8.001707
199.092293,-45.243737,49.085556,-0.000025,3.460655,-0.000018,-0.523474,0.000008,-0.019477,0.033742,8.001819,-8.001645
199.292184,-45.433294,49.022115,-0.000021,3.468458,-0.000018,-0.523473,0.000007,-0.019548,0.033867,8.001722,-8.001772
199.492076,-45.622349,48.957195,-0.000017,3.476287,-0.000018,-0.523472,0.000007,-0.019612,0.033977,8.001810,-8.001710
199.691968,-45.810890,48.890794,-0.000014,3.484141,-0.000018,-0.523471,0.000003,-0.019673,0.034083,8.001871,-8.001672
199.891860,-45.998902,48.822912,-0.000010,3.492018,-0.000018,-0.523470,0.000004,-0.019724,0.034172,8.001777,-8.001786
200.091752,-46.186373,48.753550,-0.000006,3.499913,-0.000018,-0.523469,0.000004,-0.019769,0.034251,8.001882,-8.001698
200.291644,-46.373290,48.682707,-0.000003,3.507827,-0.000018,-0.523469,-0.000000,-0.019811,0.034324,8.001911,-8.001685
200.491536,-46.559640,48.610387,0.000001,3.515756,-0.000018,-0.523469,0.000002,-0.019845,0.034383,8.001819,-8.001791
200.691427,-46.745410,48.536590,0.000005,3.523697,-0.000018,-0.523468,0.000004,-0.019875,0.034436,8.001943,-8.001679
200.891319,-46.930588,48.461319,0.000008,3.531650,-0.000018,-0.523468,0.000004,-0.019902,0.034483,8.001935,-8.001697
201.091211,-47.115160,48.384576,0.000012,3.539613,-0.000018,-0.523467,0.000003,-0.019923,0.034521,8.001861,-8.001780
201.291103,-47.299116,48.306366,0.000015,3.547584,-0.000017,-0.523467,0.000000,-0.019941,0.034553,8.001986,-8.001662
201.490995,-47.482442,48.226691,0.000019,3.555562,-0.000017,-0.523467,0.000001,-0.019957,0.034580,8.001944,-8.001710
201.690887,-47.665127,48.145556,0.000022,3.563545,-0.000016,-0.523467,0.000001,-0.019969,0.034602,8.001898,-8.001760
201.890779,-47.847157,48.062964,0.000025,3.571533,-0.000016,-0.523467,-0.000000,-0.019979,0.034621,8.002023,-8.001639
202.090670,-48.028522,47.978921,0.000028,3.579525,-0.000016,-0.523467,0.000004,-0.019987,0.034634,8.001954,-8.001711
202.290562,-48.209210,47.893431,0.000031,3.587519,-0.000015,-0.523466,0.000003,-0.019993,0.034645,8.001939,-8.001730
202.490454,-48.389208,47.806498,0.000034,3.595516,-0.000014,-0.523466,-0.000000,-0.019998,0.034653,8.002047,-8.001624
202.690346,-48.568505,47.718129,0.000037,3.603514,-0.000014,-0.523466,0.000001,-0.020000,0.034657,8.001954,-8.001718
202.890238,-48.747090,47.628329,0.000040,3.611513,-0.000013,-0.523466,0.000000,-0.020002,0.034661,8.001976,-8.001696
203.090130,-48.924950,47.537103,0.000043,3.619512,-0.000013,-0.523466,0.000001,-0.020005,0.034666,8.002062,-8.001611
203.290022,-49.102075,47.444457,0.000045,3.627513,-0.000012,-0.523466,0.000000,-0.020006,0.034667,8.001953,-8.001719
203.489914,-49.278453,47.350397,0.000047,3.635514,-0.000012,-0.523466,0.000000,-0.020006,0.034667,8.002003,-8.001670
203.689805,-49.454073,47.254929,0.000050,3.643514,-0.000011,-0.523466,0.000000,-0.020005,0.034666,8.002064,-8.001607
203.889697,-49.628924,47.158059,0.000052,3.651515,-0.000011,-0.523466,0.000001,-0.020004,0.034665,8.001950,-8.001720
204.089589,-49.802994,47.059793,0.000054,3.659515,-0.000010,-0.523466,0.000000,-0.020004,0.034664,8.002037,-8.001633
204.289481,-49.976272,46.960138,0.000056,3.667515,-0.000010,-0.523466,0.000001,-0.020004,0.034664,8.002066,-8.001604
204.489373,-50.148748,46.859099,0.000058,3.675515,-0.000009,-0.523466,-0.000001,-0.020004,0.034663,8.001956,-8.001712
204.689265,-50.320409,46.756684,0.000059,3.683515,-0.000009,-0.523467,-0.000004,-0.020004,0.034662,8.002061,-8.001606
204.889157,-50.491246,46.652899,0.000061,3.691515,-0.000008,-0.523467,0.000001,-0.020003,0.034662,8.002057,-8.001609
205.089048,-50.661247,46.547751,0.000063,3.699514,-0.000008,-0.523467,0.000000,-0.020004,0.034662,8.001965,-8.001699
205.288940,-50.830402,46.441247,0.000064,3.707514,-0.000007,-0.523467,0.000000,-0.020004,0.034662,8.002080,-8.001584
205.488832,-50.998699,46.333392,0.000066,3.715513,-0.000007,-0.523467,0.000000,-0.020003,0.034660,8.002046,-8.001617
205.688724,-51.166128,46.224195,0.000067,3.723513,-0.000007,-0.523467,0.000000,-0.020003,0.034659,8.001969,-8.001693
205.888616,-51.332679,46.113662,0.000068,3.731512,-0.000006,-0.523467,0.000000,-0.020003,0.034660,8.002096,-8.001565
206.088508,-51.498339,46.001800,0.000069,3.739511,-0.000006,-0.523467,0.000000,-0.020004,0.034661,8.002029,-8.001630
206.288400,-51.663100,45.888617,0.000071,3.747511,-0.000006,-0.523467,0.000000,-0.020003,0.034661,8.001996,-8.001662
206.488291,-51.826950,45.774119,0.000072,3.755510,-0.000005,-0.523467,0.000000,-0.020003,0.034660,8.002105,-8.001552
206.688183,-51.989879,45.658314,0.000073,3.763509,-0.000005,-0.523467,0.000000,-0.020004,0.034662,8.002017,-8.001639
206.888075,-52.151876,45.541210,0.000074,3.771509,-0.000005,-0.523467,0.000000,-0.020004,0.034661,8.002016,-8.001638
207.087967,-52.312931,45.422813,0.000075,3.779509,-0.000004,-0.523467,0.000000,-0.020003,0.034660,8.002109,-8.001544
207.287859,-52.473034,45.303132,0.000075,3.787508,-0.000004,-0.523467,0.000000,-0.020004,0.034660,8.002004,-8.001648
207.487751,-52.632175,45.182174,0.000076,3.795507,-0.000004,-0.523467,0.000000,-0.020004,0.034661,8.002037,-8.001613
207.687643,-52.790343,45.059947,0.000077,3.803507,-0.000004,-0.523467,0.000000,-0.020004,0.034661,8.002108,-8.001542
207.887534,-52.947528,44.936458,0.000078,3.811506,-0.000003,-0.523467,0.000000,-0.020004,0.034661,8.001983,-8.001665
208.087426,-53.103720,44.811716,0.000078,3.819506,-0.000003,-0.523467,0.000000,-0.020004,0.034661,8.002060,-8.001587
208.287318,-53.258909,44.685729,0.000079,3.827505,-0.000003,-0.523467,0.000000,-0.020003,0.034660,8.002098,-8.001547
208.487210,-53.413086,44.558504,0.000079,3.835505,-0.000003,-0.523467,0.000000,-0.020004,0.034660,8.001986,-8.001658
208.687102,-53.566240,44.430050,0.000080,3.843504,-0.000002,-0.523467,-0.000000,-0.020004,0.034661,8.002078,-8.001565
208.886994,-53.718361,44.300375,0.000080,3.851503,-0.000002,-0.523467,0.000001,-0.020003,0.034660,8.002087,-8.001555
209.086886,-53.869440,44.169488,0.000081,3.859503,-0.000002,-0.523467,-0.000001,-0.020003,0.034659,8.001982,-8.001658
209.286777,-54.019468,44.037396,0.000081,3.867502,-0.000002,-0.523468,-0.000004,-0.020003,0.034659,8.002093,-8.001546
209.486669,-54.168434,43.904108,0.000081,3.875501,-0.000002,-0.523468,0.000000,-0.020003,0.034659,8.002069,-8.001568
209.686561,-54.316329,43.769633,0.000082,3.883500,-0.000001,-0.523468,-0.000000,-0.020002,0.034657,8.001984,-8.001652
209.886453,-54.463144,43.633979,0.000082,3.891498,-0.000001,-0.523468,0.000000,-0.020002,0.034657,8.002100,-8.001535
210.086345,-54.608869,43.497155,0.000082,3.899497,-0.000001,-0.523468,0.000000,-0.020002,0.034657,8.002043,-8.001591
210.286237,-54.753495,43.359170,0.000082,3.907496,-0.000001,-0.523468,0.000000,-0.020002,0.034656,8.001994,-8.001638
210.486129,-54.897013,43.220033,0.000082,3.915494,-0.000001,-0.523468,0.000000,-0.020002,0.034657,8.002107,-8.001525
210.686020,-55.039413,43.079752,0.000083,3.923493,-0.000001,-0.523468,0.000000,-0.020002,0.034657,8.002028,-8.001603
210.885912,-55.180686,42.938336,0.000083,3.931491,-0.000001,-0.523468,0.000000,-0.020002,0.034655,8.002008,-8.001622
211.085804,-55.320824,42.795796,0.000083,3.939489,-0.000000,-0.523468,0.000000,-0.020001,0.034654,8.002108,-8.001521
211.285696,-55.459818,42.652139,0.000083,3.947488,-0.000000,-0.523468,0.000000,-0.020002,0.034655,8.002007,-8.001621
211.485588,-55.597658,42.507375,0.000083,3.955486,-0.000000,-0.523468,0.000000,-0.020003,0.034657,8.002026,-8.001601
211.685480,-55.734336,42.361512,0.000083,3.963485,-0.000000,-0.523468,0.000000,-0.020003,0.034657,8.002104,-8.001522
211.885372,-55.869843,42.214562,0.000083,3.971483,-0.000000,-0.523468,0.000000,-0.020003,0.034657,8.001989,-8.001636
212.085263,-56.004170,42.066532,0.000083,3.979482,-0.000000,-0.523468,0.000000,-0.020002,0.034656,8.002038,-8.001586
212.285155,-56.137308,41.917433,0.000083,3.987480,-0.000000,-0.523468,0.000000,-0.020002,0.034656,8.002093,-8.001530
212.485047,-56.269250,41.767273,0.000083,3.995479,0.000000,-0.523468,-0.000000,-0.020002,0.034656,8.001977,-8.001645
212.684939,-56.399987,41.616063,0.000083,4.003477,0.000000,-0.523468,-0.000000,-0.020003,0.034657,8.002061,-8.001560
212.884831,-56.529510,41.463812,0.000083,4.011476,0.000000,-0.523468,-0.000000,-0.020003,0.034657,8.002083,-8.001537
213.084723,-56.657811,41.310530,0.000083,4.019475,0.000000,-0.523468,-0.000000,-0.020002,0.034655,8.001971,-8.001649
213.284615,-56.784882,41.156227,0.000083,4.027473,0.000000,-0.523468,-0.000000,-0.020001,0.034654,8.002075,-8.001543
213.484507,-56.910714,41.000912,0.000083,4.035471,0.000000,-0.523468,-0.000000,-0.020002,0.034656,8.002064,-8.001554
213.684398,-57.035301,40.844596,0.000083,4.043470,0.000000,-0.523468,-0.000000,-0.020003,0.034657,8.001972,-8.001646
213.884290,-57.158633,40.687288,0.000083,4.051468,0.000000,-0.523468,-0.000000,-0.020002,0.034656,8.002085,-8.001532
214.084182,-57.280703,40.528999,0.000083,4.059466,0.000000,-0.523468,-0.000000,-0.020001,0.034654,8.002045,-8.001571
214.284074,-57.401503,40.369739,0.000083,4.067465,0.000001,-0.523468,0.000000,-0.020002,0.034655,8.001969,-8.001645
214.483966,-57.521026,40.209517,0.000082,4.075463,0.000001,-0.523468,-0.000000,-0.020004,0.034658,8.002093,-8.001521
214.683858,-57.639263,40.048345,0.000082,4.083462,0.000001,-0.523468,0.000000,-0.020003,0.034657,8.002022,-8.001591
214.883750,-57.756207,39.886232,0.000082,4.091461,0.000001,-0.523468,-0.000000,-0.020002,0.034656,8.001990,-8.001622
215.083641,-57.871851,39.723189,0.000082,4.099459,0.000001,-0.523469,-0.000005,-0.020002,0.034655,8.002094,-8.001518
215.283533,-57.986187,39.559226,0.000082,4.107457,0.000001,-0.523469,-0.000000,-0.020002,0.034655,8.002001,-8.001611
215.483425,-58.099208,39.394354,0.000082,4.115456,0.000001,-0.523469,0.000000,-0.020002,0.034655,8.002004,-8.001606
215.683317,-58.210906,39.228583,0.000082,4.123454,0.000001,-0.523469,-0.000000,-0.020001,0.034654,8.002092,-8.001517
215.883209,-58.321275,39.061924,0.000081,4.131452,0.000001,-0.523469,-0.000000,-0.020002,0.034655,8.001983,-8.001625
216.083101,-58.430308,38.894388,0.000081,4.139450,0.000001,-0.523469,-0.000000,-0.020002,0.034656,8.002018,-8.001590
216.282993,-58.537997,38.725985,0.000081,4.147449,0.000001,-0.523469,-0.000000,-0.020002,0.034654,8.002084,-8.001523
216.482884,-58.644336,38.556726,0.000081,4.155447,0.000001,-0.523469,-0.000000,-0.020002,0.034655,8.001959,-8.001647
216.682776,-58.749318,38.386622,0.000081,4.163445,0.000001,-0.523469,-0.000000,-0.020003,0.034656,8.002037,-8.001569
216.882668,-58.852936,38.215683,0.000081,4.171444,0.000001,-0.523469,-0.000000,-0.020002,0.034654,8.002071,-8.001535
217.082560,-58.955183,38.043922,0.000080,4.179442,0.000001,-0.523469,-0.000000,-0.020001,0.034653,8.001958,-8.001648
217.282452,-59.056053,37.871348,0.000080,4.187440,0.000001,-0.523469,-0.000000,-0.020002,0.034654,8.002052,-8.001554
217.482344,-59.155540,37.697973,0.000080,4.195438,0.000001,-0.523469,-0.000000,-0.020003,0.034656,8.002056,-8.001549
217.682236,-59.253637,37.523808,0.000080,4.203437,0.000001,-0.523469,-0.000000,-0.020002,0.034655,8.001954,-8.001650
217.882127,-59.350338,37.348863,0.000080,4.211435,0.000001,-0.523469,-0.000000,-0.020001,0.034654,8.002064,-8.001538
218.082019,-59.445636,37.173151,0.000079,4.219433,0.000001,-0.523469,-0.000000,-0.020001,0.034654,8.002037,-8.001565
218.281911,-59.539526,36.996683,0.000079,4.227431,0.000001,-0.523469,-0.000000,-0.020002,0.034654,8.001954,-8.001648
218.481803,-59.632002,36.819469,0.000079,4.235429,0.000001,-0.523469,-0.000000,-0.020002,0.034656,8.002072,-8.001530
218.681695,-59.723057,36.641521,0.000079,4.243428,0.000001,-0.523469,-0.000000,-0.020003,0.034656,8.002012,-8.001590
218.881587,-59.812686,36.462850,0.000078,4.251426,0.000001,-0.523469,-0.000000,-0.020002,0.034655,8.001965,-8.001635
219.081479,-59.900883,36.283468,0.000078,4.259424,0.000001,-0.523469,-0.000000,-0.020001,0.034652,8.002077,-8.001523
219.281370,-59.987643,36.103387,0.000078,4.267422,0.000001,-0.523469,-0.000000,-0.020001,0.034653,8.001995,-8.001605
219.481262,-60.072960,35.922617,0.000078,4.275420,0.000001,-0.523469,-0.000000,-0.020002,0.034655,8.001979,-8.001621
219.681154,-60.156828,35.741171,0.000078,4.283418,0.000001,-0.523469,-0.000000,-0.020003,0.034656,8.002077,-8.001523
219.881046,-60.239242,35.559060,0.000077,4.291417,0.000001,-0.523469,-0.000000,-0.020002,0.034655,8.001975,-8.001625
220.080938,-60.320197,35.376296,0.000077,4.299415,0.000001,-0.523469,-0.000000,-0.020002,0.034654,8.001998,-8.001602
220.280830,-60.399687,35.192890,0.000077,4.307413,0.000001,-0.523469,-0.000000,-0.020002,0.034655,8.002073,-8.001526
220.480722,-60.477709,35.008854,0.000077,4.315411,0.000001,-0.523469,-0.000000,-0.020002,0.034654,8.001954,-8.001644
220.680613,-60.554255,34.824200,0.000077,4.323409,0.000001,-0.523469,-0.000000,-0.020002,0.034655,8.002010,-8.001588
220.880505,-60.629323,34.638939,0.000076,4.331408,0.000001,-0.523469,-0.000000,-0.020003,0.034656,8.002061,-8.001537
221.080397,-60.702906,34.453084,0.000076,4.339406,0.000001,-0.523469,-0.000000,-0.020001,0.034654,8.001945,-8.001651
221.280289,-60.775000,34.266647,0.000076,4.347404,0.000001,-0.523469,-0.000000,-0.020001,0.034653,8.002031,-8.001566
221.480181,-60.845601,34.079639,0.000076,4.355402,0.000001,-0.523469,-0.000000,-0.020002,0.034655,8.002050,-8.001546
221.680073,-60.914704,33.892072,0.000075,4.363400,0.000001,-0.523469,-0.000000,-0.020002,0.034654,8.001937,-8.001659
221.879965,-60.982305,33.703958,0.000075,4.371398,0.000001,-0.523469,-0.000000,-0.020002,0.034654,8.002046,-8.001550
222.079856,-61.048399,33.515310,0.000075,4.379397,0.000001,-0.523469,-0.000000,-0.020003,0.034656,8.002032,-8.001564
222.279748,-61.112982,33.326139,0.000075,4.387395,0.000001,-0.523469,-0.000000,-0.020002,0.034655,8.001940,-8.001654
222.479640,-61.176049,33.136458,0.000074,4.395393,0.000001,-0.523469,-0.000000,-0.020001,0.034654,8.002054,-8.001541
222.679532,-61.237598,32.946278,0.000074,4.403392,0.000001,-0.523469,-0.000000,-0.020001,0.034654,8.002011,-8.001585
222.879424,-61.297624,32.755613,0.000074,4.411390,0.000001,-0.523469,-0.000000,-0.020001,0.034654,8.001941,-8.001653
223.079316,-61.356123,32.564473,0.000074,4.419388,0.000001,-0.523469,-0.000000,-0.020001,0.034654,8.002062,-8.001532
223.279208,-61.413091,32.372871,0.000074,4.427386,0.000001,-0.523469,-0.000000,-0.020001,0.034654,8.001989,-8.001605
223.479100,-61.468525,32.180820,0.000073,4.435384,0.000001,-0.523469,-0.000000,-0.020002,0.034655,8.001960,-8.001634
223.678991,-61.522421,31.988332,0.000073,4.443382,0.000001,-0.523469,-0.000000,-0.020003,0.034656,8.002063,-8.001531
223.878883,-61.574776,31.795419,0.000073,4.451380,0.000001,-0.523469,-0.000000,-0.020001,0.034654,8.001968,-8.001626
224.078775,-61.625586,31.602093,0.000073,4.459378,0.000001,-0.523469,-0.000000,-0.020001,0.034652,8.001976,-8.001618
224.278667,-61.674849,31.408367,0.000072,4.467376,0.000001,-0.523469,-0.000000,-0.020001,0.034654,8.002062,-8.001532
224.478559,-61.722560,31.214253,0.000072,4.475374,0.000001,-0.523469,-0.000000,-0.020002,0.034655,8.001952,-8.001642
224.678451,-61.768718,31.019764,0.000072,4.483373,0.000001,-0.523469,-0.000000,-0.020002,0.034655,8.001990,-8.001602
224.878343,-61.813318,30.824912,0.000072,4.491371,0.000001,-0.523469,-0.000000,-0.020002,0.034654,8.002054,-8.001538
225.078234,-61.856359,30.629709,0.000071,4.499369,0.000001,-0.523469,-0.000000,-0.020002,0.034656,8.001931,-8.001661
225.278126,-61.897837,30.434169,0.000071,4.507367,0.000001,-0.523469,-0.000000,-0.020002,0.034655,8.002012,-8.001580
225.478018,-61.937749,30.238303,0.000071,4.515365,0.000001,-0.523469,-0.000000,-0.020000,0.034652,8.002043,-8.001549
225.677910,-61.976094,30.042123,0.000071,4.523363,0.000001,-0.523469,-0.000000,-0.020001,0.034654,8.001930,-8.001662
225.877802,-62.012869,29.845644,0.000071,4.531362,0.000001,-0.523469,-0.000000,-0.020003,0.034656,8.002026,-8.001566
226.077694,-62.048070,29.648877,0.000070,4.539360,0.000001,-0.523469,-0.000000,-0.020002,0.034655,8.002027,-8.001565
226.277586,-62.081697,29.451834,0.000070,4.547358,0.000001,-0.523469,-0.000000,-0.020001,0.034653,8.001928,-8.001664
226.477477,-62.113747,29.254529,0.000070,4.555356,0.000001,-0.523469,-0.000000,-0.020001,0.034654,8.002040,-8.001552
226.677369,-62.144218,29.056974,0.000070,4.563354,0.000001,-0.523469,-0.000000,-0.020001,0.034654,8.002010,-8.001582
226.877261,-62.173108,28.859181,0.000070,4.571352,0.000001,-0.523469,-0.000000,-0.020001,0.034654,8.001927,-8.001665
227.077153,-62.200415,28.661164,0.000069,4.579350,0.000001,-0.523469,-0.000000,-0.020002,0.034654,8.002047,-8.001544
227.277045,-62.226138,28.462934,0.000069,4.587348,0.000001,-0.523469,-0.000000,-0.020003,0.034656,8.001984,-8.001606
227.476937,-62.250274,28.264506,0.000069,4.595347,0.000001,-0.523469,-0.000000,-0.020002,0.034656,8.001942,-8.001648
227.676829,-62.272822,28.065890,0.000069,4.603345,0.000001,-0.523469,-0.000000,-0.020002,0.034654,8.002052,-8.001538
227.876720,-62.293781,27.867101,0.000068,4.611343,0.000001,-0.523469,-0.000000,-0.020001,0.034654,8.001968,-8.001622
228.076612,-62.313149,27.668150,0.000068,4.619341,0.000001,-0.523469,-0.000000,-0.020001,0.034654,8.001955,-8.001635
228.276504,-62.330926,27.469050,0.000068,4.627339,0.000001,-0.523469,-0.000000,-0.020002,0.034654,8.002052,-8.001538
228.476396,-62.347109,27.269815,0.000068,4.635337,0.000001,-0.523469,-0.000000,-0.020001,0.034654,8.001949,-8.001641
228.676288,-62.361699,27.070457,0.000068,4.643335,0.000001,-0.523469,-0.000000,-0.020001,0.034654,8.001975,-8.001615
228.876180,-62.374693,26.870989,0.000067,4.651334,0.000001,-0.523469,-0.000000,-0.020001,0.034654,8.002048,-8.001542
229.076072,-62.386092,26.671423,0.000067,4.659332,0.000001,-0.523469,-0.000000,-0.020001,0.034654,8.001928,-8.001662
229.275963,-62.395895,26.471772,0.000067,4.667330,0.000001,-0.523469,-0.000000,-0.020002,0.034655,8.001990,-8.001599
229.475855,-62.404100,26.272049,0.000067,4.675328,0.000001,-0.523469,-0.000000,-0.020003,0.034656,8.002036,-8.001552
229.675747,-62.410708,26.072267,0.000067,4.683327,0.000001,-0.523469,-0.000000,-0.020002,0.034654,8.001923,-8.001668
229.875639,-62.415717,25.872438,0.000066,4.691324,0.000001,-0.523469,-0.000000,-0.020001,0.034652,8.002010,-8.001580
230.075531,-62.419128,25.672576,0.000066,4.699322,0.000001,-0.523469,-0.000000,-0.020001,0.034654,8.002027,-8.001563
230.275423,-62.420941,25.472693,0.000066,4.707320,0.000001,-0.523469,-0.000000,-0.020002,0.034655,8.001916,-8.001674
230.475315,-62.421154,25.272802,0.000066,4.715319,0.000001,-0.523469,-0.000000,-0.020002,0.034655,8.002026,-8.001563
230.675206,-62.419769,25.072915,0.000066,4.723317,0.000001,-0.523469,-0.000000,-0.020002,0.034654,8.002008,-8.001581
230.875098,-62.416786,24.873046,0.000065,4.731315,0.000001,-0.523469,-0.000000,-0.020001,0.034654,8.001920,-8.001670
231.074990,-62.412204,24.673207,0.000065,4.739313,0.000001,-0.523469,-0.000000,-0.020002,0.034654,8.002034,-8.001556
231.274882,-62.406023,24.473412,0.000065,4.747311,0.000001,-0.523469,-0.000000,-0.020001,0.034654,8.001986,-8.001603
231.474774,-62.398245,24.273672,0.000065,4.755309,0.000001,-0.523469,-0.000000,-0.020001,0.034654,8.001924,-8.001664
231.674666,-62.388870,24.074000,0.000065,4.763307,0.000001,-0.523469,-0.000000,-0.020002,0.034654,8.002043,-8.001546
231.874558,-62.377898,23.874410,0.000064,4.771306,0.000001,-0.523469,-0.000000,-0.020003,0.034656,8.001969,-8.001621
232.074449,-62.365330,23.674914,0.000064,4.779304,0.000001,-0.523469,-0.000000,-0.020003,0.034656,8.001943,-8.001645
232.274341,-62.351167,23.475526,0.000064,4.787302,0.000001,-0.523469,-0.000000,-0.020002,0.034654,8.002045,-8.001543
232.474233,-62.335409,23.276256,0.000064,4.795300,0.000001,-0.523469,-0.000000,-0.020001,0.034654,8.001947,-8.001641
232.674125,-62.318058,23.077119,0.000064,4.803299,0.000001,-0.523469,-0.000000,-0.020001,0.034654,8.001960,-8.001628
232.874017,-62.299115,22.878128,0.000063,4.811297,0.000001,-0.523469,-0.000000,-0.020001,0.034654,8.002042,-8.001546
233.073909,-62.278581,22.679294,0.000063,4.819295,0.000001,-0.523469,-0.000000,-0.020001,0.034654,8.001931,-8.001657
233.273801,-62.256458,22.480631,0.000063,4.827293,0.000001,-0.523469,-0.000000,-0.020002,0.034654,8.001972,-8.001616
233.473693,-62.232746,22.282151,0.000063,4.835291,0.000001,-0.523469,-0.000000,-0.020002,0.034654,8.002033,-8.001555
233.673584,-62.207448,22.083867,0.000063,4.843289,0.000001,-0.523469,-0.000000,-0.020001,0.034654,8.001913,-8.001675
233.873476,-62.180565,21.885791,0.000062,4.851287,0.000001,-0.523469,-0.000000,-0.020001,0.034654,8.001995,-8.001593
234.073368,-62.152098,21.687937,0.000062,4.859285,0.000001,-0.523469,-0.000000,-0.020002,0.034654,8.002024,-8.001564
234.273260,-62.122050,21.490317,0.000062,4.867283,0.000001,-0.523469,-0.000000,-0.020002,0.034655,8.001911,-8.001677
234.473152,-62.090422,21.292944,0.000062,4.875282,0.000001,-0.523469,-0.000000,-0.020003,0.034656,8.002010,-8.001578
234.673044,-62.057216,21.095830,0.000062,4.883280,0.000001,-0.523469,-0.000000,-0.020002,0.034655,8.002008,-8.001580
234.872936,-62.022435,20.898988,0.000061,4.891278,0.000001,-0.523469,-0.000000,-0.020001,0.034654,8.001911,-8.001677
235.072827,-61.986081,20.702430,0.000061,4.899276,0.000001,-0.523469,-0.000000,-0.020002,0.034654,8.002023,-8.001565
235.272719,-61.948155,20.506170,0.000061,4.907274,0.000001,-0.523469,-0.000000,-0.020002,0.034654,8.001991,-8.001597
235.472611,-61.908662,20.310219,0.000061,4.915272,0.000001,-0.523469,-0.000000,-0.020001,0.034654,8.001909,-8.001679
235.672503,-61.867602,20.114590,0.000061,4.923271,0.000001,-0.523469,-0.000000,-0.020002,0.034654,8.002031,-8.001557
235.872395,-61.824979,19.919296,0.000060,4.931269,0.000001,-0.523469,-0.000000,-0.020001,0.034654,8.001967,-8.001621
236.072287,-61.780795,19.724349,0.000060,4.939267,0.000001,-0.523469,-0.000000,-0.020001,0.034654,8.001928,-8.001660
236.272179,-61.735054,19.529761,0.000060,4.947265,0.000001,-0.523469,-0.000000,-0.020001,0.034654,8.002037,-8.001551
236.472070,-61.687758,19.335546,0.000060,4.955263,0.000001,-0.523469,-0.000000,-0.020001,0.034654,8.001950,-8.001638
236.671962,-61.638910,19.141715,0.000059,4.963261,0.000001,-0.523469,-0.000000,-0.020002,0.034655,8.001942,-8.001646
236.871854,-61.588513,18.948281,0.000059,4.971259,0.000001,-0.523469,-0.000000,-0.020003,0.034657,8.002037,-8.001551
237.071746,-61.536571,18.755256,0.000059,4.979258,0.000001,-0.523469,-0.000000,-0.020002,0.034655,8.001932,-8.001656
237.271638,-61.483086,18.562653,0.000059,4.987256,0.000001,-0.523469,-0.000000,-0.020001,0.034654,8.001960,-8.001628
237.471530,-61.428063,18.370484,0.000058,4.995254,0.000001,-0.523469,-0.000000,-0.020001,0.034654,8.002032,-8.001556
237.671422,-61.371505,18.178761,0.000058,5.003252,0.000001,-0.523469,-0.000000,-0.020001,0.034654,8.001909,-8.001679
237.871313,-61.313415,17.987497,0.000058,5.011250,0.000001,-0.523469,-0.000000,-0.020002,0.034654,8.001978,-8.001610
238.071205,-61.253797,17.796703,0.000058,5.019248,0.000001,-0.523469,-0.000000,-0.020001,0.034654,8.002020,-8.001568
238.271097,-61.192655,17.606392,0.000058,5.027247,0.000001,-0.523469,-0.000000,-0.020001,0.034654,8.001906,-8.001682
238.470989,-61.129992,17.416576,0.000057,5.035245,0.000001,-0.523469,-0.000000,-0.020002,0.034654,8.001996,-8.001592
238.670881,-61.065814,17.227268,0.000057,5.043243,0.000001,-0.523469,-0.000000,-0.020002,0.034654,8.002008,-8.001579
238.870773,-61.000124,17.038479,0.000057,5.051241,0.000001,-0.523469,-0.000000,-0.020001,0.034654,8.001898,-8.001688
239.070665,-60.932926,16.850221,0.000057,5.059239,0.000001,-0.523469,-0.000000,-0.020001,0.034654,8.002011,-8.001576
239.270556,-60.864224,16.662507,0.000056,5.067237,0.000001,-0.523469,-0.000000,-0.020001,0.034654,8.001991,-8.001597
239.470448,-60.794023,16.475348,0.000056,5.075235,0.000001,-0.523469,-0.000000,-0.020002,0.034655,8.001903,-8.001683
239.670340,-60.722328,16.288757,0.000056,5.083234,0.000001,-0.523469,-0.000000,-0.020003,0.034657,8.002019,-8.001569
239.870232,-60.649142,16.102745,0.000056,5.091232,0.000001,-0.523469,-0.000000,-0.020002,0.034655,8.001967,-8.001621
240.070124,-60.574471,15.917325,0.000055,5.099230,0.000001,-0.523469,-0.000000,-0.020001,0.034654,8.001910,-8.001676
240.270016,-60.498319,15.732507,0.000055,5.107228,0.000001,-0.523469,-0.000000,-0.020002,0.034654,8.002027,-8.001561
240.469908,-60.420692,15.548305,0.000055,5.115227,0.000001,-0.523469,-0.000000,-0.020002,0.034654,8.001950,-8.001638
240.669799,-60.341593,15.364729,0.000054,5.123225,0.000001,-0.523469,-0.000000,-0.020001,0.034654,8.001928,-8.001660
240.869691,-60.261029,15.181792,0.000054,5.131223,0.000001,-0.523469,-0.000000,-0.020002,0.034654,8.002029,-8.001559
241.069583,-60.179005,14.999505,0.000054,5.139221,0.000001,-0.523469,-0.000000,-0.020001,0.034654,8.001929,-8.001659
241.269475,-60.095525,14.817880,0.000054,5.147219,0.000001,-0.523469,-0.000000,-0.020001,0.034654,8.001945,-8.001643
241.469367,-60.010595,14.636929,0.000053,5.155217,0.000001,-0.523469,-0.000000,-0.020002,0.034655,8.002025,-8.001563
241.669259,-59.924221,14.456662,0.000053,5.163215,0.000001,-0.523469,-0.000000,-0.020003,0.034656,8.001912,-8.001676
241.869151,-59.836408,14.277092,0.000053,5.171214,0.000001,-0.523469,-0.000000,-0.020002,0.034656,8.001957,-8.001631
242.069042,-59.747161,14.098230,0.000053,5.179212,0.000001,-0.523469,-0.000000,-0.020000,0.034652,8.002016,-8.001572
242.268934,-59.656486,13.920088,0.000052,5.187210,0.000001,-0.523469,-0.000000,-0.020002,0.034654,8.001898,-8.001690
242.468826,-59.564390,13.742677,0.000052,5.195208,0.000001,-0.523469,-0.000000,-0.020003,0.034657,8.001979,-8.001607
242.668718,-59.470877,13.566008,0.000052,5.203207,0.000001,-0.523469,-0.000000,-0.020002,0.034655,8.002004,-8.001581
242.868610,-59.375955,13.390092,0.000051,5.211205,0.000001,-0.523469,-0.000000,-0.020000,0.034652,8.001892,-8.001694
243.068502,-59.279629,13.214941,0.000051,5.219202,0.000001,-0.523469,-0.000000,-0.020000,0.034652,8.001994,-8.001592
243.268394,-59.181905,13.040567,0.000051,5.227200,0.000002,-0.523469,-0.000000,-0.020002,0.034655,8.001987,-8.001599
243.468286,-59.082789,12.866979,0.000050,5.235199,0.000002,-0.523469,-0.000000,-0.020002,0.034656,8.001894,-8.001694
243.668177,-58.982288,12.694190,0.000050,5.243197,0.000002,-0.523469,-0.000000,-0.020002,0.034656,8.002006,-8.001581
243.868069,-58.880408,12.522210,0.000050,5.251195,0.000002,-0.523469,-0.000000,-0.020002,0.034655,8.001970,-8.001616
244.067961,-58.777156,12.351050,0.000050,5.259194,0.000002,-0.523469,-0.000000,-0.020001,0.034654,8.001890,-8.001696
244.267853,-58.672539,12.180722,0.000049,5.267192,0.000002,-0.523469,-0.000000,-0.020001,0.034654,8.002014,-8.001572
244.467745,-58.566562,12.011236,0.000049,5.275190,0.000002,-0.523469,-0.000000,-0.020001,0.034653,8.001945,-8.001641
244.667637,-58.459234,11.842603,0.000049,5.283188,0.000002,-0.523469,-0.000000,-0.020001,0.034654,8.001911,-8.001677
244.867529,-58.350560,11.674834,0.000048,5.291186,0.000002,-0.523469,-0.000000,-0.020002,0.034656,8.002018,-8.001569
245.067420,-58.240548,11.507939,0.000048,5.299184,0.000002,-0.523469,-0.000000,-0.020002,0.034655,8.001928,-8.001658
245.267312,-58.129204,11.341930,0.000048,5.307182,0.000002,-0.523469,-0.000000,-0.020001,0.034654,8.001925,-8.001663
245.467204,-58.016536,11.176816,0.000047,5.315180,0.000002,-0.523469,-0.000000,-0.020002,0.034654,8.002016,-8.001572
245.667096,-57.902551,11.012609,0.000047,5.323179,0.000002,-0.523469,-0.000000,-0.020003,0.034656,8.001910,-8.001678
245.866988,-57.787257,10.849319,0.000046,5.331177,0.000002,-0.523469,-0.000000,-0.020003,0.034657,8.001941,-8.001647
246.066880,-57.670660,10.686956,0.000046,5.339176,0.000002,-0.523469,-0.000000,-0.020002,0.034655,8.002010,-8.001577
246.266772,-57.552768,10.525531,0.000046,5.347174,0.000002,-0.523469,-0.000000,-0.020001,0.034654,8.001884,-8.001702
246.466663,-57.433589,10.365054,0.000045,5.355172,0.000002,-0.523469,-0.000000,-0.020001,0.034654,8.001959,-8.001627
246.666555,-57.313130,10.205535,0.000045,5.363170,0.000002,-0.523469,-0.000000,-0.020002,0.034654,8.001997,-8.001590
246.866447,-57.191399,10.046985,0.000044,5.371168,0.000002,-0.523469,-0.000000,-0.020002,0.034656,8.001884,-8.001704
247.066339,-57.068404,9.889413,0.000044,5.379167,0.000002,-0.523469,-0.000000,-0.020003,0.034657,8.001976,-8.001612
247.266231,-56.944153,9.732831,0.000044,5.387166,0.000002,-0.523469,-0.000000,-0.020002,0.034655,8.001985,-8.001603
247.466123,-56.818653,9.577247,0.000043,5.395164,0.000002,-0.523469,-0.000000,-0.020001,0.034654,8.001878,-8.001708
247.666015,-56.691913,9.422672,0.000043,5.403162,0.000002,-0.523469,-0.000000,-0.020002,0.034654,8.001989,-8.001597
247.865906,-56.563940,9.269115,0.000042,5.411160,0.000002,-0.523469,-0.000000,-0.020002,0.034654,8.001965,-8.001622
248.065798,-56.434744,9.116587,0.000042,5.419158,0.000002,-0.523469,-0.000000,-0.020002,0.034654,8.001880,-8.001708
248.265690,-56.304331,8.965098,0.000041,5.427156,0.000002,-0.523469,-0.000000,-0.020002,0.034655,8.001994,-8.001592
248.465582,-56.172711,8.814656,0.000041,5.435154,0.000002,-0.523469,-0.000000,-0.020002,0.034654,8.001937,-8.001649
248.665474,-56.039893,8.665271,0.000040,5.443153,0.000002,-0.523469,-0.000000,-0.020002,0.034654,8.001887,-8.001699
248.865366,-55.905883,8.516954,0.000040,5.451151,0.000002,-0.523469,-0.000000,-0.020002,0.034655,8.002000,-8.001586
249.065258,-55.770692,8.369713,0.000040,5.459149,0.000002,-0.523469,-0.000000,-0.020002,0.034654,8.001921,-8.001665
249.265149,-55.634327,8.223558,0.000039,5.467147,0.000002,-0.523469,-0.000000,-0.020002,0.034654,8.001900,-8.001686
249.465041,-55.496798,8.078499,0.000039,5.475145,0.000002,-0.523469,-0.000000,-0.020002,0.034655,8.002000,-8.001586
249.664933,-55.358113,7.934544,0.000038,5.483143,0.000002,-0.523469,-0.000000,-0.020002,0.034654,8.001899,-8.001687
249.864825,-55.218281,7.791703,0.000038,5.491142,0.000002,-0.523469,-0.000000,-0.020001,0.034654,8.001917,-8.001669
250.064717,-55.077311,7.649985,0.000037,5.499139,0.000003,-0.523469,-0.000000,-0.020001,0.034653,8.001995,-8.001591
250.264609,-54.935212,7.509399,0.000037,5.507138,0.000003,-0.523469,-0.000000,-0.020002,0.034655,8.001880,-8.001706
250.464501,-54.791993,7.369954,0.000036,5.515136,0.000003,-0.523469,-0.000000,-0.020002,0.034655,8.001928,-8.001658
250.664392,-54.647664,7.231659,0.000036,5.523134,0.000003,-0.523469,-0.000000,-0.020001,0.034654,8.001983,-8.001603
250.864284,-54.502233,7.094522,0.000035,5.531132,0.000003,-0.523469,-0.000000,-0.020002,0.034655,8.001866,-8.001720
251.064176,-54.355710,6.958553,0.000034,5.539130,0.000003,-0.523469,-0.000000,-0.020002,0.034656,8.001950,-8.001636
251.264068,-54.208104,6.823761,0.000034,5.547129,0.000003,-0.523469,-0.000000,-0.020002,0.034655,8.001972,-8.001614
251.463960,-54.059425,6.690153,0.000033,5.555127,0.000003,-0.523469,-0.000000,-0.020001,0.034653,8.001859,-8.001727
251.663852,-53.909681,6.557739,0.000033,5.563125,0.000003,-0.523469,-0.000000,-0.020001,0.034653,8.001964,-8.001623
251.863744,-53.758884,6.426527,0.000032,5.571123,0.000003,-0.523469,-0.000000,-0.020002,0.034656,8.001954,-8.001634
252.063635,-53.607042,6.296525,0.000032,5.579121,0.000003,-0.523469,-0.000000,-0.020003,0.034657,8.001861,-8.001727
252.263527,-53.454165,6.167741,0.000031,5.587120,0.000003,-0.523469,-0.000000,-0.020003,0.034657,8.001972,-8.001614
252.463419,-53.300263,6.040185,0.000030,5.595119,0.000003,-0.523469,-0.000000,-0.020002,0.034655,8.001933,-8.001654
252.663311,-53.145345,5.913863,0.000030,5.603117,0.000003,-0.523469,-0.000000,-0.020002,0.034656,8.001858,-8.001731
252.863203,-52.989422,5.788785,0.000029,5.611116,0.000003,-0.523469,-0.000000,-0.020004,0.034659,8.001979,-8.001607
253.063095,-52.832504,5.664958,0.000028,5.619115,0.000003,-0.523469,-0.000000,-0.020003,0.034657,8.001907,-8.001679
253.262987,-52.674600,5.542390,0.000028,5.627113,0.000004,-0.523469,-0.000000,-0.020002,0.034656,8.001874,-8.001712
253.462879,-52.515721,5.421089,0.000027,5.635112,0.000004,-0.523469,-0.000000,-0.020002,0.034656,8.001979,-8.001608
253.662770,-52.355877,5.301062,0.000026,5.643110,0.000004,-0.523469,-0.000000,-0.020002,0.034655,8.001885,-8.001703
253.862662,-52.195077,5.182318,0.000025,5.651109,0.000004,-0.523469,-0.000000,-0.020002,0.034655,8.001885,-8.001701
254.062554,-52.033334,5.064864,0.000025,5.659107,0.000004,-0.523469,-0.000000,-0.020002,0.034656,8.001972,-8.001614
254.262446,-51.870656,4.948707,0.000024,5.667105,0.000004,-0.523469,-0.000000,-0.020001,0.034654,8.001863,-8.001723
254.462338,-51.707054,4.833855,0.000023,5.675103,0.000004,-0.523469,-0.000000,-0.020001,0.034654,8.001897,-8.001689
254.662230,-51.542538,4.720316,0.000022,5.683101,0.000004,-0.523469,-0.000000,-0.020002,0.034655,8.001963,-8.001623
254.862122,-51.377120,4.608095,0.000022,5.691100,0.000004,-0.523469,-0.000000,-0.020001,0.034653,8.001838,-8.001750
255.062013,-51.210810,4.497201,0.000021,5.699097,0.000004,-0.523469,-0.000000,-0.020000,0.034652,8.001914,-8.001672
255.261905,-51.043618,4.387641,0.000020,5.707095,0.000004,-0.523469,-0.000000,-0.020001,0.034653,8.001947,-8.001639
255.461797,-50.875555,4.279422,0.000019,5.715093,0.000004,-0.523469,-0.000000,-0.020001,0.034653,8.001833,-8.001753
255.661689,-50.706633,4.172550,0.000019,5.723091,0.000004,-0.523469,-0.000000,-0.020001,0.034653,8.001926,-8.001661
255.861581,-50.536860,4.067032,0.000018,5.731088,0.000004,-0.523469,-0.000000,-0.020000,0.034652,8.001931,-8.001657
256.061473,-50.366250,3.962876,0.000017,5.739086,0.000004,-0.523469,-0.000000,-0.020000,0.034652,8.001826,-8.001760
256.261365,-50.194812,3.860088,0.000016,5.747084,0.000004,-0.523469,-0.000000,-0.020000,0.034652,8.001937,-8.001649
256.461256,-50.022557,3.758673,0.000015,5.755081,0.000004,-0.523469,-0.000000,-0.020001,0.034653,8.001910,-8.001676
256.661148,-49.849496,3.658640,0.000014,5.763079,0.000004,-0.523469,-0.000000,-0.020002,0.034655,8.001826,-8.001762
256.861040,-49.675642,3.559994,0.000014,5.771078,0.000004,-0.523469,-0.000000,-0.020003,0.034657,8.001943,-8.001644
257.060932,-49.501003,3.462742,0.000013,5.779076,0.000004,-0.523469,-0.000000,-0.020002,0.034655,8.001882,-8.001704
257.260824,-49.325593,3.366890,0.000012,5.787074,0.000004,-0.523469,-0.000000,-0.020001,0.034653,8.001836,-8.001750
257.460716,-49.149421,3.272443,0.000011,5.795072,0.000004,-0.523469,-0.000000,-0.020001,0.034653,8.001947,-8.001639
257.660608,-48.972500,3.179409,0.000010,5.803070,0.000004,-0.523469,-0.000000,-0.020002,0.034654,8.001864,-8.001722
257.860499,-48.794840,3.087793,0.000009,5.811068,0.000004,-0.523469,-0.000000,-0.020000,0.034652,8.001845,-8.001739
258.060391,-48.616453,2.997600,0.000009,5.819065,0.000004,-0.523469,-0.000005,-0.019997,0.034646,8.001942,-8.001642
258.260283,-48.437351,2.908837,0.000008,5.827061,0.000004,-0.523470,-0.000001,-0.019994,0.034641,8.001839,-8.001745
258.460175,-48.257545,2.821508,0.000007,5.835055,0.000004,-0.523470,-0.000000,-0.019991,0.034635,8.001858,-8.001723
258.660067,-48.077046,2.735620,0.000006,5.843047,0.000004,-0.523470,-0.000000,-0.019986,0.034625,8.001931,-8.001647
258.859959,-47.895867,2.651176,0.000005,5.851037,0.000004,-0.523470,-0.000000,-0.019978,0.034611,8.001811,-8.001764
259.059851,-47.714019,2.568183,0.000004,5.859024,0.000004,-0.523470,-0.000000,-0.019969,0.034595,8.001863,-8.001709
259.259742,-47.531514,2.486644,0.000004,5.867006,0.000003,-0.523470,0.000000,-0.019957,0.034574,8.001910,-8.001657
259.459634,-47.348365,2.406564,0.000003,5.874983,0.000003,-0.523470,-0.000002,-0.019942,0.034548,8.001790,-8.001771
259.659526,-47.164583,2.327947,0.000002,5.882953,0.000003,-0.523471,-0.000004,-0.019925,0.034518,8.001871,-8.001683
259.859418,-46.980180,2.250797,0.000002,5.890915,0.000002,-0.523471,0.000001,-0.019903,0.034479,8.001884,-8.001661
260.059310,-46.795169,2.175116,0.000001,5.898869,0.000002,-0.523471,-0.000002,-0.019879,0.034437,8.001767,-8.001769
260.259202,-46.609563,2.100908,0.000001,5.906811,0.000002,-0.523472,-0.000004,-0.019852,0.034389,8.001867,-8.001656
260.459094,-46.423373,2.028176,0.000001,5.914741,0.000001,-0.523472,-0.000003,-0.019817,0.034328,8.001846,-8.001664
260.658985,-46.236613,1.956921,0.000001,5.922657,0.000000,-0.523473,-0.000003,-0.019778,0.034260,8.001749,-8.001746
260.858877,-46.049296,1.887145,0.000001,5.930555,-0.000000,-0.523474,-0.000003,-0.019734,0.034184,8.001852,-8.001624
261.058769,-45.861433,1.818849,0.000001,5.938435,-0.000001,-0.523474,-0.000003,-0.019683,0.034095,8.001799,-8.001657
261.258661,-45.673040,1.752034,0.000001,5.946294,-0.000002,-0.523475,-0.000004,-0.019628,0.034000,8.001721,-8.001712
261.458553,-45.484127,1.686699,0.000001,5.954129,-0.000002,-0.523476,-0.000008,-0.019565,0.033890,8.001827,-8.001579
261.658445,-45.294710,1.622843,0.000002,5.961936,-0.000003,-0.523477,-0.000003,-0.019494,0.033765,8.001743,-8.001636
261.858337,-45.104800,1.560466,0.000003,5.969715,-0.000004,-0.523478,-0.000004,-0.019419,0.033637,8.001702,-8.001646
262.058228,-44.914412,1.499564,0.000004,5.977462,-0.000005,-0.523479,-0.000007,-0.019335,0.033490,8.001788,-8.001527
262.258120,-44.723559,1.440136,0.000005,5.985173,-0.000006,-0.523480,-0.000006,-0.019239,0.033324,8.001679,-8.001599
262.458012,-44.532255,1.382178,0.000006,5.992845,-0.000006,-0.523482,-0.000007,-0.019141,0.033154,8.001670,-8.001567
262.657904,-44.340512,1.325685,0.000007,6.000475,-0.000007,-0.523483,-0.000010,-0.019030,0.032961,8.001732,-8.001462
262.857796,-44.148346,1.270653,0.000009,6.008059,-0.000008,-0.523485,-0.000009,-0.018911,0.032755,8.001608,-8.001541
263.057688,-43.955769,1.217075,0.000010,6.015595,-0.000009,-0.523487,-0.000010,-0.018789,0.032543,8.001626,-8.001475
263.257580,-43.762795,1.164944,0.000012,6.023078,-0.000010,-0.523489,-0.000004,-0.018649,0.032302,8.001662,-8.001388
263.457472,-43.569437,1.114254,0.000014,6.030505,-0.000011,-0.523490,-0.000011,-0.018503,0.032047,8.001524,-8.001472
263.657363,-43.375710,1.064995,0.000017,6.037871,-0.000011,-0.523493,-0.000014,-0.018352,0.031787,8.001575,-8.001362
263.857255,-43.181627,1.017159,0.000019,6.045175,-0.000012,-0.523495,-0.000008,-0.018185,0.031496,8.001576,-8.001302
264.057147,-42.987201,0.970735,0.000021,6.052410,-0.000013,-0.523497,-0.000011,-0.018012,0.031198,8.001449,-8.001368
264.257039,-42.792446,0.925712,0.000024,6.059576,-0.000014,-0.523500,-0.000013,-0.017833,0.030888,8.001508,-8.001243
264.456931,-42.597375,0.882078,0.000027,6.066665,-0.000015,-0.523502,-0.000013,-0.017635,0.030544,8.001478,-8.001205
264.656823,-42.402002,0.839821,0.000030,6.073676,-0.000015,-0.523505,-0.000011,-0.017437,0.030202,8.001364,-8.001252
264.856715,-42.206338,0.798926,0.000033,6.080605,-0.000016,-0.523507,-0.000008,-0.017230,0.029843,8.001431,-8.001112
265.056606,-42.010397,0.759380,0.000036,6.087448,-0.000017,-0.523509,-0.000017,-0.017003,0.029450,8.001372,-8.001098
265.256498,-41.814193,0.721167,0.000040,6.094201,-0.000017,-0.523513,-0.000014,-0.016779,0.029063,8.001275,-8.001121
265.456390,-41.617736,0.684271,0.000043,6.100862,-0.000018,-0.523515,-0.000012,-0.016542,0.028652,8.001342,-8.000977
265.656282,-41.421039,0.648675,0.000047,6.107424,-0.000018,-0.523518,-0.000012,-0.016287,0.028211,8.001256,-8.000986
265.856174,-41.224115,0.614360,0.000051,6.113886,-0.000019,-0.523521,-0.000013,-0.016039,0.027782,8.001192,-8.000972
266.056066,-41.026975,0.581308,0.000054,6.120246,-0.000019,-0.523524,-0.000017,-0.015774,0.027324,8.001247,-8.000838
266.255958,-40.829630,0.549500,0.000058,6.126497,-0.000019,-0.523527,-0.000012,-0.015498,0.026845,8.001147,-8.000858
266.455849,-40.632093,0.518916,0.000062,6.132639,-0.000020,-0.523529,-0.000013,-0.015228,0.026377,8.001108,-8.000819
266.655741,-40.434372,0.489535,0.000066,6.138669,-0.000020,-0.523532,-0.000012,-0.014936,0.025872,8.001146,-8.000701
266.855633,-40.236480,0.461334,0.000070,6.144581,-0.000020,-0.523535,-0.000015,-0.014639,0.025359,8.001035,-8.000731
267.055525,-40.038426,0.434293,0.000074,6.150377,-0.000020,-0.523538,-0.000016,-0.014349,0.024858,8.001026,-8.000662
267.255417,-39.840220,0.408388,0.000078,6.156051,-0.000020,-0.523541,-0.000012,-0.014035,0.024313,8.001043,-8.000565
267.455309,-39.641872,0.383596,0.000082,6.161600,-0.000020,-0.523543,-0.000013,-0.013720,0.023768,8.000929,-8.000602
267.655201,-39.443390,0.359892,0.000086,6.167024,-0.000019,-0.523546,-0.000012,-0.013412,0.023235,8.000943,-8.000511
267.855092,-39.244785,0.337252,0.000090,6.172320,-0.000019,-0.523549,-0.000017,-0.013078,0.022658,8.000938,-8.000439
268.054984,-39.046064,0.315652,0.000093,6.177485,-0.000019,-0.523552,-0.000013,-0.012752,0.022094,8.000835,-8.000468
268.254876,-38.847235,0.295065,0.000097,6.182519,-0.000018,-0.523555,-0.000013,-0.012428,0.021534,8.000865,-8.000366
268.454768,-38.648307,0.275466,0.000101,6.187420,-0.000018,-0.523557,-0.000009,-0.012083,0.020935,8.000842,-8.000319
268.654660,-38.449286,0.256829,0.000104,6.192185,-0.000017,-0.523559,-0.000011,-0.011748,0.020357,8.000749,-8.000344
268.854552,-38.250179,0.239127,0.000108,6.196816,-0.000017,-0.523562,-0.000013,-0.011412,0.019774,8.000789,-8.000237
269.054444,-38.050994,0.222334,0.000111,6.201309,-0.000016,-0.523564,-0.000013,-0.011057,0.019160,8.000747,-8.000213
269.254335,-37.851737,0.206422,0.000114,6.205663,-0.000015,-0.523567,-0.000012,-0.010719,0.018574,8.000676,-8.000223
269.454227,-37.652413,0.191364,0.000117,6.209881,-0.000014,-0.523569,-0.000009,-0.010375,0.017979,8.000713,-8.000126
269.654119,-37.453029,0.177133,0.000120,6.213959,-0.000014,-0.523571,-0.000010,-0.010017,0.017360,8.000661,-8.000122
269.854011,-37.253589,0.163701,0.000123,6.217898,-0.000013,-0.523573,-0.000009,-0.009680,0.016775,8.000610,-8.000117
270.053903,-37.054098,0.151041,0.000125,6.221699,-0.000012,-0.523575,-0.000010,-0.009329,0.016169,8.000645,-8.000031
270.253795,-36.854562,0.139126,0.000127,6.225360,-0.000011,-0.523576,-0.000006,-0.008976,0.015557,8.000586,-8.000041
270.453687,-36.654984,0.127928,0.000129,6.228884,-0.000010,-0.523578,-0.000007,-0.008643,0.014981,8.000559,-8.000020
270.653578,-36.455369,0.117419,0.000131,6.232271,-0.000009,-0.523580,-0.000011,-0.008296,0.014380,8.000582,-7.999955
270.853470,-36.255720,0.107573,0.000133,6.235521,-0.000008,-0.523581,-0.000007,-0.007951,0.013782,8.000522,-7.999974
271.053362,-36.056040,0.098362,0.000135,6.238636,-0.000007,-0.523583,-0.000006,-0.007626,0.013219,8.000515,-7.999944
271.253254,-35.856334,0.089760,0.000136,6.241619,-0.000006,-0.523584,-0.000007,-0.007287,0.012631,8.000526,-7.999896
271.453146,-35.656603,0.081740,0.000137,6.244467,-0.000005,-0.523585,-0.000004,-0.006954,0.012054,8.000470,-7.999918
271.653038,-35.456850,0.074276,0.000138,6.247186,-0.000004,-0.523586,-0.000003,-0.006639,0.011509,8.000474,-7.999885
271.852930,-35.257079,0.067343,0.000139,6.249776,-0.000003,-0.523587,-0.000008,-0.006311,0.010940,8.000476,-7.999855
272.052821,-35.057291,0.060914,0.000139,6.252238,-0.000002,-0.523588,-0.000004,-0.005997,0.010396,8.000428,-7.999878
272.252713,-34.857487,0.054964,0.000140,6.254577,-0.000001,-0.523589,-0.000003,-0.005696,0.009875,8.000442,-7.999839
272.452605,-34.657671,0.049470,0.000140,6.256794,-0.000000,-0.523589,-0.000003,-0.005386,0.009339,8.000436,-7.999826
272.652497,-34.457843,0.044407,0.000140,6.258891,0.000001,-0.523590,-0.000003,-0.005094,0.008832,8.000398,-7.999845
272.852389,-34.258006,0.039751,0.000140,6.260872,0.000001,-0.523591,-0.000003,-0.004810,0.008341,8.000415,-7.999811
273.052281,-34.058160,0.035479,0.000139,6.262739,0.000002,-0.523591,-0.000004,-0.004522,0.007841,8.000402,-7.999809
273.252173,-33.858306,0.031570,0.000139,6.264495,0.000003,-0.523592,-0.000002,-0.004255,0.007378,8.000374,-7.999824
273.452065,-33.658446,0.028001,0.000138,6.266145,0.000004,-0.523592,0.000001,-0.003991,0.006922,8.000391,-7.999797
273.651956,-33.458581,0.024751,0.000137,6.267689,0.000005,-0.523592,-0.000004,-0.003726,0.006462,8.000375,-7.999804
273.851848,-33.258710,0.021799,0.000136,6.269131,0.000006,-0.523593,-0.000002,-0.003485,0.006044,8.000357,-7.999814
274.051740,-33.058837,0.019126,0.000135,6.270478,0.000007,-0.523593,0.000000,-0.003245,0.005628,8.000370,-7.999794
274.251632,-32.858959,0.016712,0.000133,6.271729,0.000007,-0.523593,-0.000000,-0.003008,0.005218,8.000351,-7.999807
274.451524,-32.659079,0.014540,0.000132,6.272890,0.000008,-0.523593,-0.000000,-0.002794,0.004848,8.000342,-7.999811
274.651416,-32.459197,0.012591,0.000130,6.273966,0.000009,-0.523593,0.000001,-0.002580,0.004476,8.000351,-7.999799
274.851308,-32.259313,0.010849,0.000128,6.274958,0.000010,-0.523593,-0.000003,-0.002373,0.004118,8.000333,-7.999814
275.051199,-32.059427,0.009296,0.000126,6.275870,0.000010,-0.523594,-0.000003,-0.002185,0.003792,8.000328,-7.999816
275.251091,-31.859540,0.007919,0.000124,6.276707,0.000011,-0.523594,0.000001,-0.001996,0.003464,8.000331,-7.999812
275.450983,-31.659652,0.006702,0.000122,6.277471,0.000012,-0.523594,-0.000000,-0.001821,0.003161,8.000315,-7.999827
275.650875,-31.459763,0.005630,0.000119,6.278169,0.000012,-0.523594,0.000000,-0.001662,0.002885,8.000314,-7.999828
275.850767,-31.259873,0.004692,0.000117,6.278802,0.000013,-0.523594,-0.000000,-0.001501,0.002606,8.000313,-7.999829
276.050659,-31.059983,0.003874,0.000114,6.279374,0.000014,-0.523594,-0.000000,-0.001355,0.002353,8.000299,-7.999843
276.250551,-30.860092,0.003164,0.000111,6.279890,0.000014,-0.523594,-0.000000,-0.001222,0.002121,8.000298,-7.999844
276.450442,-30.660201,0.002553,0.000108,6.280352,0.000015,-0.523594,-0.000000,-0.001088,0.001889,8.000293,-7.999850
276.650334,-30.460310,0.002028,0.000105,6.280765,0.000015,-0.523594,-0.000000,-0.000971,0.001686,8.000283,-7.999861
276.850226,-30.260419,0.001582,0.000102,6.281132,0.000016,-0.523594,-0.000000,-0.000863,0.001499,8.000281,-7.999863
277.050118,-30.060527,0.001205,0.000099,6.281457,0.000016,-0.523594,-0.000000,-0.000757,0.001316,8.000274,-7.999871
277.250010,-29.860636,0.000888,0.000096,6.281742,0.000016,-0.523594,-0.000000,-0.000666,0.001156,8.000265,-7.999881
277.449902,-29.660744,0.000625,0.000092,6.281991,0.000017,-0.523594,-0.000000,-0.000581,0.001009,8.000262,-7.999884
277.649794,-29.460852,0.000409,0.000089,6.282208,0.000017,-0.523594,-0.000000,-0.000500,0.000868,8.000254,-7.999892
277.849685,-29.260960,0.000232,0.000086,6.282394,0.000017,-0.523594,-0.000000,-0.000432,0.000751,8.000246,-7.999900
278.049577,-29.061069,0.000091,0.000082,6.282555,0.000017,-0.523594,-0.000000,-0.000370,0.000642,8.000241,-7.999905
278.249469,-28.861177,-0.000021,0.000079,6.282691,0.000018,-0.523594,-0.000000,-0.000310,0.000538,8.000232,-7.999913
278.449361,-28.661285,-0.000108,0.000075,6.282805,0.000018,-0.523594,-0.000000,-0.000261,0.000452,8.000225,-7.999919
278.649253,-28.461393,-0.000174,0.000072,6.282901,0.000018,-0.523594,-0.000000,-0.000216,0.000374,8.000217,-7.999925
278.849145,-28.261501,-0.000223,0.000068,6.282979,0.000018,-0.523594,-0.000000,-0.000178,0.000307,8.000208,-7.999934
279.049037,-28.061609,-0.000258,0.000065,6.283044,0.000018,-0.523594,-0.000000,-0.000146,0.000251,8.000200,-7.999940
279.248928,-27.861717,-0.000281,0.000061,6.283096,0.000017,-0.523594,-0.000000,-0.000116,0.000199,8.000193,-7.999946
279.448820,-27.661826,-0.000294,0.000058,6.283137,0.000017,-0.523594,-0.000000,-0.000090,0.000153,8.000184,-7.999953
279.648712,-27.461934,-0.000301,0.000054,6.283168,0.000017,-0.523594,0.000000,-0.000069,0.000117,8.000175,-7.999959
279.848604,-27.262042,-0.000302,0.000051,6.283192,0.000017,-0.523594,-0.000000,-0.000052,0.000087,8.000167,-7.999965
280.048496,-27.062150,-0.000298,0.000048,6.283209,0.000016,-0.523594,0.000000,-0.000039,0.000063,8.000158,-7.999971
280.248388,-26.862258,-0.000292,0.000044,6.283222,0.000016,-0.523594,-0.000000,-0.000028,0.000044,8.000151,-7.999976
280.448280,-26.662366,-0.000284,0.000041,6.283230,0.000015,-0.523594,0.000001,-0.000018,0.000027,8.000142,-7.999981
280.648171,-26.462474,-0.000275,0.000038,6.283235,0.000015,-0.523594,-0.000002,-0.000011,0.000014,8.000134,-7.999986
280.848063,-26.262583,-0.000264,0.000035,6.283238,0.000014,-0.523595,-0.000004,-0.000006,0.000005,8.000126,-7.999991
281.047955,-26.062691,-0.000254,0.000033,6.283239,0.000014,-0.523595,0.000001,-0.000003,-0.000000,8.000120,-7.999995
281.247847,-25.862799,-0.000243,0.000030,6.283238,0.000013,-0.523595,-0.000000,-0.000001,-0.000005,8.000114,-7.999998
281.447739,-25.662907,-0.000233,0.000027,6.283237,0.000013,-0.523595,0.000000,0.000002,-0.000008,8.000107,-8.000003
281.647631,-25.463015,-0.000222,0.000025,6.283235,0.000012,-0.523595,-0.000000,0.000003,-0.000010,8.000100,-8.000005
281.847523,-25.263123,-0.000213,0.000023,6.283233,0.000011,-0.523595,0.000000,0.000003,-0.000011,8.000094,-8.000007
282.047414,-25.063231,-0.000203,0.000020,6.283231,0.000011,-0.523595,-0.000000,0.000003,-0.000010,8.000088,-8.000011
282.247306,-24.863340,-0.000194,0.000018,6.283229,0.000010,-0.523595,0.000000,0.000003,-0.000010,8.000083,-8.000014
282.447198,-24.663448,-0.000186,0.000016,6.283227,0.000010,-0.523595,-0.000001,0.000003,-0.000011,8.000078,-8.000016
282.647090,-24.463556,-0.000177,0.000014,6.283225,0.000009,-0.523596,-0.000004,0.000003,-0.000010,8.000074,-8.000017
282.846982,-24.263664,-0.000170,0.000012,6.283223,0.000009,-0.523596,0.000000,0.000001,-0.000007,8.000070,-8.000019
283.046874,-24.063772,-0.000162,0.000011,6.283222,0.000008,-0.523596,-0.000000,0.000000,-0.000005,8.000066,-8.000020
283.246766,-23.863880,-0.000155,0.000009,6.283221,0.000008,-0.523596,0.000000,0.000000,-0.000005,8.000062,-8.000022
283.446658,-23.663988,-0.000148,0.000008,6.283221,0.000008,-0.523596,-0.000000,0.000000,-0.000004,8.000057,-8.000024
283.646549,-23.464097,-0.000141,0.000006,6.283220,0.000007,-0.523596,0.000000,0.000000,-0.000004,8.000054,-8.000025
283.846441,-23.264205,-0.000134,0.000005,6.283219,0.000007,-0.523596,-0.000000,0.000001,-0.000005,8.000050,-8.000027
284.046333,-23.064313,-0.000127,0.000003,6.283218,0.000006,-0.523596,0.000000,0.000001,-0.000005,8.000046,-8.000029
284.246225,-22.864421,-0.000121,0.000002,6.283217,0.000006,-0.523596,-0.000000,0.000001,-0.000005,8.000042,-8.000031
284.446117,-22.664529,-0.000115,0.000001,6.283216,0.000006,-0.523596,0.000000,0.000000,-0.000003,8.000038,-8.000032
284.646009,-22.464637,-0.000108,-0.000000,6.283215,0.000005,-0.523596,-0.000000,0.000002,-0.000006,8.000035,-8.000033
284.845901,-22.264745,-0.000103,-0.000001,6.283214,0.000005,-0.523596,0.000000,0.000002,-0.000006,8.000032,-8.000035
285.045792,-22.064853,-0.000097,-0.000002,6.283213,0.000005,-0.523596,-0.000004,0.000000,-0.000003,8.000029,-8.000036
285.245684,-21.864962,-0.000091,-0.000003,6.283213,0.000005,-0.523597,-0.000001,0.000001,-0.000004,8.000025,-8.000036
285.445576,-21.665070,-0.000086,-0.000004,6.283212,0.000004,-0.523597,0.000000,0.000002,-0.000006,8.000023,-8.000039
285.645468,-21.465178,-0.000081,-0.000005,6.283210,0.000004,-0.523597,-0.000000,0.000003,-0.000007,8.000020,-8.000041
285.845360,-21.265286,-0.000076,-0.000006,6.283209,0.000004,-0.523597,0.000000,0.000002,-0.000006,8.000016,-8.000041
286.045252,-21.065394,-0.000071,-0.000007,6.283208,0.000004,-0.523597,-0.000000,0.000002,-0.000006,8.000014,-8.000042
286.245144,-20.865502,-0.000067,-0.000007,6.283206,0.000003,-0.523597,0.000000,0.000003,-0.000007,8.000012,-8.000043
286.445035,-20.665610,-0.000063,-0.000008,6.283205,0.000003,-0.523597,-0.000000,0.000003,-0.000007,8.000010,-8.000044
286.644927,-20.465719,-0.000059,-0.000008,6.283203,0.000003,-0.523597,0.000000,0.000002,-0.000007,8.000007,-8.000044
286.844819,-20.265827,-0.000056,-0.000009,6.283202,0.000003,-0.523597,-0.000000,0.000001,-0.000004,8.000005,-8.000044
287.044711,-20.065935,-0.000053,-0.000010,6.283201,0.000002,-0.523597,0.000000,0.000001,-0.000004,8.000004,-8.000044
287.244603,-19.866043,-0.000049,-0.000010,6.283200,0.000002,-0.523597,-0.000000,0.000003,-0.000007,8.000002,-8.000044
287.444495,-19.666151,-0.000046,-0.000010,6.283199,0.000002,-0.523597,0.000000,0.000001,-0.000004,8.000001,-8.000044
287.644387,-19.466259,-0.000044,-0.000011,6.283199,0.000002,-0.523597,-0.000000,0.000000,-0.000002,8.000000,-8.000044
287.844278,-19.266367,-0.000041,-0.000011,6.283198,0.000002,-0.523597,0.000000,0.000001,-0.000003,7.999999,-8.000044
288.044170,-19.066476,-0.000039,-0.000011,6.283197,0.000001,-0.523597,-0.000000,0.000001,-0.000004,7.999998,-8.000044
288.244062,-18.866584,-0.000036,-0.000012,6.283197,0.000001,-0.523597,0.000000,0.000001,-0.000004,7.999996,-8.000044
288.443954,-18.666692,-0.000034,-0.000012,6.283196,0.000001,-0.523597,-0.000000,0.000001,-0.000003,7.999995,-8.000044
288.643846,-18.466800,-0.000032,-0.000012,6.283195,0.000001,-0.523597,0.000000,0.000001,-0.000003,7.999995,-8.000043
288.843738,-18.266908,-0.000030,-0.000012,6.283195,0.000001,-0.523597,-0.000000,0.000000,-0.000002,7.999994,-8.000042
289.043630,-18.067016,-0.000028,-0.000013,6.283195,0.000001,-0.523597,0.000001,-0.000000,-0.000000,7.999994,-8.000042
289.243521,-17.867124,-0.000026,-0.000013,6.283195,0.000001,-0.523597,-0.000002,0.000000,-0.000001,7.999993,-8.000043
289.443413,-17.667233,-0.000024,-0.000013,6.283194,0.000001,-0.523598,-0.000004,0.000001,-0.000002,7.999992,-8.000042
289.643305,-17.467341,-0.000023,-0.000013,6.283194,0.000001,-0.523598,0.000001,-0.000000,-0.000000,7.999991,-8.000042
289.843197,-17.267449,-0.000021,-0.000013,6.283194,0.000000,-0.523598,-0.000000,0.000000,-0.000001,7.999990,-8.000042
290.043089,-17.067557,-0.000019,-0.000013,6.283194,0.000000,-0.523598,0.000000,0.000001,-0.000002,7.999991,-8.000041
290.242981,-16.867665,-0.000018,-0.000013,6.283193,0.000000,-0.523598,-0.000000,-0.000000,-0.000000,7.999990,-8.000041
290.442873,-16.667773,-0.000016,-0.000013,6.283193,0.000000,-0.523598,0.000000,0.000000,-0.000001,7.999988,-8.000042
290.642764,-16.467881,-0.000014,-0.000013,6.283193,0.000000,-0.523598,-0.000000,0.000001,-0.000002,7.999987,-8.000041
290.842656,-16.267990,-0.000013,-0.000013,6.283193,0.000000,-0.523598,0.000000,-0.000000,-0.000000,7.999987,-8.000041
291.042548,-16.068098,-0.000012,-0.000013,6.283192,0.000000,-0.523598,-0.000000,0.000000,-0.000001,7.999987,-8.000039
291.242440,-15.868206,-0.000010,-0.000014,6.283192,0.000000,-0.523598,0.000000,0.000001,-0.000002,7.999986,-8.000040
291.442332,-15.668314,-0.000009,-0.000014,6.283192,0.000000,-0.523598,-0.000000,0.000001,-0.000002,7.999986,-8.000040
291.642224,-15.468422,-0.000008,-0.000014,6.283191,-0.000000,-0.523598,0.000000,0.000001,-0.000002,7.999986,-8.000040
291.842116,-15.268530,-0.000006,-0.000014,6.283191,-0.000000,-0.523598,-0.000000,0.000001,-0.000003,7.999985,-8.000040
292.042007,-15.068638,-0.000005,-0.000014,6.283190,-0.000000,-0.523598,0.000000,0.000001,-0.000003,7.999985,-8.000039
292.241899,-14.868747,-0.000004,-0.000013,6.283190,-0.000000,-0.523598,-0.000000,0.000001,-0.000002,7.999984,-8.000038
292.441791,-14.668855,-0.000004,-0.000013,6.283190,-0.000000,-0.523598,0.000000,-0.000000,0.000000,7.999984,-8.000038
292.641683,-14.468963,-0.000003,-0.000013,6.283190,-0.000000,-0.523598,-0.000000,0.000000,-0.000001,7.999983,-8.000039
292.841575,-14.269071,-0.000002,-0.000013,6.283189,-0.000000,-0.523598,-0.000000,0.000001,-0.000002,7.999983,-8.000037
293.041467,-14.069179,-0.000001,-0.000013,6.283189,-0.000000,-0.523598,0.000000,0.000001,-0.000003,7.999983,-8.000037
293.241359,-13.869287,-0.000000,-0.000013,6.283188,-0.000000,-0.523598,0.000000,0.000001,-0.000002,7.999983,-8.000037
293.441251,-13.669395,0.000000,-0.000013,6.283188,-0.000000,-0.523598,0.000000,0.000000,-0.000001,7.999983,-8.000037
293.641142,-13.469504,0.000001,-0.000013,6.283188,-0.000001,-0.523598,-0.000000,0.000000,-0.000001,7.999983,-8.000036
293.841034,-13.269612,0.000001,-0.000013,6.283188,-0.000001,-0.523598,0.000000,0.000000,-0.000000,7.999983,-8.000035
294.040926,-13.069720,0.000002,-0.000013,6.283188,-0.000001,-0.523598,-0.000000,0.000000,-0.000000,7.999983,-8.000034
294.240818,-12.869828,0.000002,-0.000013,6.283187,-0.000001,-0.523598,0.000000,0.000001,-0.000002,7.999983,-8.000033
294.440710,-12.669936,0.000002,-0.000013,6.283187,-0.000001,-0.523598,-0.000000,0.000001,-0.000001,7.999983,-8.000033
294.640602,-12.470044,0.000003,-0.000012,6.283187,-0.000001,-0.523598,0.000000,-0.000000,0.000000,7.999984,-8.000032
294.840494,-12.270152,0.000003,-0.000012,6.283187,-0.000001,-0.523598,0.000000,-0.000000,0.000000,7.999984,-8.000032
295.040385,-12.070260,0.000003,-0.000012,6.283187,-0.000001,-0.523598,0.000000,-0.000000,0.000000,7.999984,-8.000032
295.240277,-11.870369,0.000004,-0.000012,6.283187,-0.000001,-0.523598,0.000000,-0.000000,0.000000,7.999983,-8.000031
295.440169,-11.670477,0.000004,-0.000012,6.283187,-0.000001,-0.523598,-0.000000,-0.000000,0.000000,7.999983,-8.000031
295.640061,-11.470585,0.000004,-0.000012,6.283187,-0.000001,-0.523598,0.000000,-0.000000,0.000000,7.999984,-8.000030
295.839953,-11.270693,0.000005,-0.000011,6.283187,-0.000001,-0.523598,-0.000000,0.000000,-0.000000,7.999984,-8.000029
296.039845,-11.070801,0.000005,-0.000011,6.283187,-0.000001,-0.523598,-0.000000,0.000001,-0.000002,7.999983,-8.000029
296.239737,-10.870909,0.000005,-0.000011,6.283186,-0.000001,-0.523598,-0.000000,0.000001,-0.000002,7.999984,-8.000028
296.439628,-10.671017,0.000006,-0.000011,6.283186,-0.000001,-0.523598,0.000000,0.000000,-0.000000,7.999984,-8.000028
296.639520,-10.471126,0.000006,-0.000011,6.283186,-0.000001,-0.523598,-0.000000,-0.000000,0.000000,7.999984,-8.000027
296.839412,-10.271234,0.000006,-0.000011,6.283186,-0.000001,-0.523598,0.000000,-0.000000,0.000000,7.999984,-8.000026
297.039304,-10.071342,0.000006,-0.000010,6.283186,-0.000001,-0.523598,-0.000000,-0.000000,0.000000,7.999984,-8.000026
297.239196,-9.871450,0.000006,-0.000010,6.283186,-0.000001,-0.523598,0.000000,0.000001,-0.000002,7.999985,-8.000025
297.439088,-9.671558,0.000007,-0.000010,6.283186,-0.000001,-0.523598,-0.000000,0.000001,-0.000002,7.999985,-8.000025
297.638980,-9.471666,0.000007,-0.000010,6.283186,-0.000001,-0.523598,0.000000,0.000000,-0.000000,7.999985,-8.000025
297.838871,-9.271774,0.000007,-0.000010,6.283185,-0.000001,-0.523598,-0.000000,0.000000,-0.000001,7.999985,-8.000025
298.038763,-9.071883,0.000007,-0.000010,6.283185,-0.000001,-0.523598,0.000000,0.000000,-0.000001,7.999986,-8.000024
298.238655,-8.871991,0.000007,-0.000009,6.283185,-0.000001,-0.523598,-0.000000,-0.000001,0.000001,7.999986,-8.000024
298.438547,-8.672099,0.000007,-0.000009,6.283186,-0.000001,-0.523598,0.000000,-0.000001,0.000001,7.999987,-8.000023
298.638439,-8.472207,0.000007,-0.000009,6.283186,-0.000001,-0.523598,-0.000000,0.000000,-0.000000,7.999986,-8.000022
298.838331,-8.272315,0.000007,-0.000009,6.283186,-0.000001,-0.523598,0.000000,0.000001,-0.000001,7.999986,-8.000022
299.038223,-8.072423,0.000007,-0.000009,6.283185,-0.000001,-0.523598,-0.000000,0.000000,-0.000001,7.999986,-8.000022
299.238114,-7.872531,0.000007,-0.000009,6.283185,-0.000001,-0.523598,0.000001,0.000000,-0.000000,7.999987,-8.000021
299.438006,-7.672640,0.000007,-0.000008,6.283185,-0.000001,-0.523598,-0.000004,0.000000,-0.000001,7.999987,-8.000021
299.637898,-7.472748,0.000007,-0.000008,6.283185,-0.000001,-0.523599,-0.000002,0.000000,-0.000001,7.999988,-8.000020
299.837790,-7.272856,0.000007,-0.000008,6.283185,-0.000001,-0.523599,0.000001,-0.000000,0.000000,7.999988,-8.000020
300.037682,-7.072964,0.000006,-0.000008,6.283185,-0.000001,-0.523599,-0.000000,-0.000000,0.000000,7.999988,-8.000019
300.237574,-6.873072,0.000006,-0.000008,6.283185,-0.000001,-0.523599,0.000000,0.000000,-0.000001,7.999988,-8.000019
300.437466,-6.673180,0.000006,-0.000008,6.283185,-0.000001,-0.523599,-0.000000,0.000001,-0.000001,7.999988,-8.000018
300.637357,-6.473288,0.000006,-0.000007,6.283184,-0.000001,-0.523599,0.000000,0.000000,-0.000000,7.999988,-8.000018
300.837249,-6.273397,0.000006,-0.000007,6.283184,-0.000001,-0.523599,-0.000000,-0.000000,0.000000,7.999989,-8.000017
301.037141,-6.073505,0.000006,-0.000007,6.283184,-0.000001,-0.523599,0.000000,-0.000000,0.000000,7.999989,-8.000017
301.237033,-5.873613,0.000006,-0.000007,6.283185,-0.000001,-0.523599,-0.000000,-0.000000,0.000000,7.999989,-8.000017
301.436925,-5.673721,0.000006,-0.000007,6.283185,-0.000001,-0.523599,0.000000,-0.000000,0.000000,7.999990,-8.000016
301.636817,-5.473829,0.000005,-0.000006,6.283185,-0.000001,-0.523599,-0.000000,-0.000000,0.000000,7.999990,-8.000016
301.836709,-5.273937,0.000005,-0.000006,6.283185,-0.000001,-0.523599,0.000000,-0.000000,0.000000,7.999990,-8.000016
302.036600,-5.074045,0.000005,-0.000006,6.283185,-0.000001,-0.523599,-0.000000,0.000000,-0.000000,7.999990,-8.000014
302.236492,-4.874154,0.000005,-0.000006,6.283184,-0.000001,-0.523599,0.000000,0.000001,-0.000001,7.999990,-8.000013
302.436384,-4.674262,0.000005,-0.000006,6.283184,-0.000001,-0.523599,-0.000000,-0.000000,0.000000,7.999991,-8.000013
302.636276,-4.474370,0.000005,-0.000005,6.283185,-0.000001,-0.523599,0.000000,-0.000001,0.000001,7.999991,-8.000013
302.836168,-4.274478,0.000004,-0.000005,6.283185,-0.000001,-0.523599,-0.000000,-0.000000,0.000000,7.999991,-8.000013
303.036060,-4.074586,0.000004,-0.000005,6.283185,-0.000001,-0.523599,-0.000000,0.000001,-0.000001,7.999992,-8.000012
303.235952,-3.874694,0.000004,-0.000005,6.283184,-0.000001,-0.523599,-0.000000,0.000001,-0.000002,7.999992,-8.000012
303.435844,-3.674802,0.000004,-0.000005,6.283184,-0.000001,-0.523599,-0.000000,0.000000,-0.000001,7.999993,-8.000011
303.635735,-3.474911,0.000004,-0.000004,6.283184,-0.000001,-0.523599,0.000000,-0.000000,0.000000,7.999993,-8.000011
303.835627,-3.275019,0.000003,-0.000004,6.283184,-0.000001,-0.523599,0.000000,-0.000000,0.000000,7.999994,-8.000010
304.035519,-3.075127,0.000003,-0.000004,6.283184,-0.000001,-0.523599,0.000000,-0.000000,0.000000,7.999994,-8.000010
304.235411,-2.875235,0.000003,-0.000004,6.283184,-0.000001,-0.523599,0.000000,-0.000000,0.000000,7.999994,-8.000010
304.435303,-2.675343,0.000002,-0.000004,6.283184,-0.000001,-0.523599,-0.000000,0.000000,0.000000,7.999995,-8.000009
304.635195,-2.475451,0.000002,-0.000003,6.283184,-0.000001,-0.523599,-0.000000,0.000000,-0.000000,7.999995,-8.000009
304.835087,-2.275559,0.000002,-0.000003,6.283184,-0.000001,-0.523599,0.000000,-0.000000,0.000001,7.999996,-8.000008
305.034978,-2.075667,0.000002,-0.000003,6.283184,-0.000001,-0.523599,0.000000,-0.000001,0.000001,7.999997,-8.000007
305.234870,-1.875776,0.000001,-0.000003,6.283184,-0.000001,-0.523599,0.000000,-0.000000,0.000001,7.999997,-8.000007
305.434762,-1.675884,0.000001,-0.000003,6.283185,-0.000001,-0.523599,0.000000,-0.000000,0.000000,7.999997,-8.000007
305.634654,-1.475992,0.000001,-0.000002,6.283185,-0.000001,-0.523599,-0.000000,-0.000001,0.000001,7.999997,-8.000007
305.834546,-1.276100,0.000001,-0.000002,6.283185,-0.000001,-0.523599,0.000000,-0.000000,0.000001,7.999997,-8.000006
306.034438,-1.076208,0.000001,-0.000002,6.283185,-0.000001,-0.523599,-0.000000,0.000000,-0.000000,7.999997,-8.000005
306.234330,-0.876316,0.000001,-0.000002,6.283185,-0.000001,-0.523599,0.000000,0.000000,-0.000000,7.999998,-8.000004
306.434221,-0.676424,0.000001,-0.000002,6.283185,-0.000001,-0.523599,0.000000,-0.000000,0.000000,7.999998,-8.000004
306.634113,-0.476533,0.000001,-0.000001,6.283185,-0.000001,-0.523599,0.000000,-0.000000,0.000000,7.999998,-8.000004
306.834005,-0.276641,0.000001,-0.000001,6.283185,-0.000001,-0.523599,-0.000000,0.000000,-0.000001,7.999998,-8.000004
307.033897,-0.076749,0.000001,-0.000001,6.283185,-0.000001,-0.523599,-0.000000,0.000001,-0.000002,7.999999,-8.000003
