s_m,ref_line_x_m,ref_line_y_m,ref_line_z_m,theta_rad,mu_rad,phi_rad,omega_x_radpm,omega_y_radpm,omega_z_radpm,track_width_left_m,track_width_right_m
0.000000,-0.076726,-0.000001,-0.000000,0.000002,0.000000,-1.570796,0.000000,-0.000001,0.000000,8.000000,-8.000000
0.199921,0.123195,-0.000001,-0.000000,0.000002,0.000000,-1.570796,-0.000000,0.000000,0.000000,8.000000,-8.000000
0.399841,0.323115,-0.000001,-0.000000,0.000002,0.000000,-1.570796,0.000000,0.000001,-0.000000,8.000000,-8.000000
0.599762,0.523036,-0.000000,-0.000000,0.000001,0.000000,-1.570796,-0.000000,0.000002,-0.000000,8.000000,-8.000000
0.799682,0.722956,-0.000000,-0.000000,0.000001,0.000000,-1.570796,0.000000,0.000002,-0.000000,8.000000,-8.000000
0.999603,0.922877,0.000000,-0.000000,0.000000,0.000000,-1.570796,-0.000000,0.000002,-0.000000,8.000000,-8.000000
1.199523,1.122797,0.000000,-0.000000,0.000000,0.000000,-1.570796,0.000000,0.000001,-0.000000,8.000000,-8.000000
1.399444,1.322718,0.000000,-0.000000,-0.000000,0.000000,-1.570796,0.000000,0.000001,0.000000,8.000000,-8.000000
1.599365,1.522638,0.000000,-0.000000,-0.000000,0.000000,-1.570796,-0.000000,0.000000,0.000000,8.000000,-8.000000
1.799285,1.722559,0.000000,-0.000000,-0.000000,0.000000,-1.570796,0.000000,0.000000,0.000000,8.000000,-8.000000
1.999206,1.922480,0.000000,-0.000000,-0.000000,0.000000,-1.570796,-0.000000,-0.000000,0.000000,8.000000,-8.000000
2.199126,2.122400,0.000000,-0.000000,-0.000000,0.000000,-1.570796,0.000000,-0.000000,0.000000,8.000000,-8.000000
2.399047,2.322321,-0.000000,-0.000000,-0.000000,0.000000,-1.570796,0.000000,-0.000000,0.000000,8.000000,-8.000000
2.598967,2.522241,-0.000000,-0.000000,-0.000000,0.000000,-1.570796,-0.000000,-0.000000,0.000000,8.000000,-8.000000
2.798888,2.722162,-0.000000,-0.000000,0.000000,0.000000,-1.570796,-0.000000,-0.000000,0.000000,8.000000,-8.000000
2.998808,2.922082,-0.000000,-0.000000,0.000000,0.000000,-1.570796,0.000000,-0.000000,0.000000,8.000000,-8.000000
3.198729,3.122003,-0.000000,-0.000000,0.000000,0.000000,-1.570796,-0.000000,0.000000,0.000000,8.000000,-8.000000
3.398650,3.321924,-0.000000,-0.000000,0.000000,0.000000,-1.570796,0.000000,0.000000,0.000000,8.000000,-8.000000
3.598570,3.521844,-0.000000,-0.000000,0.000000,0.000000,-1.570796,-0.000000,0.000000,0.000000,8.000000,-8.000000
3.798491,3.721765,0.000000,-0.000000,0.000000,0.000000,-1.570796,0.000000,0.000000,0.000000,8.000000,-8.000000
3.998411,3.921685,0.000000,-0.000000,0.000000,0.000000,-1.570796,0.000000,0.000000,0.000000,8.000000,-8.000000
4.198332,4.121606,0.000000,-0.000000,-0.000000,0.000000,-1.570796,-0.000000,0.000000,0.000000,8.000000,-8.000000
4.398252,4.321526,0.000000,-0.000000,-0.000000,0.000000,-1.570796,0.000000,0.000000,0.000000,8.000000,-8.000000
4.598173,4.521447,0.000000,-0.000000,-0.000000,0.000000,-1.570796,-0.000000,-0.000000,0.000000,8.000000,-8.000000
4.798094,4.721368,0.000000,-0.000000,-0.000000,0.000000,-1.570796,-0.000000,-0.000000,0.000000,8.000000,-8.000000
4.998014,4.921288,0.000000,-0.000000,-0.000000,0.000000,-1.570796,0.000000,-0.000000,0.000000,8.000000,-8.000000
5.197935,5.121209,-0.000000,-0.000000,-0.000000,0.000000,-1.570796,0.000000,-0.000000,0.000000,8.000000,-8.000000
5.397855,5.321129,-0.000000,-0.000000,-0.000000,0.000000,-1.570796,-0.000000,-0.000000,0.000000,8.000000,-8.000000
5.597776,5.521050,-0.000000,-0.000000,0.000000,0.000000,-1.570796,0.000000,-0.000000,0.000000,8.000000,-8.000000
5.797696,5.720970,-0.000000,-0.000000,0.000000,0.000000,-1.570796,0.000000,-0.000000,0.000000,8.000000,-8.000000
5.997617,5.920891,-0.000000,-0.000000,0.000000,0.000000,-1.570796,-0.000000,0.000000,0.000000,8.000000,-8.000000
6.197538,6.120811,-0.000000,-0.000000,0.000000,0.000000,-1.570796,0.000000,0.000000,0.000000,8.000000,-8.000000
6.397458,6.320732,-0.000000,-0.000000,0.000000,0.000000,-1.570796,-0.000000,0.000000,0.000000,8.000000,-8.000000
6.597379,6.520653,0.000000,-0.000000,0.000000,0.000000,-1.570796,0.000000,0.000000,0.000000,8.000000,-8.000000
6.797299,6.720573,0.000000,-0.000000,0.000000,0.000000,-1.570796,-0.000000,0.000000,0.000000,8.000000,-8.000000
6.997220,6.920494,0.000000,-0.000000,-0.000000,0.000000,-1.570796,0.000000,0.000000,0.000000,8.000000,-8.000000
7.197140,7.120414,0.000000,-0.000000,-0.000000,0.000000,-1.570796,-0.000000,0.000000,0.000000,8.000000,-8.000000
7.397061,7.320335,0.000000,-0.000000,-0.000000,0.000000,-1.570796,-0.000000,0.000000,0.000000,8.000000,-8.000000
7.596981,7.520255,0.000000,-0.000000,-0.000000,0.000000,-1.570796,0.000000,-0.000000,0.000000,8.000000,-8.000000
7.796902,7.720176,0.000000,-0.000000,-0.000000,0.000000,-1.570796,-0.000000,-0.000000,0.000000,8.000000,-8.000000
7.996823,7.920097,-0.000000,-0.000000,-0.000000,0.000000,-1.570796,0.000000,-0.000000,0.000000,8.000000,-8.000000
8.196743,8.120017,-0.000000,-0.000000,-0.000000,0.000000,-1.570796,-0.000000,-0.000000,0.000000,8.000000,-8.000000
8.396664,8.319938,-0.000000,-0.000000,0.000000,0.000000,-1.570796,-0.000000,-0.000000,0.000000,8.000000,-8.000000
8.596584,8.519858,-0.000000,-0.000000,0.000000,0.000000,-1.570796,-0.000000,-0.000000,0.000000,8.000000,-8.000000
8.796505,8.719779,-0.000000,-0.000000,0.000000,0.000000,-1.570796,0.000000,-0.000000,0.000000,8.000000,-8.000000
8.996425,8.919699,-0.000000,-0.000000,0.000000,0.000000,-1.570796,-0.000000,0.000000,0.000000,8.000000,-8.000000
9.196346,9.119620,-0.000000,-0.000000,0.000000,0.000000,-1.570796,0.000000,0.000000,0.000000,8.000000,-8.000000
9.396267,9.319541,0.000000,-0.000000,0.000000,0.000000,-1.570796,-0.000000,0.000000,0.000000,8.000000,-8.000000
9.596187,9.519461,0.000000,-0.000000,0.000000,0.000000,-1.570796,0.000000,0.000000,0.000000,8.000000,-8.000000
9.796108,9.719382,0.000000,-0.000000,-0.000000,0.000000,-1.570796,-0.000000,0.000000,0.000000,8.000000,-8.000000
9.996028,9.919302,0.000000,-0.000000,-0.000000,0.000000,-1.570796,0.000000,0.000000,0.000000,8.000000,-8.000000
10.195949,10.119223,0.000000,-0.000000,-0.000000,0.000000,-1.570796,-0.000000,0.000000,0.000000,8.000000,-8.000000
10.395869,10.319143,0.000000,-0.000000,-0.000000,0.000000,-1.570796,0.000000,-0.000000,0.000000,8.000000,-8.000000
10.595790,10.519064,0.000000,-0.000000,-0.000000,0.000000,-1.570796,-0.000000,-0.000000,0.000000,8.000000,-8.000000
10.795711,10.718984,-0.000000,-0.000000,-0.000000,0.000000,-1.570796,0.000000,-0.000000,0.000000,8.000000,-8.000000
10.995631,10.918905,-0.000000,-0.000000,-0.000000,0.000000,-1.570796,-0.000000,-0.000000,0.000000,8.000000,-8.000000
11.195552,11.118826,-0.000000,-0.000000,0.000000,0.000000,-1.570796,0.000000,-0.000000,0.000000,8.000000,-8.000000
11.395472,11.318746,-0.000000,-0.000000,0.000000,0.000000,-1.570796,-0.000000,-0.000000,0.000000,8.000000,-8.000000
11.595393,11.518667,-0.000000,-0.000000,0.000000,0.000000,-1.570796,-0.000000,-0.000000,0.000000,8.000000,-8.000000
11.795313,11.718587,-0.000000,-0.000000,0.000000,0.000000,-1.570796,0.000000,0.000000,0.000000,8.000000,-8.000000
11.995234,11.918508,-0.000000,-0.000000,0.000000,0.000000,-1.570796,-0.000000,0.000000,0.000000,8.000000,-8.000000
12.195154,12.118428,0.000000,-0.000000,0.000000,0.000000,-1.570796,0.000000,0.000000,0.000000,8.000000,-8.000000
12.395075,12.318349,0.000000,-0.000000,0.000000,0.000000,-1.570796,0.000000,0.000000,0.000000,8.000000,-8.000000
12.594996,12.518270,0.000000,-0.000000,-0.000000,0.000000,-1.570796,-0.000000,0.000000,0.000000,8.000000,-8.000000
12.794916,12.718190,0.000000,-0.000000,-0.000000,0.000000,-1.570796,0.000000,0.000000,0.000000,8.000000,-8.000000
12.994837,12.918111,0.000000,-0.000000,-0.000000,0.000000,-1.570796,-0.000000,-0.000000,0.000000,8.000000,-8.000000
13.194757,13.118031,0.000000,-0.000000,-0.000000,0.000000,-1.570796,0.000000,-0.000000,0.000000,8.000000,-8.000000
13.394678,13.317952,0.000000,-0.000000,-0.000000,0.000000,-1.570796,-0.000000,-0.000000,0.000000,8.000000,-8.000000
13.594598,13.517872,0.000000,-0.000000,0.000000,0.000000,-1.570796,0.000000,-0.000000,0.000000,8.000000,-8.000000
13.794519,13.717793,0.000000,-0.000000,0.000000,0.000000,-1.570796,0.000000,0.000000,0.000000,8.000000,-8.000000
13.994440,13.917714,0.000000,-0.000000,-0.000000,0.000000,-1.570796,-0.000000,0.000000,0.000000,8.000000,-8.000000
14.194360,14.117634,0.000000,-0.000000,-0.000000,0.000000,-1.570796,-0.000000,0.000000,0.000000,8.000000,-8.000000
14.394281,14.317555,-0.000000,-0.000000,-0.000000,0.000000,-1.570796,0.000000,0.000000,0.000000,8.000000,-8.000000
14.594201,14.517475,-0.000000,-0.000000,-0.000000,0.000000,-1.570796,-0.000000,0.000000,0.000000,8.000000,-8.000000
14.794122,14.717396,-0.000000,-0.000000,-0.000000,0.000000,-1.570796,0.000000,0.000000,0.000000,8.000000,-8.000000
14.994042,14.917316,-0.000000,-0.000000,-0.000000,0.000000,-1.570796,0.000000,-0.000000,0.000000,8.000000,-8.000000
15.193963,15.117237,-0.000000,-0.000000,-0.000000,0.000000,-1.570796,-0.000000,-0.000000,0.000000,8.000000,-8.000000
15.393884,15.317157,-0.000000,-0.000000,0.000000,0.000000,-1.570796,0.000000,-0.000000,0.000000,8.000000,-8.000000
15.593804,15.517078,-0.000000,-0.000000,0.000000,0.000000,-1.570796,0.000000,-0.000000,0.000000,8.000000,-8.000000
15.793725,15.716999,0.000000,-0.000000,0.000000,0.000000,-1.570796,-0.000000,-0.000000,0.000000,8.000000,-8.000000
15.993645,15.916919,0.000000,-0.000000,0.000000,0.000000,-1.570796,0.000000,-0.000000,0.000000,8.000000,-8.000000
16.193566,16.116840,0.000000,-0.000000,0.000000,0.000000,-1.570796,0.000000,-0.000000,0.000000,8.000000,-8.000000
16.393486,16.316760,0.000000,-0.000000,0.000000,0.000000,-1.570796,0.000000,0.000000,0.000000,8.000000,-8.000000
16.593407,16.516681,0.000000,-0.000000,0.000000,0.000000,-1.570796,-0.000000,0.000000,0.000000,8.000000,-8.000000
16.793327,16.716601,0.000000,-0.000000,-0.000000,0.000000,-1.570796,0.000000,0.000000,0.000000,8.000000,-8.000000
16.993248,16.916522,0.000000,-0.000000,-0.000000,0.000000,-1.570796,0.000000,0.000000,0.000000,8.000000,-8.000000
17.193169,17.116443,-0.000000,-0.000000,-0.000000,0.000000,-1.570796,-0.000000,0.000000,0.000000,8.000000,-8.000000
17.393089,17.316363,-0.000000,-0.000000,-0.000000,0.000000,-1.570796,0.000000,0.000000,0.000000,8.000000,-8.000000
17.593010,17.516284,-0.000000,-0.000000,-0.000000,0.000000,-1.570796,-0.000000,0.000000,0.000000,8.000000,-8.000000
17.792930,17.716204,-0.000000,-0.000000,-0.000000,0.000000,-1.570796,0.000000,-0.000000,0.000000,8.000000,-8.000000
17.992851,17.916125,-0.000000,-0.000000,-0.000000,0.000000,-1.570796,-0.000000,-0.000000,0.000000,8.000000,-8.000000
18.192771,18.116045,-0.000000,-0.000000,0.000000,0.000000,-1.570796,-0.000000,-0.000000,0.000000,8.000000,-8.000000
18.392692,18.315966,-0.000000,-0.000000,0.000000,0.000000,-1.570796,0.000000,-0.000000,0.000000,8.000000,-8.000000
18.592613,18.515887,0.000000,-0.000000,0.000000,0.000000,-1.570796,-0.000000,-0.000000,0.000000,8.000000,-8.000000
18.792533,18.715807,0.000000,-0.000000,0.000000,0.000000,-1.570796,-0.000000,-0.000000,0.000000,8.000000,-8.000000
18.992454,18.915728,0.000000,-0.000000,0.000000,0.000000,-1.570796,0.000000,-0.000000,0.000000,8.000000,-8.000000
19.192374,19.115648,0.000000,-0.000000,0.000000,0.000000,-1.570796,-0.000000,0.000000,0.000000,8.000000,-8.000000
19.392295,19.315569,0.000000,-0.000000,0.000000,0.000000,-1.570796,0.000000,0.000000,0.000000,8.000000,-8.000000
19.592215,19.515489,0.000000,-0.000000,-0.000000,0.000000,-1.570796,-0.000000,0.000000,0.000000,8.000000,-8.000000
19.792136,19.715410,0.000000,-0.000000,-0.000000,0.000000,-1.570796,0.000000,0.000000,0.000000,8.000000,-8.000000
19.992057,19.915330,-0.000000,-0.000000,-0.000000,0.000000,-1.570796,0.000000,0.000000,0.000000,8.000000,-8.000000
20.191977,20.115251,-0.000000,-0.000000,-0.000000,0.000000,-1.570796,-0.000000,0.000000,0.000000,8.000000,-8.000000
20.391898,20.315172,-0.000000,-0.000000,-0.000000,0.000000,-1.570796,0.000000,0.000000,0.000000,8.000000,-8.000000
20.591818,20.515092,-0.000000,-0.000000,-0.000000,0.000000,-1.570796,-0.000000,-0.000000,0.000000,8.000000,-8.000000
20.791739,20.715013,-0.000000,-0.000000,-0.000000,0.000000,-1.570796,0.000000,-0.000000,0.000000,8.000000,-8.000000
20.991659,20.914933,-0.000000,-0.000000,0.000000,0.000000,-1.570796,-0.000000,-0.000000,0.000000,8.000000,-8.000000
21.191580,21.114854,-0.000000,-0.000000,0.000000,0.000000,-1.570796,-0.000000,-0.000000,0.000000,8.000000,-8.000000
21.391500,21.314774,0.000000,-0.000000,0.000000,0.000000,-1.570796,0.000000,-0.000000,0.000000,8.000000,-8.000000
21.591421,21.514695,0.000000,-0.000000,0.000000,0.000000,-1.570796,0.000000,-0.000000,0.000000,8.000000,-8.000000
21.791342,21.714616,0.000000,-0.000000,0.000000,0.000000,-1.570796,-0.000000,-0.000000,0.000000,8.000000,-8.000000
21.991262,21.914536,0.000000,-0.000000,0.000000,0.000000,-1.570796,0.000000,0.000000,0.000000,8.000000,-8.000000
22.191183,22.114457,0.000000,-0.000000,0.000000,0.000000,-1.570796,-0.000000,0.000000,0.000000,8.000000,-8.000000
22.391103,22.314377,0.000000,-0.000000,-0.000000,0.000000,-1.570796,-0.000000,0.000000,0.000000,8.000000,-8.000000
22.591024,22.514298,0.000000,-0.000000,-0.000000,0.000000,-1.570796,-0.000000,0.000000,0.000000,8.000000,-8.000000
22.790944,22.714218,0.000000,-0.000000,-0.000000,0.000000,-1.570796,-0.000000,0.000000,0.000000,8.000000,-8.000000
22.990865,22.914139,-0.000000,-0.000000,-0.000000,0.000000,-1.570796,0.000000,0.000000,0.000000,8.000000,-8.000000
23.190786,23.114060,-0.000000,-0.000000,-0.000000,0.000000,-1.570796,-0.000000,0.000000,0.000000,8.000000,-8.000000
23.390706,23.313980,-0.000000,-0.000000,-0.000000,0.000000,-1.570796,0.000000,-0.000000,0.000000,8.000000,-8.000000
23.590627,23.513901,-0.000000,-0.000000,-0.000000,0.000000,-1.570796,-0.000000,-0.000000,0.000000,8.000000,-8.000000
23.790547,23.713821,-0.000000,-0.000000,0.000000,0.000000,-1.570796,0.000000,-0.000000,0.000000,8.000000,-8.000000
23.990468,23.913742,-0.000000,-0.000000,0.000000,0.000000,-1.570796,-0.000000,-0.000000,0.000000,8.000000,-8.000000
24.190388,24.113662,0.000000,-0.000000,0.000000,0.000000,-1.570796,0.000000,-0.000000,0.000000,8.000000,-8.000000
24.390309,24.313583,0.000000,-0.000000,0.000000,0.000000,-1.570796,-0.000000,-0.000000,0.000000,8.000000,-8.000000
24.590230,24.513503,0.000000,-0.000000,0.000000,0.000000,-1.570796,0.000000,-0.000000,0.000000,8.000000,-8.000000
24.790150,24.713424,0.000000,-0.000000,0.000000,0.000000,-1.570796,-0.000000,-0.000000,0.000000,8.000000,-8.000000
24.990071,24.913345,0.000000,-0.000000,0.000000,0.000000,-1.570796,0.000000,0.000000,0.000000,8.000000,-8.000000
25.189991,25.113265,0.000000,-0.000000,0.000000,0.000000,-1.570796,-0.000000,0.000000,0.000000,8.000000,-8.000000
25.389912,25.313186,0.000000,-0.000000,0.000000,0.000000,-1.570796,0.000000,0.000000,0.000000,8.000000,-8.000000
25.589832,25.513106,0.000000,-0.000000,0.000000,0.000000,-1.570796,0.000000,-0.000000,0.000000,8.000000,-8.000000
25.789753,25.713027,0.000000,-0.000000,0.000000,0.000000,-1.570796,-0.000000,-0.000001,0.000000,8.000000,-8.000000
25.989673,25.912947,0.000000,-0.000000,0.000001,0.000000,-1.570796,0.000000,-0.000003,0.000000,8.000000,-8.000000
26.189594,26.112868,0.000000,-0.000000,0.000001,0.000000,-1.570796,-0.000000,-0.000006,0.000000,8.000000,-8.000000
26.389515,26.312789,0.000001,-0.000000,0.000003,0.000000,-1.570796,-0.000000,-0.000010,0.000000,8.000000,-8.000000
26.589435,26.512709,0.000002,-0.000000,0.000006,0.000000,-1.570796,-0.000000,-0.000017,0.000000,8.000000,-8.000000
26.789356,26.712630,0.000003,-0.000000,0.000010,0.000000,-1.570796,-0.000000,-0.000027,0.000000,8.000000,-8.000000
26.989276,26.912550,0.000006,-0.000000,0.000017,0.000000,-1.570796,-0.000000,-0.000040,0.000000,8.000000,-8.000000
27.189197,27.112471,0.000010,-0.000000,0.000026,0.000000,-1.570796,-0.000000,-0.000057,0.000000,8.000000,-8.000000
27.389117,27.312391,0.000017,-0.000000,0.000040,0.000000,-1.570796,-0.000000,-0.000080,0.000000,8.000000,-8.000000
27.589038,27.512312,0.000026,-0.000000,0.000059,0.000000,-1.570796,-0.000000,-0.000109,0.000000,8.000000,-8.000000
27.788959,27.712233,0.000041,-0.000000,0.000084,0.000000,-1.570796,-0.000000,-0.000144,0.000000,8.000000,-8.000000
27.988879,27.912153,0.000061,-0.000000,0.000117,0.000000,-1.570796,-0.000000,-0.000187,0.000000,8.000000,-8.000000
28.188800,28.112074,0.000088,-0.000000,0.000160,0.000000,-1.570796,-0.000000,-0.000239,0.000000,8.000000,-8.000000
28.388720,28.311994,0.000125,-0.000000,0.000214,0.000000,-1.570796,-0.000000,-0.000299,0.000000,8.000000,-8.000000
28.588641,28.511915,0.000175,-0.000000,0.000281,0.000000,-1.570796,-0.000000,-0.000370,0.000000,8.000000,-8.000000
28.788561,28.711835,0.000239,-0.000000,0.000363,0.000000,-1.570796,-0.000000,-0.000453,0.000000,8.000000,-8.000000
28.988482,28.911756,0.000321,-0.000000,0.000463,0.000000,-1.570796,-0.000000,-0.000547,0.000000,8.000000,-8.000000
29.188403,29.111676,0.000425,-0.000000,0.000583,0.000000,-1.570796,-0.000000,-0.000654,0.000000,8.000000,-8.000000
29.388323,29.311597,0.000555,-0.000000,0.000726,0.000000,-1.570796,-0.000000,-0.000774,0.000000,8.000000,-8.000000
29.588244,29.511517,0.000717,-0.000000,0.000894,0.000000,-1.570796,-0.000000,-0.000908,0.000000,8.000000,-8.000000
29.788164,29.711438,0.000915,-0.000000,0.001090,0.000000,-1.570796,-0.000000,-0.001057,0.000000,8.000000,-8.000000
29.988085,29.911358,0.001155,-0.000000,0.001318,0.000000,-1.570796,-0.000000,-0.001222,0.000000,8.000000,-8.000000
30.188005,30.111279,0.001444,-0.000000,0.001580,0.000000,-1.570796,-0.000000,-0.001402,0.000000,8.000000,-8.000000
30.387926,30.311199,0.001789,-0.000000,0.001880,0.000000,-1.570796,-0.000000,-0.001599,0.000000,8.000000,-8.000000
30.587846,30.511119,0.002198,-0.000000,0.002221,0.000000,-1.570796,-0.000000,-0.001813,0.000000,8.000000,-8.000000
30.787767,30.711039,0.002680,-0.000000,0.002607,0.000000,-1.570796,-0.000000,-0.002045,0.000000,8.000000,-8.000000
30.987688,30.910959,0.003244,-0.000000,0.003041,0.000000,-1.570796,-0.000000,-0.002294,0.000000,8.000000,-8.000000
31.187608,31.110878,0.003900,-0.000000,0.003526,0.000000,-1.570796,-0.000000,-0.002562,0.000000,8.000000,-8.000000
31.387529,31.310797,0.004658,-0.000000,0.004067,0.000000,-1.570796,-0.000000,-0.002848,0.000000,8.000000,-8.000000
31.587449,31.510716,0.005530,-0.000000,0.004667,0.000000,-1.570796,-0.000000,-0.003154,0.000000,8.000000,-8.000000
31.787370,31.710634,0.006528,-0.000000,0.005330,0.000000,-1.570796,-0.000000,-0.003478,0.000000,8.000000,-8.000000
31.987290,31.910551,0.007665,-0.000000,0.006060,0.000000,-1.570796,-0.000000,-0.003822,0.000000,8.000000,-8.000000
32.187211,32.110468,0.008956,-0.000000,0.006860,0.000000,-1.570796,-0.000000,-0.004185,0.000000,8.000000,-8.000000
32.387132,32.310383,0.010413,-0.000000,0.007735,0.000000,-1.570796,-0.000000,-0.004567,0.000000,8.000000,-8.000000
32.587052,32.510297,0.012053,-0.000000,0.008688,0.000000,-1.570796,-0.000000,-0.004968,0.000000,8.000000,-8.000000
32.786973,32.710209,0.013892,-0.000000,0.009723,0.000000,-1.570796,-0.000000,-0.005388,0.000000,8.000000,-8.000000
32.986893,32.910119,0.015947,-0.000000,0.010844,0.000000,-1.570796,-0.000000,-0.005828,0.000000,8.000000,-8.000000
33.186814,33.110027,0.018234,-0.000000,0.012055,0.000000,-1.570796,-0.000000,-0.006285,0.000000,8.000000,-8.000000
33.386734,33.309931,0.020773,-0.000000,0.013359,0.000000,-1.570796,-0.000000,-0.006761,0.000000,8.000000,-8.000000
33.586655,33.509832,0.023582,-0.000000,0.014760,0.000000,-1.570796,-0.000000,-0.007254,0.000000,8.000000,-8.000000
33.786576,33.709728,0.026681,-0.000000,0.016261,0.000000,-1.570796,-0.000000,-0.007764,0.000000,8.000000,-8.000000
33.986496,33.909620,0.030090,-0.000000,0.017866,0.000000,-1.570796,-0.000000,-0.008291,0.000000,8.000000,-8.000000
34.186417,34.109505,0.033831,-0.000000,0.019578,0.000000,-1.570796,-0.000000,-0.008834,0.000000,8.000000,-8.000000
34.386337,34.309384,0.037925,-0.000000,0.021400,0.000000,-1.570796,-0.000000,-0.009394,0.000000,8.000000,-8.000000
34.586258,34.509254,0.042395,-0.000000,0.023335,0.000000,-1.570796,-0.000000,-0.009968,0.000000,8.000000,-8.000000
34.786178,34.709116,0.047262,-0.000000,0.025387,0.000000,-1.570796,-0.000000,-0.010558,0.000000,8.000000,-8.000000
34.986099,34.908966,0.052552,-0.000000,0.027558,0.000000,-1.570796,-0.000000,-0.011161,0.000000,8.000000,-8.000000
35.186019,35.108805,0.058288,-0.000000,0.029851,0.000000,-1.570796,-0.000000,-0.011778,0.000000,8.000000,-8.000000
35.385940,35.308629,0.064494,-0.000000,0.032268,0.000000,-1.570796,-0.000000,-0.012406,0.000000,8.000000,-8.000000
35.585861,35.508437,0.071196,-0.000000,0.034812,0.000000,-1.570796,-0.000000,-0.013044,0.000000,8.000000,-8.000000
35.785781,35.708227,0.078419,-0.000000,0.037485,0.000000,-1.570796,-0.000000,-0.013692,0.000000,8.000000,-8.000000
35.985702,35.907996,0.086189,-0.000000,0.040288,0.000000,-1.570796,-0.000000,-0.014350,0.000000,8.000000,-8.000000
36.185622,36.107743,0.094533,-0.000000,0.043223,0.000000,-1.570796,-0.000000,-0.015016,0.000000,8.000000,-8.000000
36.385543,36.307463,0.103475,-0.000000,0.046293,0.000000,-1.570796,-0.000000,-0.015690,0.000000,8.000000,-8.000000
36.585463,36.507154,0.113045,-0.000000,0.049498,0.000000,-1.570796,-0.000000,-0.016373,0.000000,8.000000,-8.000000
36.785384,36.706813,0.123268,-0.000000,0.052840,0.000000,-1.570796,-0.000000,-0.017061,0.000000,8.000000,-8.000000
36.985305,36.906436,0.134171,-0.000000,0.056320,0.000000,-1.570796,-0.000000,-0.017754,0.000000,8.000000,-8.000000
37.185225,37.106019,0.145784,-0.000000,0.059939,0.000000,-1.570796,-0.000000,-0.018451,0.000000,8.000000,-8.000000
37.385146,37.305558,0.158132,-0.000000,0.063698,0.000000,-1.570796,-0.000000,-0.019150,0.000000,8.000000,-8.000000
37.585066,37.505048,0.171245,-0.000000,0.067596,0.000000,-1.570796,-0.000000,-0.019849,0.000000,8.000000,-8.000000
37.784987,37.704484,0.185149,-0.000000,0.071634,0.000000,-1.570796,-0.000000,-0.020548,0.000000,8.000000,-8.000000
37.984907,37.903862,0.199872,-0.000000,0.075811,0.000000,-1.570796,-0.000000,-0.021244,0.000000,8.000000,-8.000000
38.184828,38.103175,0.215441,-0.000000,0.080128,0.000000,-1.570796,-0.000000,-0.021938,0.000000,8.000000,-8.000000
38.384749,38.302418,0.231885,-0.000000,0.084583,0.000000,-1.570796,-0.000000,-0.022630,0.000000,8.000000,-8.000000
38.584669,38.501584,0.249230,-0.000000,0.089176,0.000000,-1.570796,-0.000000,-0.023318,0.000000,8.000000,-8.000000
38.784590,38.700668,0.267503,-0.000000,0.093906,0.000000,-1.570796,-0.000000,-0.024001,0.000000,8.000000,-8.000000
38.984510,38.899661,0.286731,-0.000000,0.098772,0.000000,-1.570796,-0.000000,-0.024680,0.000000,8.000000,-8.000000
39.184431,39.098558,0.306941,-0.000000,0.103773,0.000000,-1.570796,-0.000000,-0.025352,0.000000,8.000000,-8.000000
39.384351,39.297349,0.328158,-0.000000,0.108908,0.000000,-1.570796,-0.000000,-0.026017,0.000000,8.000000,-8.000000
39.584272,39.496027,0.350409,-0.000000,0.114175,0.000000,-1.570796,-0.000000,-0.026672,0.000000,8.000000,-8.000000
39.784192,39.694584,0.373719,-0.000000,0.119572,0.000000,-1.570796,-0.000000,-0.027317,0.000000,8.000000,-8.000000
39.984113,39.893010,0.398113,-0.000000,0.125096,0.000000,-1.570796,-0.000000,-0.027950,0.000000,8.000000,-8.000000
40.184034,40.091297,0.423616,-0.000000,0.130746,0.000000,-1.570796,-0.000000,-0.028571,0.000000,8.000000,-8.000000
40.383954,40.289436,0.450250,-0.000000,0.136519,0.000000,-1.570796,-0.000000,-0.029180,0.000000,8.000000,-8.000000
40.583875,40.487415,0.478040,-0.000000,0.142412,0.000000,-1.570796,-0.000000,-0.029776,0.000000,8.000000,-8.000000
40.783795,40.685225,0.507007,-0.000000,0.148423,0.000000,-1.570796,-0.000000,-0.030358,0.000000,8.000000,-8.000000
40.983716,40.882857,0.537175,-0.000000,0.154549,0.000000,-1.570796,-0.000000,-0.030925,0.000000,8.000000,-8.000000
41.183636,41.080297,0.568564,-0.000000,0.160787,0.000000,-1.570796,-0.000000,-0.031477,0.000000,8.000000,-8.000000
41.383557,41.277537,0.601194,-0.000000,0.167133,0.000000,-1.570796,-0.000000,-0.032014,0.000000,8.000000,-8.000000
41.583478,41.474563,0.635086,-0.000000,0.173585,0.000000,-1.570796,-0.000000,-0.032533,0.000000,8.000000,-8.000000
41.783398,41.671365,0.670259,-0.000000,0.180139,0.000000,-1.570796,-0.000000,-0.033034,0.000000,8.000000,-8.000000
41.983319,41.867930,0.706730,-0.000000,0.186792,0.000000,-1.570796,-0.000000,-0.033516,0.000000,8.000000,-8.000000
42.183239,42.064247,0.744518,-0.000000,0.193538,0.000000,-1.570796,-0.000000,-0.033978,0.000000,8.000000,-8.000000
42.383160,42.260302,0.783638,-0.000000,0.200376,0.000000,-1.570796,-0.000000,-0.034423,0.000000,8.000000,-8.000000
42.583080,42.456084,0.824106,-0.000000,0.207300,0.000000,-1.570796,-0.000000,-0.034849,0.000000,8.000000,-8.000000
42.783001,42.651578,0.865937,-0.000000,0.214308,0.000000,-1.570796,-0.000000,-0.035257,0.000000,8.000000,-8.000000
42.982921,42.846773,0.909145,-0.000000,0.221396,0.000000,-1.570796,-0.000000,-0.035649,0.000000,8.000000,-8.000000
43.182842,43.041656,0.953743,-0.000000,0.228560,0.000000,-1.570796,-0.000000,-0.036021,0.000000,8.000000,-8.000000
43.382763,43.236212,0.999743,-0.000000,0.235797,0.000000,-1.570796,-0.000000,-0.036376,0.000000,8.000000,-8.000000
43.582683,43.430428,1.047157,-0.000000,0.243103,0.000000,-1.570796,-0.000000,-0.036712,0.000000,8.000000,-8.000000
43.782604,43.624291,1.095995,-0.000000,0.250474,0.000000,-1.570796,-0.000000,-0.037028,0.000000,8.000000,-8.000000
43.982524,43.817788,1.146266,-0.000000,0.257906,0.000000,-1.570796,-0.000000,-0.037325,0.000000,8.000000,-8.000000
44.182445,44.010904,1.197979,-0.000000,0.265396,0.000000,-1.570796,-0.000000,-0.037601,0.000000,8.000000,-8.000000
44.382365,44.203625,1.251143,-0.000000,0.272939,0.000000,-1.570796,-0.000000,-0.037857,0.000000,8.000000,-8.000000
44.582286,44.395939,1.305764,-0.000000,0.280531,0.000000,-1.570796,-0.000000,-0.038096,0.000000,8.000000,-8.000000
44.782207,44.587832,1.361847,-0.000000,0.288169,0.000000,-1.570796,-0.000000,-0.038317,0.000000,8.000000,-8.000000
44.982127,44.779289,1.419399,-0.000000,0.295850,0.000000,-1.570796,-0.000000,-0.038522,0.000000,8.000000,-8.000000
45.182048,44.970297,1.478423,-0.000000,0.303570,0.000000,-1.570796,-0.000000,-0.038710,0.000000,8.000000,-8.000000
45.381968,45.160843,1.538924,-0.000000,0.311326,0.000000,-1.570796,-0.000000,-0.038883,0.000000,8.000000,-8.000000
45.581889,45.350912,1.600904,-0.000000,0.319115,0.000000,-1.570796,-0.000000,-0.039039,0.000000,8.000000,-8.000000
45.781809,45.540493,1.664366,-0.000000,0.326934,0.000000,-1.570796,-0.000000,-0.039182,0.000000,8.000000,-8.000000
45.981730,45.729570,1.729310,-0.000000,0.334781,0.000000,-1.570796,-0.000000,-0.039309,0.000000,8.000000,-8.000000
46.181651,45.918131,1.795738,-0.000000,0.342650,0.000000,-1.570796,-0.000000,-0.039421,0.000000,8.000000,-8.000000
46.381571,46.106163,1.863650,-0.000000,0.350541,0.000000,-1.570796,-0.000000,-0.039519,0.000000,8.000000,-8.000000
46.581492,46.293652,1.933046,-0.000000,0.358450,0.000000,-1.570796,-0.000000,-0.039603,0.000000,8.000000,-8.000000
46.781412,46.480587,2.003924,-0.000000,0.366375,0.000000,-1.570796,-0.000000,-0.039676,0.000000,8.000000,-8.000000
46.981333,46.666953,2.076282,-0.000000,0.374314,0.000000,-1.570796,-0.000000,-0.039740,0.000000,8.000000,-8.000000
47.181253,46.852738,2.150118,-0.000000,0.382264,0.000000,-1.570796,-0.000000,-0.039795,0.000000,8.000000,-8.000000
47.381174,47.037930,2.225430,-0.000000,0.390224,0.000000,-1.570796,-0.000000,-0.039842,0.000000,8.000000,-8.000000
47.581094,47.222517,2.302215,-0.000000,0.398194,0.000000,-1.570796,-0.000000,-0.039884,0.000000,8.000000,-8.000000
47.781015,47.406485,2.380469,-0.000000,0.406171,0.000000,-1.570796,-0.000000,-0.039918,0.000000,8.000000,-8.000000
47.980936,47.589823,2.460189,-0.000000,0.414154,0.000000,-1.570796,-0.000000,-0.039947,0.000000,8.000000,-8.000000
48.180856,47.772518,2.541370,-0.000000,0.422142,0.000000,-1.570796,-0.000000,-0.039969,0.000000,8.000000,-8.000000
48.380777,47.954559,2.624009,-0.000000,0.430134,0.000000,-1.570796,-0.000000,-0.039983,0.000000,8.000000,-8.000000
48.580697,48.135934,2.708099,-0.000000,0.438129,0.000000,-1.570796,-0.000000,-0.039992,0.000000,8.000000,-8.000000
48.780618,48.316630,2.793638,-0.000000,0.446125,0.000000,-1.570796,-0.000000,-0.039998,0.000000,8.000000,-8.000000
48.980538,48.496637,2.880618,-0.000000,0.454121,0.000000,-1.570796,-0.000000,-0.040000,0.000000,8.000000,-8.000000
49.180459,48.675942,2.969035,-0.000000,0.462118,0.000000,-1.570796,-0.000000,-0.040001,0.000000,8.000000,-8.000000
49.380380,48.854535,3.058883,-0.000000,0.470115,0.000000,-1.570796,-0.000000,-0.040002,0.000000,8.000000,-8.000000
49.580300,49.032403,3.150157,-0.000000,0.478112,0.000000,-1.570796,-0.000000,-0.040003,0.000000,8.000000,-8.000000
49.780221,49.209536,3.242850,-0.000000,0.486110,0.000000,-1.570796,-0.000000,-0.040005,0.000000,8.000000,-8.000000
49.980141,49.385922,3.336957,-0.000000,0.494108,0.000000,-1.570796,-0.000000,-0.040007,0.000000,8.000000,-8.000000
50.180062,49.561549,3.432471,-0.000000,0.502107,0.000000,-1.570796,-0.000000,-0.040009,0.000000,8.000000,-8.000000
50.379982,49.736407,3.529388,-0.000000,0.510105,0.000000,-1.570796,-0.000000,-0.040010,0.000000,8.000000,-8.000000
50.579903,49.910484,3.627699,-0.000000,0.518104,0.000000,-1.570796,-0.000000,-0.040009,0.000000,8.000000,-8.000000
50.779824,50.083769,3.727400,-0.000000,0.526103,0.000000,-1.570796,-0.000000,-0.040007,0.000000,8.000000,-8.000000
50.979744,50.256251,3.828484,-0.000000,0.534101,0.000000,-1.570796,-0.000000,-0.040005,0.000000,8.000000,-8.000000
51.179665,50.427920,3.930944,-0.000000,0.542098,0.000000,-1.570796,-0.000000,-0.040004,0.000000,8.000000,-8.000000
51.379585,50.598763,4.034774,-0.000000,0.550096,0.000000,-1.570796,-0.000000,-0.040003,0.000000,8.000000,-8.000000
51.579506,50.768770,4.139966,-0.000000,0.558093,0.000000,-1.570796,-0.000000,-0.040004,0.000000,8.000000,-8.000000
51.779426,50.937931,4.246515,-0.000000,0.566091,0.000000,-1.570796,-0.000000,-0.040004,0.000000,8.000000,-8.000000
51.979347,51.106234,4.354414,-0.000000,0.574089,0.000000,-1.570796,-0.000000,-0.040006,0.000000,8.000000,-8.000000
52.179267,51.273669,4.463655,-0.000000,0.582087,0.000000,-1.570796,-0.000000,-0.040008,0.000000,8.000000,-8.000000
52.379188,51.440225,4.574232,-0.000000,0.590086,0.000000,-1.570796,-0.000000,-0.040008,0.000000,8.000000,-8.000000
52.579109,51.605891,4.686137,-0.000000,0.598084,0.000000,-1.570796,-0.000000,-0.040008,0.000000,8.000000,-8.000000
52.779029,51.770656,4.799364,-0.000000,0.606082,0.000000,-1.570796,-0.000000,-0.040007,0.000000,8.000000,-8.000000
52.978950,51.934511,4.913905,-0.000000,0.614080,0.000000,-1.570796,-0.000000,-0.040004,0.000000,8.000000,-8.000000
53.178870,52.097444,5.029753,-0.000000,0.622078,0.000000,-1.570796,-0.000000,-0.040002,0.000000,8.000000,-8.000000
53.378791,52.259446,5.146900,-0.000000,0.630075,0.000000,-1.570796,-0.000000,-0.040001,0.000000,8.000000,-8.000000
53.578711,52.420506,5.265339,-0.000000,0.638072,0.000000,-1.570796,-0.000000,-0.040000,0.000000,8.000000,-8.000000
53.778632,52.580613,5.385062,-0.000000,0.646069,0.000000,-1.570796,-0.000000,-0.040001,0.000000,8.000000,-8.000000
53.978553,52.739758,5.506061,-0.000000,0.654066,0.000000,-1.570796,-0.000000,-0.040002,0.000000,8.000000,-8.000000
54.178473,52.897931,5.628330,-0.000000,0.662063,0.000000,-1.570796,-0.000000,-0.040003,0.000000,8.000000,-8.000000
54.378394,53.055120,5.751859,-0.000000,0.670061,0.000000,-1.570796,-0.000000,-0.040006,0.000000,8.000000,-8.000000
54.578314,53.211316,5.876642,-0.000000,0.678059,0.000000,-1.570796,-0.000000,-0.040006,0.000000,8.000000,-8.000000
54.778235,53.366510,6.002670,-0.000000,0.686057,0.000000,-1.570796,-0.000000,-0.040005,0.000000,8.000000,-8.000000
54.978155,53.520690,6.129935,-0.000000,0.694054,0.000000,-1.570796,-0.000000,-0.040004,0.000000,8.000000,-8.000000
55.178076,53.673848,6.258429,-0.000000,0.702052,0.000000,-1.570796,-0.000000,-0.040002,0.000000,8.000000,-8.000000
55.377997,53.825973,6.388144,-0.000000,0.710049,0.000000,-1.570796,-0.000000,-0.040001,0.000000,8.000000,-8.000000
55.577917,53.977056,6.519071,-0.000000,0.718046,0.000000,-1.570796,-0.000000,-0.040001,0.000000,8.000000,-8.000000
55.777838,54.127087,6.651202,-0.000000,0.726043,0.000000,-1.570796,-0.000000,-0.040000,0.000000,8.000000,-8.000000
55.977758,54.276057,6.784529,-0.000000,0.734040,0.000000,-1.570796,-0.000000,-0.040001,0.000000,8.000000,-8.000000
56.177679,54.423956,6.919043,-0.000000,0.742037,0.000000,-1.570796,-0.000000,-0.040002,0.000000,8.000000,-8.000000
56.377599,54.570774,7.054735,-0.000000,0.750035,0.000000,-1.570796,-0.000000,-0.040004,0.000000,8.000000,-8.000000
56.577520,54.716503,7.191597,-0.000000,0.758032,0.000000,-1.570796,-0.000000,-0.040006,0.000000,8.000000,-8.000000
56.777440,54.861132,7.329621,-0.000000,0.766030,0.000000,-1.570796,-0.000000,-0.040006,0.000000,8.000000,-8.000000
56.977361,55.004652,7.468796,-0.000000,0.774028,0.000000,-1.570796,-0.000000,-0.040004,0.000000,8.000000,-8.000000
57.177282,55.147055,7.609115,-0.000000,0.782026,0.000000,-1.570796,-0.000000,-0.040003,0.000000,8.000000,-8.000000
57.377202,55.288332,7.750568,-0.000000,0.790023,0.000000,-1.570796,-0.000000,-0.040001,0.000000,8.000000,-8.000000
57.577123,55.428472,7.893147,-0.000000,0.798020,0.000000,-1.570796,-0.000000,-0.039999,0.000000,8.000000,-8.000000
57.777043,55.567468,8.036842,-0.000000,0.806016,0.000000,-1.570796,-0.000000,-0.039998,0.000000,8.000000,-8.000000
57.976964,55.705311,8.181643,-0.000000,0.814013,0.000000,-1.570796,-0.000000,-0.039999,0.000000,8.000000,-8.000000
58.176884,55.841991,8.327542,-0.000000,0.822009,0.000000,-1.570796,-0.000000,-0.040000,0.000000,8.000000,-8.000000
58.376805,55.977500,8.474530,-0.000000,0.830006,0.000000,-1.570796,-0.000000,-0.040003,0.000000,8.000000,-8.000000
58.576726,56.111829,8.622596,-0.000000,0.838004,0.000000,-1.570796,-0.000000,-0.040005,0.000000,8.000000,-8.000000
58.776646,56.244970,8.771732,-0.000000,0.846002,0.000000,-1.570796,-0.000000,-0.040006,0.000000,8.000000,-8.000000
58.976567,56.376913,8.921928,-0.000000,0.854000,0.000000,-1.570796,-0.000000,-0.040005,0.000000,8.000000,-8.000000
59.176487,56.507652,9.073175,-0.000000,0.861998,0.000000,-1.570796,-0.000000,-0.040002,0.000000,8.000000,-8.000000
59.376408,56.637176,9.225462,-0.000000,0.869995,0.000000,-1.570796,-0.000000,-0.039999,0.000000,8.000000,-8.000000
59.576328,56.765479,9.378780,-0.000000,0.877991,0.000000,-1.570796,-0.000000,-0.039998,0.000000,8.000000,-8.000000
59.776249,56.892551,9.533120,-0.000000,0.885987,0.000000,-1.570796,-0.000000,-0.039997,0.000000,8.000000,-8.000000
59.976170,57.018386,9.688470,-0.000000,0.893984,0.000000,-1.570796,-0.000000,-0.039997,0.000000,8.000000,-8.000000
60.176090,57.142974,9.844822,-0.000000,0.901980,0.000000,-1.570796,-0.000000,-0.039999,0.000000,8.000000,-8.000000
60.376011,57.266308,10.002164,-0.000000,0.909977,0.000000,-1.570796,-0.000000,-0.040001,0.000000,8.000000,-8.000000
60.575931,57.388379,10.160489,-0.000000,0.917974,0.000000,-1.570796,-0.000000,-0.040004,0.000000,8.000000,-8.000000
60.775852,57.509181,10.319784,-0.000000,0.925972,0.000000,-1.570796,-0.000000,-0.040007,0.000000,8.000000,-8.000000
60.975772,57.628704,10.480040,-0.000000,0.933970,0.000000,-1.570796,-0.000000,-0.040006,0.000000,8.000000,-8.000000
61.175693,57.746942,10.641248,-0.000000,0.941968,0.000000,-1.570796,-0.000000,-0.040005,0.000000,8.000000,-8.000000
61.375613,57.863887,10.803395,-0.000000,0.949966,0.000000,-1.570796,-0.000000,-0.040002,0.000000,8.000000,-8.000000
61.575534,57.979532,10.966473,-0.000000,0.957963,0.000000,-1.570796,-0.000000,-0.039998,0.000000,8.000000,-8.000000
61.775455,58.093869,11.130471,-0.000000,0.965959,0.000000,-1.570796,-0.000000,-0.039997,0.000000,8.000000,-8.000000
61.975375,58.206891,11.295377,-0.000000,0.973955,0.000000,-1.570796,-0.000000,-0.039996,0.000000,8.000000,-8.000000
62.175296,58.318590,11.461182,-0.000000,0.981951,0.000000,-1.570796,-0.000000,-0.039996,0.000000,8.000000,-8.000000
62.375216,58.428960,11.627874,-0.000000,0.989947,0.000000,-1.570796,-0.000000,-0.039999,0.000000,8.000000,-8.000000
62.575137,58.537994,11.795444,-0.000000,0.997944,0.000000,-1.570796,-0.000000,-0.040002,0.000000,8.000000,-8.000000
62.775057,58.645684,11.963881,-0.000000,1.005942,0.000000,-1.570796,-0.000000,-0.040004,0.000000,8.000000,-8.000000
62.974978,58.752024,12.133173,-0.000000,1.013940,0.000000,-1.570796,-0.000000,-0.040007,0.000000,8.000000,-8.000000
63.174899,58.857006,12.303310,-0.000000,1.021938,0.000000,-1.570796,-0.000000,-0.040006,0.000000,8.000000,-8.000000
63.374819,58.960624,12.474282,-0.000000,1.029936,0.000000,-1.570796,-0.000000,-0.040004,0.000000,8.000000,-8.000000
63.574740,59.062872,12.646077,-0.000000,1.037933,0.000000,-1.570796,-0.000000,-0.040001,0.000000,8.000000,-8.000000
63.774660,59.163742,12.818684,-0.000000,1.045929,0.000000,-1.570796,-0.000000,-0.039997,0.000000,8.000000,-8.000000
63.974581,59.263229,12.992092,-0.000000,1.053926,0.000000,-1.570796,-0.000000,-0.039996,0.000000,8.000000,-8.000000
64.174501,59.361327,13.166290,-0.000000,1.061922,0.000000,-1.570796,-0.000000,-0.039996,0.000000,8.000000,-8.000000
64.374422,59.458028,13.341267,-0.000000,1.069918,0.000000,-1.570796,-0.000000,-0.039997,0.000000,8.000000,-8.000000
64.574343,59.553327,13.517011,-0.000000,1.077914,0.000000,-1.570796,-0.000000,-0.040000,0.000000,8.000000,-8.000000
64.774263,59.647217,13.693512,-0.000000,1.085911,0.000000,-1.570796,-0.000000,-0.040004,0.000000,8.000000,-8.000000
64.974184,59.739693,13.870758,-0.000000,1.093909,0.000000,-1.570796,-0.000000,-0.040006,0.000000,8.000000,-8.000000
65.174104,59.830749,14.048738,-0.000000,1.101907,0.000000,-1.570796,-0.000000,-0.040007,0.000000,8.000000,-8.000000
65.374025,59.920378,14.227441,-0.000000,1.109905,0.000000,-1.570796,-0.000000,-0.040006,0.000000,8.000000,-8.000000
65.573945,60.008575,14.406855,-0.000000,1.117903,0.000000,-1.570796,-0.000000,-0.040002,0.000000,8.000000,-8.000000
65.773866,60.095334,14.586968,-0.000000,1.125900,0.000000,-1.570796,-0.000000,-0.039999,0.000000,8.000000,-8.000000
65.973786,60.180651,14.767770,-0.000000,1.133896,0.000000,-1.570796,-0.000000,-0.039997,0.000000,8.000000,-8.000000
66.173707,60.264519,14.949247,-0.000000,1.141892,0.000000,-1.570796,-0.000000,-0.039995,0.000000,8.000000,-8.000000
66.373628,60.346933,15.131390,-0.000000,1.149888,0.000000,-1.570796,-0.000000,-0.039995,0.000000,8.000000,-8.000000
66.573548,60.427888,15.314186,-0.000000,1.157884,0.000000,-1.570796,-0.000000,-0.039997,0.000000,8.000000,-8.000000
66.773469,60.507379,15.497623,-0.000000,1.165880,0.000000,-1.570796,-0.000000,-0.040000,0.000000,8.000000,-8.000000
66.973389,60.585400,15.681690,-0.000000,1.173878,0.000000,-1.570796,-0.000000,-0.040004,0.000000,8.000000,-8.000000
67.173310,60.661947,15.866375,-0.000000,1.181875,0.000000,-1.570796,-0.000000,-0.040006,0.000000,8.000000,-8.000000
67.373230,60.737014,16.051667,-0.000000,1.189874,0.000000,-1.570796,-0.000000,-0.040006,0.000000,8.000000,-8.000000
67.573151,60.810597,16.237553,-0.000000,1.197872,0.000000,-1.570796,-0.000000,-0.040005,0.000000,8.000000,-8.000000
67.773072,60.882691,16.424021,-0.000000,1.205869,0.000000,-1.570796,-0.000000,-0.040002,0.000000,8.000000,-8.000000
67.972992,60.953291,16.611060,-0.000000,1.213866,0.000000,-1.570796,-0.000000,-0.039998,0.000000,8.000000,-8.000000
68.172913,61.022394,16.798658,-0.000000,1.221862,0.000000,-1.570796,-0.000000,-0.039997,0.000000,8.000000,-8.000000
68.372833,61.089994,16.986802,-0.000000,1.229858,0.000000,-1.570796,-0.000000,-0.039995,0.000000,8.000000,-8.000000
68.572754,61.156088,17.175481,-0.000000,1.237854,0.000000,-1.570796,-0.000000,-0.039996,0.000000,8.000000,-8.000000
68.772674,61.220671,17.364682,-0.000000,1.245850,0.000000,-1.570796,-0.000000,-0.039999,0.000000,8.000000,-8.000000
68.972595,61.283739,17.554393,-0.000000,1.253847,0.000000,-1.570796,-0.000000,-0.040001,0.000000,8.000000,-8.000000
69.172516,61.345288,17.744603,-0.000000,1.261845,0.000000,-1.570796,-0.000000,-0.040004,0.000000,8.000000,-8.000000
69.372436,61.405313,17.935299,-0.000000,1.269843,0.000000,-1.570796,-0.000000,-0.040006,0.000000,8.000000,-8.000000
69.572357,61.463812,18.126469,-0.000000,1.277840,0.000000,-1.570796,-0.000000,-0.040004,0.000000,8.000000,-8.000000
69.772277,61.520780,18.318100,-0.000000,1.285838,0.000000,-1.570796,-0.000000,-0.040002,0.000000,8.000000,-8.000000
69.972198,61.576213,18.510182,-0.000000,1.293835,0.000000,-1.570796,-0.000000,-0.039999,0.000000,8.000000,-8.000000
70.172118,61.630109,18.702700,-0.000000,1.301831,0.000000,-1.570796,-0.000000,-0.039996,0.000000,8.000000,-8.000000
70.372039,61.682463,18.895643,-0.000000,1.309827,0.000000,-1.570796,-0.000000,-0.039996,0.000000,8.000000,-8.000000
70.571959,61.733273,19.088998,-0.000000,1.317823,0.000000,-1.570796,-0.000000,-0.039996,0.000000,8.000000,-8.000000
70.771880,61.782536,19.282754,-0.000000,1.325819,0.000000,-1.570796,-0.000000,-0.039997,0.000000,8.000000,-8.000000
70.971801,61.830247,19.476897,-0.000000,1.333816,0.000000,-1.570796,-0.000000,-0.040001,0.000000,8.000000,-8.000000
71.171721,61.876405,19.671416,-0.000000,1.341813,0.000000,-1.570796,-0.000000,-0.040004,0.000000,8.000000,-8.000000
71.371642,61.921005,19.866297,-0.000000,1.349811,0.000000,-1.570796,-0.000000,-0.040006,0.000000,8.000000,-8.000000
71.571562,61.964046,20.061530,-0.000000,1.357809,0.000000,-1.570796,-0.000000,-0.040007,0.000000,8.000000,-8.000000
71.771483,62.005523,20.257100,-0.000000,1.365807,0.000000,-1.570796,-0.000000,-0.040004,0.000000,8.000000,-8.000000
71.971403,62.045435,20.452995,-0.000000,1.373804,0.000000,-1.570796,-0.000000,-0.040001,0.000000,8.000000,-8.000000
72.171324,62.083779,20.649204,-0.000000,1.381801,0.000000,-1.570796,-0.000000,-0.039998,0.000000,8.000000,-8.000000
72.371245,62.120553,20.845712,-0.000000,1.389797,0.000000,-1.570796,-0.000000,-0.039995,0.000000,8.000000,-8.000000
72.571165,62.155755,21.042509,-0.000000,1.397793,0.000000,-1.570796,-0.000000,-0.039995,0.000000,8.000000,-8.000000
72.771086,62.189382,21.239580,-0.000000,1.405789,0.000000,-1.570796,-0.000000,-0.039996,0.000000,8.000000,-8.000000
72.971006,62.221432,21.436915,-0.000000,1.413785,0.000000,-1.570796,-0.000000,-0.039998,0.000000,8.000000,-8.000000
73.170927,62.251903,21.634499,-0.000000,1.421782,0.000000,-1.570796,-0.000000,-0.040001,0.000000,8.000000,-8.000000
73.370847,62.280793,21.832321,-0.000000,1.429779,0.000000,-1.570796,-0.000000,-0.040005,0.000000,8.000000,-8.000000
73.570768,62.308100,22.030367,-0.000000,1.437777,0.000000,-1.570796,-0.000000,-0.040006,0.000000,8.000000,-8.000000
73.770689,62.333822,22.228625,-0.000000,1.445775,0.000000,-1.570796,-0.000000,-0.040006,0.000000,8.000000,-8.000000
73.970609,62.357958,22.427083,-0.000000,1.453773,0.000000,-1.570796,-0.000000,-0.040003,0.000000,8.000000,-8.000000
74.170530,62.380506,22.625727,-0.000000,1.461770,0.000000,-1.570796,-0.000000,-0.040000,0.000000,8.000000,-8.000000
74.370450,62.401464,22.824546,-0.000000,1.469767,0.000000,-1.570796,-0.000000,-0.039997,0.000000,8.000000,-8.000000
74.570371,62.420832,23.023526,-0.000000,1.477763,0.000000,-1.570796,-0.000000,-0.039996,0.000000,8.000000,-8.000000
74.770291,62.438609,23.222654,-0.000000,1.485759,0.000000,-1.570796,-0.000000,-0.039996,0.000000,8.000000,-8.000000
74.970212,62.454792,23.421918,-0.000000,1.493755,0.000000,-1.570796,-0.000000,-0.039998,0.000000,8.000000,-8.000000
75.170132,62.469382,23.621305,-0.000000,1.501752,0.000000,-1.570796,-0.000000,-0.040001,0.000000,8.000000,-8.000000
75.370053,62.482377,23.820802,-0.000000,1.509749,0.000000,-1.570796,-0.000000,-0.040003,0.000000,8.000000,-8.000000
75.569974,62.493776,24.020397,-0.000000,1.517747,0.000000,-1.570796,-0.000000,-0.040006,0.000000,8.000000,-8.000000
75.769894,62.503578,24.220076,-0.000000,1.525745,0.000000,-1.570796,-0.000000,-0.040005,0.000000,8.000000,-8.000000
75.969815,62.511783,24.419828,-0.000000,1.533742,0.000000,-1.570796,-0.000000,-0.040003,0.000000,8.000000,-8.000000
76.169735,62.518391,24.619639,-0.000000,1.541739,0.000000,-1.570796,-0.000000,-0.040000,0.000000,8.000000,-8.000000
76.369656,62.523400,24.819496,-0.000000,1.549736,0.000000,-1.570796,-0.000000,-0.039997,0.000000,8.000000,-8.000000
76.569576,62.526811,25.019387,-0.000000,1.557732,0.000000,-1.570796,-0.000000,-0.039995,0.000000,8.000000,-8.000000
76.769497,62.528623,25.219299,-0.000000,1.565728,0.000000,-1.570796,-0.000000,-0.039995,0.000000,8.000000,-8.000000
76.969418,62.528837,25.419219,-0.000000,1.573724,0.000000,-1.570796,-0.000000,-0.039996,0.000000,8.000000,-8.000000
77.169338,62.527453,25.619134,-0.000000,1.581720,0.000000,-1.570796,-0.000000,-0.039998,0.000000,8.000000,-8.000000
77.369259,62.524470,25.819032,-0.000000,1.589717,0.000000,-1.570796,-0.000000,-0.040002,0.000000,8.000000,-8.000000
77.569179,62.519888,26.018899,-0.000000,1.597714,0.000000,-1.570796,-0.000000,-0.040005,0.000000,8.000000,-8.000000
77.769100,62.513708,26.218724,-0.000000,1.605712,0.000000,-1.570796,-0.000000,-0.040007,0.000000,8.000000,-8.000000
77.969020,62.505930,26.418492,-0.000000,1.613711,0.000000,-1.570796,-0.000000,-0.040007,0.000000,8.000000,-8.000000
78.168941,62.496555,26.618192,-0.000000,1.621708,0.000000,-1.570796,-0.000000,-0.040003,0.000000,8.000000,-8.000000
78.368862,62.485583,26.817811,-0.000000,1.629706,0.000000,-1.570796,-0.000000,-0.040000,0.000000,8.000000,-8.000000
78.568782,62.473014,27.017336,-0.000000,1.637702,0.000000,-1.570796,-0.000000,-0.039997,0.000000,8.000000,-8.000000
78.768703,62.458851,27.216753,-0.000000,1.645698,0.000000,-1.570796,-0.000000,-0.039995,0.000000,8.000000,-8.000000
78.968623,62.443094,27.416051,-0.000000,1.653694,0.000000,-1.570796,-0.000000,-0.039995,0.000000,8.000000,-8.000000
79.168544,62.425744,27.615217,-0.000000,1.661690,0.000000,-1.570796,-0.000000,-0.039997,0.000000,8.000000,-8.000000
79.368464,62.406801,27.814238,-0.000000,1.669686,0.000000,-1.570796,-0.000000,-0.039999,0.000000,8.000000,-8.000000
79.568385,62.386268,28.013101,-0.000000,1.677683,0.000000,-1.570796,-0.000000,-0.040003,0.000000,8.000000,-8.000000
79.768305,62.364145,28.211793,-0.000000,1.685681,0.000000,-1.570796,-0.000000,-0.040005,0.000000,8.000000,-8.000000
79.968226,62.340434,28.410302,-0.000000,1.693679,0.000000,-1.570796,-0.000000,-0.040006,0.000000,8.000000,-8.000000
80.168147,62.315136,28.608615,-0.000000,1.701677,0.000000,-1.570796,-0.000000,-0.040005,0.000000,8.000000,-8.000000
80.368067,62.288253,28.806719,-0.000000,1.709674,0.000000,-1.570796,-0.000000,-0.040002,0.000000,8.000000,-8.000000
80.567988,62.259786,29.004602,-0.000000,1.717671,0.000000,-1.570796,-0.000000,-0.039998,0.000000,8.000000,-8.000000
80.767908,62.229738,29.202251,-0.000000,1.725667,0.000000,-1.570796,-0.000000,-0.039997,0.000000,8.000000,-8.000000
80.967829,62.198110,29.399653,-0.000000,1.733663,0.000000,-1.570796,-0.000000,-0.039995,0.000000,8.000000,-8.000000
81.167749,62.164905,29.596796,-0.000000,1.741659,0.000000,-1.570796,-0.000000,-0.039996,0.000000,8.000000,-8.000000
81.367670,62.130125,29.793668,-0.000000,1.749655,0.000000,-1.570796,-0.000000,-0.039998,0.000000,8.000000,-8.000000
81.567591,62.093771,29.990255,-0.000000,1.757652,0.000000,-1.570796,-0.000000,-0.040001,0.000000,8.000000,-8.000000
81.767511,62.055847,30.186545,-0.000000,1.765649,0.000000,-1.570796,-0.000000,-0.040004,0.000000,8.000000,-8.000000
81.967432,62.016354,30.382525,-0.000000,1.773647,0.000000,-1.570796,-0.000000,-0.040006,0.000000,8.000000,-8.000000
82.167352,61.975295,30.578184,-0.000000,1.781645,0.000000,-1.570796,-0.000000,-0.040005,0.000000,8.000000,-8.000000
82.367273,61.932672,30.773507,-0.000000,1.789643,0.000000,-1.570796,-0.000000,-0.040003,0.000000,8.000000,-8.000000
82.567193,61.888489,30.968484,-0.000000,1.797640,0.000000,-1.570796,-0.000000,-0.040000,0.000000,8.000000,-8.000000
82.767114,61.842747,31.163101,-0.000000,1.805636,0.000000,-1.570796,-0.000000,-0.039997,0.000000,8.000000,-8.000000
82.967035,61.795452,31.357346,-0.000000,1.813633,0.000000,-1.570796,-0.000000,-0.039996,0.000000,8.000000,-8.000000
83.166955,61.746604,31.551206,-0.000000,1.821629,0.000000,-1.570796,-0.000000,-0.039996,0.000000,8.000000,-8.000000
83.366876,61.696208,31.744670,-0.000000,1.829625,0.000000,-1.570796,-0.000000,-0.039997,0.000000,8.000000,-8.000000
83.566796,61.644267,31.937725,-0.000000,1.837621,0.000000,-1.570796,-0.000000,-0.040000,0.000000,8.000000,-8.000000
83.766717,61.590783,32.130358,-0.000000,1.845618,0.000000,-1.570796,-0.000000,-0.040003,0.000000,8.000000,-8.000000
83.966637,61.535761,32.322557,-0.000000,1.853616,0.000000,-1.570796,-0.000000,-0.040005,0.000000,8.000000,-8.000000
84.166558,61.479203,32.514310,-0.000000,1.861614,0.000000,-1.570796,-0.000000,-0.040007,0.000000,8.000000,-8.000000
84.366478,61.421113,32.705605,-0.000000,1.869612,0.000000,-1.570796,-0.000000,-0.040005,0.000000,8.000000,-8.000000
84.566399,61.361495,32.896429,-0.000000,1.877609,0.000000,-1.570796,-0.000000,-0.040001,0.000000,8.000000,-8.000000
84.766320,61.300354,33.086770,-0.000000,1.885606,0.000000,-1.570796,-0.000000,-0.039998,0.000000,8.000000,-8.000000
84.966240,61.237692,33.276616,-0.000000,1.893602,0.000000,-1.570796,-0.000000,-0.039995,0.000000,8.000000,-8.000000
85.166161,61.173514,33.465955,-0.000000,1.901598,0.000000,-1.570796,-0.000000,-0.039994,0.000000,8.000000,-8.000000
85.366081,61.107824,33.654774,-0.000000,1.909594,0.000000,-1.570796,-0.000000,-0.039996,0.000000,8.000000,-8.000000
85.566002,61.040627,33.843063,-0.000000,1.917590,0.000000,-1.570796,-0.000000,-0.039998,0.000000,8.000000,-8.000000
85.765922,60.971926,34.030808,-0.000000,1.925587,0.000000,-1.570796,-0.000000,-0.040001,0.000000,8.000000,-8.000000
85.965843,60.901726,34.217998,-0.000000,1.933584,0.000000,-1.570796,-0.000000,-0.040005,0.000000,8.000000,-8.000000
86.165764,60.830031,34.404620,-0.000000,1.941582,0.000000,-1.570796,-0.000000,-0.040007,0.000000,8.000000,-8.000000
86.365684,60.756846,34.590663,-0.000000,1.949580,0.000000,-1.570796,-0.000000,-0.040007,0.000000,8.000000,-8.000000
86.565605,60.682175,34.776114,-0.000000,1.957578,0.000000,-1.570796,-0.000000,-0.040004,0.000000,8.000000,-8.000000
86.765525,60.606024,34.960963,-0.000000,1.965575,0.000000,-1.570796,-0.000000,-0.040000,0.000000,8.000000,-8.000000
86.965446,60.528396,35.145196,-0.000000,1.973572,0.000000,-1.570796,-0.000000,-0.039997,0.000000,8.000000,-8.000000
87.165366,60.449298,35.328803,-0.000000,1.981568,0.000000,-1.570796,-0.000000,-0.039995,0.000000,8.000000,-8.000000
87.365287,60.368735,35.511772,-0.000000,1.989564,0.000000,-1.570796,-0.000000,-0.039994,0.000000,8.000000,-8.000000
87.565208,60.286711,35.694091,-0.000000,1.997559,0.000000,-1.570796,-0.000000,-0.039996,0.000000,8.000000,-8.000000
87.765128,60.203232,35.875748,-0.000000,2.005556,0.000000,-1.570796,-0.000000,-0.039998,0.000000,8.000000,-8.000000
87.965049,60.118303,36.056731,-0.000000,2.013552,0.000000,-1.570796,-0.000000,-0.040001,0.000000,8.000000,-8.000000
88.164969,60.031929,36.237030,-0.000000,2.021550,0.000000,-1.570796,-0.000000,-0.040005,0.000000,8.000000,-8.000000
88.364890,59.944116,36.416632,-0.000000,2.029548,0.000000,-1.570796,-0.000000,-0.040007,0.000000,8.000000,-8.000000
88.564810,59.854870,36.595526,-0.000000,2.037546,0.000000,-1.570796,-0.000000,-0.040005,0.000000,8.000000,-8.000000
88.764731,59.764195,36.773701,-0.000000,2.045544,0.000000,-1.570796,-0.000000,-0.040003,0.000000,8.000000,-8.000000
88.964651,59.672099,36.951144,-0.000000,2.053541,0.000000,-1.570796,-0.000000,-0.039999,0.000000,8.000000,-8.000000
89.164572,59.578586,37.127846,-0.000000,2.061537,0.000000,-1.570796,-0.000000,-0.039997,0.000000,8.000000,-8.000000
89.364493,59.483664,37.303794,-0.000000,2.069533,0.000000,-1.570796,-0.000000,-0.039996,0.000000,8.000000,-8.000000
89.564413,59.387338,37.478978,-0.000000,2.077529,0.000000,-1.570796,-0.000000,-0.039996,0.000000,8.000000,-8.000000
89.764334,59.289614,37.653385,-0.000000,2.085525,0.000000,-1.570796,-0.000000,-0.039998,0.000000,8.000000,-8.000000
89.964254,59.190498,37.827006,-0.000000,2.093522,0.000000,-1.570796,-0.000000,-0.040001,0.000000,8.000000,-8.000000
90.164175,59.089998,37.999829,-0.000000,2.101519,0.000000,-1.570796,-0.000000,-0.040003,0.000000,8.000000,-8.000000
90.364095,58.988118,38.171842,-0.000000,2.109517,0.000000,-1.570796,-0.000000,-0.040005,0.000000,8.000000,-8.000000
90.564016,58.884866,38.343035,-0.000000,2.117515,0.000000,-1.570796,-0.000000,-0.040006,0.000000,8.000000,-8.000000
90.763937,58.780248,38.513397,-0.000000,2.125512,0.000000,-1.570796,-0.000000,-0.040003,0.000000,8.000000,-8.000000
90.963857,58.674271,38.682916,-0.000000,2.133510,0.000000,-1.570796,-0.000000,-0.040001,0.000000,8.000000,-8.000000
91.163778,58.566942,38.851583,-0.000000,2.141506,0.000000,-1.570796,-0.000000,-0.039998,0.000000,8.000000,-8.000000
91.363698,58.458268,39.019386,-0.000000,2.149503,0.000000,-1.570796,-0.000000,-0.039996,0.000000,8.000000,-8.000000
91.563619,58.348255,39.186315,-0.000000,2.157499,0.000000,-1.570796,-0.000000,-0.039996,0.000000,8.000000,-8.000000
91.763539,58.236911,39.352359,-0.000000,2.165495,0.000000,-1.570796,-0.000000,-0.039997,0.000000,8.000000,-8.000000
91.963460,58.124243,39.517507,-0.000000,2.173491,0.000000,-1.570796,-0.000000,-0.039998,0.000000,8.000000,-8.000000
92.163381,58.010258,39.681749,-0.000000,2.181488,0.000000,-1.570796,-0.000000,-0.040001,0.000000,8.000000,-8.000000
92.363301,57.894963,39.845074,-0.000000,2.189485,0.000000,-1.570796,-0.000000,-0.040003,0.000000,8.000000,-8.000000
92.563222,57.778365,40.007472,-0.000000,2.197483,0.000000,-1.570796,-0.000000,-0.040005,0.000000,8.000000,-8.000000
92.763142,57.660473,40.168932,-0.000000,2.205480,0.000000,-1.570796,-0.000000,-0.040005,0.000000,8.000000,-8.000000
92.963063,57.541293,40.329444,-0.000000,2.213478,0.000000,-1.570796,-0.000000,-0.040003,0.000000,8.000000,-8.000000
93.162983,57.420833,40.488998,-0.000000,2.221475,0.000000,-1.570796,-0.000000,-0.040000,0.000000,8.000000,-8.000000
93.362904,57.299101,40.647583,-0.000000,2.229472,0.000000,-1.570796,-0.000000,-0.039999,0.000000,8.000000,-8.000000
93.562824,57.176105,40.805190,-0.000000,2.237468,0.000000,-1.570796,-0.000000,-0.039997,0.000000,8.000000,-8.000000
93.762745,57.051852,40.961809,-0.000000,2.245465,0.000000,-1.570796,-0.000000,-0.039997,0.000000,8.000000,-8.000000
93.962666,56.926351,41.117429,-0.000000,2.253461,0.000000,-1.570796,-0.000000,-0.039998,0.000000,8.000000,-8.000000
94.162586,56.799610,41.272040,-0.000000,2.261457,0.000000,-1.570796,-0.000000,-0.039999,0.000000,8.000000,-8.000000
94.362507,56.671636,41.425633,-0.000000,2.269454,0.000000,-1.570796,-0.000000,-0.040001,0.000000,8.000000,-8.000000
94.562427,56.542439,41.578197,-0.000000,2.277451,0.000000,-1.570796,-0.000000,-0.040004,0.000000,8.000000,-8.000000
94.762348,56.412025,41.729724,-0.000000,2.285449,0.000000,-1.570796,-0.000000,-0.040004,0.000000,8.000000,-8.000000
94.962268,56.280404,41.880203,-0.000000,2.293447,0.000000,-1.570796,-0.000000,-0.040004,0.000000,8.000000,-8.000000
95.162189,56.147583,42.029624,-0.000000,2.301444,0.000000,-1.570796,-0.000000,-0.040002,0.000000,8.000000,-8.000000
95.362110,56.013572,42.177978,-0.000000,2.309441,0.000000,-1.570796,-0.000000,-0.039999,0.000000,8.000000,-8.000000
95.562030,55.878378,42.325256,-0.000000,2.317437,0.000000,-1.570796,-0.000000,-0.039998,0.000000,8.000000,-8.000000
95.761951,55.742012,42.471448,-0.000000,2.325434,0.000000,-1.570796,-0.000000,-0.039997,0.000000,8.000000,-8.000000
95.961871,55.604480,42.616545,-0.000000,2.333430,0.000000,-1.570796,-0.000000,-0.039997,0.000000,8.000000,-8.000000
96.161792,55.465793,42.760538,-0.000000,2.341426,0.000000,-1.570796,-0.000000,-0.039998,0.000000,8.000000,-8.000000
96.361712,55.325959,42.903417,-0.000000,2.349423,0.000000,-1.570796,-0.000000,-0.040000,0.000000,8.000000,-8.000000
96.561633,55.184987,43.045173,-0.000000,2.357420,0.000000,-1.570796,-0.000000,-0.040002,0.000000,8.000000,-8.000000
96.761554,55.042885,43.185798,-0.000000,2.365417,0.000000,-1.570796,-0.000000,-0.040004,0.000000,8.000000,-8.000000
96.961474,54.899664,43.325281,-0.000000,2.373415,0.000000,-1.570796,-0.000000,-0.040004,0.000000,8.000000,-8.000000
97.161395,54.755331,43.463615,-0.000000,2.381412,0.000000,-1.570796,-0.000000,-0.040003,0.000000,8.000000,-8.000000
97.361315,54.609897,43.600790,-0.000000,2.389409,0.000000,-1.570796,-0.000000,-0.040001,0.000000,8.000000,-8.000000
97.561236,54.463371,43.736797,-0.000000,2.397406,0.000000,-1.570796,-0.000000,-0.039999,0.000000,8.000000,-8.000000
97.761156,54.315762,43.871628,-0.000000,2.405403,0.000000,-1.570796,-0.000000,-0.039998,0.000000,8.000000,-8.000000
97.961077,54.167079,44.005275,-0.000000,2.413399,0.000000,-1.570796,-0.000000,-0.039998,0.000000,8.000000,-8.000000
98.160997,54.017332,44.137729,-0.000000,2.421396,0.000000,-1.570796,-0.000000,-0.039998,0.000000,8.000000,-8.000000
98.360918,53.866531,44.268981,-0.000000,2.429392,0.000000,-1.570796,-0.000000,-0.039999,0.000000,8.000000,-8.000000
98.560839,53.714685,44.399023,-0.000000,2.437389,0.000000,-1.570796,-0.000000,-0.040002,0.000000,8.000000,-8.000000
98.760759,53.561805,44.527846,-0.000000,2.445386,0.000000,-1.570796,-0.000000,-0.040003,0.000000,8.000000,-8.000000
98.960680,53.407898,44.655443,-0.000000,2.453384,0.000000,-1.570796,-0.000000,-0.040004,0.000000,8.000000,-8.000000
99.160600,53.252977,44.781804,-0.000000,2.461381,0.000000,-1.570796,-0.000000,-0.040004,0.000000,8.000000,-8.000000
99.360521,53.097049,44.906923,-0.000000,2.469379,0.000000,-1.570796,-0.000000,-0.040001,0.000000,8.000000,-8.000000
99.560441,52.940126,45.030791,-0.000000,2.477376,0.000000,-1.570796,-0.000000,-0.039999,0.000000,8.000000,-8.000000
99.760362,52.782218,45.153399,-0.000000,2.485372,0.000000,-1.570796,-0.000000,-0.039998,0.000000,8.000000,-8.000000
99.960283,52.623334,45.274742,-0.000000,2.493368,0.000000,-1.570796,-0.000000,-0.039997,0.000000,8.000000,-8.000000
100.160203,52.463485,45.394810,-0.000000,2.501365,0.000000,-1.570796,-0.000000,-0.039997,0.000000,8.000000,-8.000000
100.360124,52.302681,45.513596,-0.000000,2.509361,0.000000,-1.570796,-0.000000,-0.039998,0.000000,8.000000,-8.000000
100.560044,52.140932,45.631092,-0.000000,2.517358,0.000000,-1.570796,-0.000000,-0.040000,0.000000,8.000000,-8.000000
100.759965,51.978249,45.747291,-0.000000,2.525355,0.000000,-1.570796,-0.000000,-0.040002,0.000000,8.000000,-8.000000
100.959885,51.814642,45.862185,-0.000000,2.533352,0.000000,-1.570796,-0.000000,-0.040004,0.000000,8.000000,-8.000000
101.159806,51.650121,45.975767,-0.000000,2.541350,0.000000,-1.570796,-0.000000,-0.040004,0.000000,8.000000,-8.000000
101.359727,51.484697,46.088030,-0.000000,2.549347,0.000000,-1.570796,-0.000000,-0.040004,0.000000,8.000000,-8.000000
101.559647,51.318381,46.198967,-0.000000,2.557345,0.000000,-1.570796,-0.000000,-0.040001,0.000000,8.000000,-8.000000
101.759568,51.151183,46.308569,-0.000000,2.565341,0.000000,-1.570796,-0.000000,-0.039999,0.000000,8.000000,-8.000000
101.959488,50.983113,46.416831,-0.000000,2.573338,0.000000,-1.570796,-0.000000,-0.039998,0.000000,8.000000,-8.000000
102.159409,50.814183,46.523746,-0.000000,2.581334,0.000000,-1.570796,-0.000000,-0.039997,0.000000,8.000000,-8.000000
102.359329,50.644404,46.629307,-0.000000,2.589330,0.000000,-1.570796,-0.000000,-0.039997,0.000000,8.000000,-8.000000
102.559250,50.473786,46.733506,-0.000000,2.597327,0.000000,-1.570796,-0.000000,-0.039999,0.000000,8.000000,-8.000000
102.759170,50.302341,46.836338,-0.000000,2.605324,0.000000,-1.570796,-0.000000,-0.040000,0.000000,8.000000,-8.000000
102.959091,50.130078,46.937796,-0.000000,2.613321,0.000000,-1.570796,-0.000000,-0.040003,0.000000,8.000000,-8.000000
103.159012,49.957010,47.037873,-0.000000,2.621318,0.000000,-1.570796,-0.000000,-0.040005,0.000000,8.000000,-8.000000
103.358932,49.783147,47.136562,-0.000000,2.629316,0.000000,-1.570796,-0.000000,-0.040004,0.000000,8.000000,-8.000000
103.558853,49.608500,47.233858,-0.000000,2.637313,0.000000,-1.570796,-0.000000,-0.040003,0.000000,8.000000,-8.000000
103.758773,49.433080,47.329754,-0.000000,2.645311,0.000000,-1.570796,-0.000000,-0.040001,0.000000,8.000000,-8.000000
103.958694,49.256900,47.424244,-0.000000,2.653307,0.000000,-1.570796,-0.000000,-0.039997,0.000000,8.000000,-8.000000
104.158614,49.079969,47.517322,-0.000000,2.661303,0.000000,-1.570796,-0.000000,-0.039996,0.000000,8.000000,-8.000000
104.358535,48.902300,47.608983,-0.000000,2.669299,0.000000,-1.570796,-0.000000,-0.039994,0.000000,8.000000,-8.000000
104.558456,48.723903,47.699220,-0.000000,2.677295,0.000000,-1.570796,-0.000000,-0.039993,0.000000,8.000000,-8.000000
104.758376,48.544791,47.788028,-0.000000,2.685290,0.000000,-1.570796,-0.000000,-0.039993,0.000000,8.000000,-8.000000
104.958297,48.364975,47.875401,-0.000000,2.693286,0.000000,-1.570796,-0.000000,-0.039991,0.000000,8.000000,-8.000000
105.158217,48.184465,47.961334,-0.000000,2.701280,0.000000,-1.570796,-0.000000,-0.039987,0.000000,8.000000,-8.000000
105.358138,48.003275,48.045820,-0.000000,2.709273,0.000000,-1.570796,-0.000000,-0.039978,0.000000,8.000000,-8.000000
105.558058,47.821415,48.128857,-0.000000,2.717264,0.000000,-1.570796,-0.000000,-0.039963,0.000000,8.000000,-8.000000
105.757979,47.638897,48.210437,-0.000000,2.725252,0.000000,-1.570796,-0.000000,-0.039942,0.000000,8.000000,-8.000000
105.957900,47.455734,48.290557,-0.000000,2.733234,0.000000,-1.570796,-0.000000,-0.039916,0.000000,8.000000,-8.000000
106.157820,47.271938,48.369214,-0.000000,2.741211,0.000000,-1.570796,-0.000000,-0.039883,0.000000,8.000000,-8.000000
106.357741,47.087520,48.446402,-0.000000,2.749181,0.000000,-1.570796,-0.000000,-0.039845,0.000000,8.000000,-8.000000
106.557661,46.902493,48.522119,-0.000000,2.757142,0.000000,-1.570796,-0.000000,-0.039801,0.000000,8.000000,-8.000000
106.757582,46.716869,48.596362,-0.000000,2.765094,0.000000,-1.570796,-0.000000,-0.039749,0.000000,8.000000,-8.000000
106.957502,46.530662,48.669127,-0.000000,2.773035,0.000000,-1.570796,-0.000000,-0.039690,0.000000,8.000000,-8.000000
107.157423,46.343883,48.740412,-0.000000,2.780963,0.000000,-1.570796,-0.000000,-0.039621,0.000000,8.000000,-8.000000
107.357343,46.156545,48.810215,-0.000001,2.788875,0.000000,-1.570796,-0.000000,-0.039539,0.000000,7.999999,-8.000001
107.557264,45.968661,48.878536,-0.000001,2.796771,0.000000,-1.570796,-0.000000,-0.039444,0.000000,7.999999,-8.000001
107.757185,45.780244,48.945373,-0.000001,2.804645,0.000000,-1.570796,-0.000000,-0.039334,0.000000,7.999999,-8.000001
107.957105,45.591308,49.010727,-0.000001,2.812496,0.000000,-1.570796,-0.000000,-0.039208,0.000000,7.999999,-8.000001
108.157026,45.401865,49.074598,-0.000001,2.820321,0.000000,-1.570796,-0.000000,-0.039069,0.000000,7.999999,-8.000001
108.356946,45.211929,49.136987,-0.000001,2.828116,0.000000,-1.570796,-0.000000,-0.038916,0.000000,7.999999,-8.000001
108.556867,45.021514,49.197896,-0.000001,2.835880,0.000000,-1.570796,-0.000000,-0.038748,0.000000,7.999999,-8.000001
108.756787,44.830632,49.257329,-0.000001,2.843608,0.000000,-1.570796,-0.000000,-0.038566,0.000000,7.999999,-8.000001
108.956708,44.639298,49.315289,-0.000001,2.851298,0.000000,-1.570796,-0.000000,-0.038368,0.000000,7.999999,-8.000001
109.156629,44.447525,49.371779,-0.000001,2.858947,0.000000,-1.570796,-0.000000,-0.038153,0.000000,7.999999,-8.000001
109.356549,44.255327,49.426805,-0.000001,2.866552,0.000000,-1.570796,-0.000000,-0.037922,0.000000,7.999999,-8.000001
109.556470,44.062717,49.480372,-0.000001,2.874108,0.000000,-1.570796,-0.000000,-0.037671,0.000000,7.999999,-8.000001
109.756390,43.869709,49.532488,-0.000001,2.881612,0.000000,-1.570796,-0.000000,-0.037400,0.000000,7.999999,-8.000001
109.956311,43.676317,49.583159,-0.000001,2.889060,0.000000,-1.570796,-0.000000,-0.037109,0.000000,7.999999,-8.000001
110.156231,43.482554,49.632394,-0.000001,2.896448,0.000000,-1.570796,-0.000000,-0.036798,0.000000,7.999999,-8.000001
110.356152,43.288435,49.680202,-0.000001,2.903772,0.000000,-1.570796,-0.000000,-0.036469,0.000000,7.999999,-8.000001
110.556073,43.093972,49.726594,-0.000001,2.911028,0.000000,-1.570796,-0.000000,-0.036122,0.000000,7.999999,-8.000001
110.755993,42.899179,49.771581,-0.000001,2.918213,0.000000,-1.570796,-0.000000,-0.035756,0.000000,7.999999,-8.000001
110.955914,42.704070,49.815174,-0.000001,2.925323,0.000000,-1.570796,-0.000000,-0.035373,0.000000,7.999999,-8.000001
111.155834,42.508657,49.857386,-0.000001,2.932355,0.000000,-1.570796,-0.000000,-0.034971,0.000000,7.999999,-8.000001
111.355755,42.312953,49.898231,-0.000001,2.939304,0.000000,-1.570796,-0.000000,-0.034549,0.000000,7.999999,-8.000001
111.555675,42.116973,49.937724,-0.000001,2.946167,0.000000,-1.570796,-0.000000,-0.034109,0.000000,7.999999,-8.000001
111.755596,41.920728,49.975879,-0.000001,2.952940,0.000000,-1.570796,-0.000000,-0.033650,0.000000,7.999999,-8.000001
111.955516,41.724230,50.012714,-0.000001,2.959619,0.000000,-1.570796,-0.000000,-0.033169,0.000000,7.999999,-8.000001
112.155437,41.527492,50.048245,-0.000001,2.966201,0.000000,-1.570796,-0.000000,-0.032672,0.000000,7.999999,-8.000001
112.355358,41.330527,50.082490,-0.000001,2.972681,0.000000,-1.570796,-0.000000,-0.032156,0.000000,7.999999,-8.000001
112.555278,41.133346,50.115468,-0.000001,2.979057,0.000000,-1.570796,-0.000000,-0.031625,0.000000,7.999999,-8.000001
112.755199,40.935960,50.147199,-0.000001,2.985325,0.000000,-1.570796,-0.000000,-0.031079,0.000000,7.999999,-8.000001
112.955119,40.738380,50.177704,-0.000001,2.991482,0.000000,-1.570796,-0.000000,-0.030517,0.000000,7.999999,-8.000001
113.155040,40.540618,50.207002,-0.000001,2.997525,0.000000,-1.570796,-0.000000,-0.029941,0.000000,7.999999,-8.000001
113.354960,40.342685,50.235116,-0.000001,3.003452,0.000000,-1.570796,-0.000000,-0.029352,0.000000,7.999999,-8.000001
113.554881,40.144590,50.262068,-0.000001,3.009260,0.000000,-1.570796,-0.000000,-0.028749,0.000000,7.999999,-8.000001
113.754802,39.946343,50.287882,-0.000001,3.014946,0.000000,-1.570796,-0.000000,-0.028133,0.000000,7.999999,-8.000001
113.954722,39.747954,50.312580,-0.000001,3.020508,0.000000,-1.570796,-0.000000,-0.027505,0.000000,7.999999,-8.000001
114.154643,39.549432,50.336186,-0.000001,3.025942,0.000000,-1.570796,-0.000000,-0.026863,0.000000,7.999999,-8.000001
114.354563,39.350787,50.358727,-0.000001,3.031248,0.000000,-1.570796,-0.000000,-0.026211,0.000000,7.999999,-8.000001
114.554484,39.152026,50.380226,-0.000001,3.036422,0.000000,-1.570796,-0.000000,-0.025551,0.000000,7.999999,-8.000001
114.754404,38.953158,50.400710,-0.000001,3.041463,0.000000,-1.570796,-0.000000,-0.024881,0.000000,7.999999,-8.000001
114.954325,38.754190,50.420204,-0.000001,3.046369,0.000000,-1.570796,-0.000000,-0.024204,0.000000,7.999999,-8.000001
115.154246,38.555130,50.438735,-0.000001,3.051140,0.000000,-1.570796,-0.000000,-0.023522,0.000000,7.999999,-8.000001
115.354166,38.355986,50.456330,-0.000001,3.055774,0.000000,-1.570796,-0.000000,-0.022834,0.000000,7.999999,-8.000001
115.554087,38.156763,50.473016,-0.000001,3.060270,0.000000,-1.570796,-0.000000,-0.022142,0.000000,7.999999,-8.000001
115.754007,37.957468,50.488820,-0.000001,3.064627,0.000000,-1.570796,-0.000000,-0.021447,0.000000,7.999999,-8.000001
115.953928,37.758107,50.503769,-0.000001,3.068845,0.000000,-1.570796,-0.000000,-0.020749,0.000000,7.999999,-8.000001
116.153848,37.558686,50.517891,-0.000001,3.072923,0.000000,-1.570796,-0.000000,-0.020050,0.000000,7.999999,-8.000001
116.353769,37.359210,50.531213,-0.000001,3.076862,0.000000,-1.570796,-0.000000,-0.019350,0.000000,7.999999,-8.000001
116.553689,37.159684,50.543764,-0.000001,3.080660,0.000000,-1.570796,-0.000000,-0.018652,0.000000,7.999999,-8.000001
116.753610,36.960113,50.555571,-0.000001,3.084320,0.000000,-1.570796,-0.000000,-0.017957,0.000000,7.999999,-8.000001
116.953531,36.760500,50.566661,-0.000001,3.087840,0.000000,-1.570796,-0.000000,-0.017265,0.000000,7.999999,-8.000001
117.153451,36.560850,50.577062,-0.000001,3.091223,0.000000,-1.570796,-0.000000,-0.016578,0.000000,7.999999,-8.000001
117.353372,36.361167,50.586801,-0.000001,3.094470,0.000000,-1.570796,-0.000000,-0.015896,0.000000,7.999999,-8.000001
117.553292,36.161454,50.595906,-0.000001,3.097580,0.000000,-1.570796,-0.000000,-0.015220,0.000000,7.999999,-8.000001
117.753213,35.961714,50.604402,-0.000001,3.100556,0.000000,-1.570796,-0.000000,-0.014551,0.000000,7.999999,-8.000001
117.953133,35.761950,50.612318,-0.000001,3.103399,0.000000,-1.570796,-0.000000,-0.013889,0.000000,7.999999,-8.000001
118.153054,35.562166,50.619679,-0.000001,3.106110,0.000000,-1.570796,-0.000000,-0.013235,0.000000,7.999999,-8.000001
118.352975,35.362362,50.626511,-0.000001,3.108692,0.000000,-1.570796,-0.000000,-0.012591,0.000000,7.999999,-8.000001
118.552895,35.162541,50.632840,-0.000001,3.111146,0.000000,-1.570796,-0.000000,-0.011958,0.000000,7.999999,-8.000001
118.752816,34.962707,50.638692,-0.000001,3.113474,0.000000,-1.570796,-0.000000,-0.011337,0.000000,7.999999,-8.000001
118.952736,34.762859,50.644090,-0.000001,3.115680,0.000000,-1.570796,-0.000000,-0.010729,0.000000,7.999999,-8.000001
119.152657,34.563000,50.649059,-0.000001,3.117765,0.000000,-1.570796,-0.000000,-0.010135,0.000000,7.999999,-8.000001
119.352577,34.363132,50.653624,-0.000001,3.119734,0.000000,-1.570796,-0.000000,-0.009555,0.000000,7.999999,-8.000001
119.552498,34.163255,50.657807,-0.000001,3.121588,0.000000,-1.570796,-0.000000,-0.008991,0.000000,7.999999,-8.000001
119.752418,33.963371,50.661630,-0.000002,3.123330,0.000000,-1.570796,-0.000000,-0.008443,0.000000,7.999998,-8.000002
119.952339,33.763481,50.665115,-0.000002,3.124965,0.000000,-1.570796,-0.000000,-0.007911,0.000000,7.999998,-8.000002
120.152260,33.563585,50.668285,-0.000002,3.126495,0.000000,-1.570796,-0.000000,-0.007396,0.000000,7.999998,-8.000002
120.352180,33.363686,50.671159,-0.000002,3.127924,0.000000,-1.570796,-0.000000,-0.006898,0.000000,7.999998,-8.000002
120.552101,33.163782,50.673756,-0.000002,3.129255,0.000000,-1.570796,-0.000000,-0.006418,0.000000,7.999998,-8.000002
120.752021,32.963875,50.676098,-0.000002,3.130492,0.000000,-1.570796,-0.000000,-0.005956,0.000000,7.999998,-8.000002
120.951942,32.763966,50.678201,-0.000002,3.131638,0.000000,-1.570796,-0.000000,-0.005513,0.000000,7.999998,-8.000002
121.151862,32.564054,50.680084,-0.000002,3.132698,0.000000,-1.570796,-0.000000,-0.005087,0.000000,7.999998,-8.000002
121.351783,32.364140,50.681763,-0.000002,3.133674,0.000000,-1.570796,-0.000000,-0.004681,0.000000,7.999998,-8.000002
121.551704,32.164225,50.683255,-0.000002,3.134572,0.000000,-1.570796,-0.000000,-0.004294,0.000000,7.999998,-8.000002
121.751624,31.964309,50.684575,-0.000002,3.135393,0.000000,-1.570796,-0.000000,-0.003925,0.000000,7.999998,-8.000002
121.951545,31.764392,50.685739,-0.000002,3.136143,0.000000,-1.570796,-0.000000,-0.003576,0.000000,7.999998,-8.000002
122.151465,31.564474,50.686759,-0.000002,3.136825,0.000000,-1.570796,-0.000000,-0.003245,0.000000,7.999998,-8.000002
122.351386,31.364555,50.687649,-0.000002,3.137442,0.000000,-1.570796,-0.000000,-0.002932,0.000000,7.999998,-8.000002
122.551306,31.164636,50.688422,-0.000002,3.137999,0.000000,-1.570796,-0.000000,-0.002638,0.000000,7.999998,-8.000002
122.751227,30.964717,50.689090,-0.000002,3.138499,0.000000,-1.570796,-0.000000,-0.002363,0.000000,7.999998,-8.000002
122.951148,30.764797,50.689663,-0.000002,3.138946,0.000000,-1.570796,-0.000000,-0.002106,0.000000,7.999998,-8.000002
123.151068,30.564877,50.690152,-0.000002,3.139343,0.000000,-1.570796,-0.000000,-0.001868,0.000000,7.999998,-8.000002
123.350989,30.364957,50.690566,-0.000002,3.139695,0.000000,-1.570796,-0.000000,-0.001649,0.000000,7.999998,-8.000002
123.550909,30.165037,50.690913,-0.000002,3.140004,0.000000,-1.570796,-0.000000,-0.001447,0.000000,7.999998,-8.000002
123.750830,29.965116,50.691203,-0.000002,3.140275,0.000000,-1.570796,-0.000000,-0.001262,0.000000,7.999998,-8.000002
123.950750,29.765196,50.691443,-0.000002,3.140510,0.000000,-1.570796,-0.000000,-0.001093,0.000000,7.999998,-8.000002
124.150671,29.565276,50.691638,-0.000002,3.140713,0.000000,-1.570796,-0.000000,-0.000941,0.000000,7.999998,-8.000002
124.350591,29.365355,50.691796,-0.000002,3.140888,0.000000,-1.570796,-0.000000,-0.000804,0.000000,7.999998,-8.000002
124.550512,29.165435,50.691922,-0.000002,3.141036,0.000000,-1.570796,-0.000000,-0.000680,0.000000,7.999998,-8.000002
124.750433,28.965514,50.692020,-0.000002,3.141161,0.000000,-1.570796,-0.000000,-0.000571,0.000000,7.999998,-8.000002
124.950353,28.765593,50.692096,-0.000002,3.141265,0.000000,-1.570796,-0.000000,-0.000473,0.000000,7.999998,-8.000002
125.150274,28.565673,50.692152,-0.000002,3.141352,0.000000,-1.570796,-0.000000,-0.000388,0.000000,7.999998,-8.000002
125.350194,28.365752,50.692193,-0.000002,3.141422,0.000000,-1.570796,-0.000000,-0.000313,0.000000,7.999998,-8.000002
125.550115,28.165832,50.692222,-0.000003,3.141478,0.000000,-1.570796,-0.000000,-0.000249,0.000000,7.999997,-8.000003
125.750035,27.965911,50.692240,-0.000003,3.141522,0.000000,-1.570796,-0.000000,-0.000194,0.000000,7.999997,-8.000003
125.949956,27.765991,50.692251,-0.000003,3.141556,0.000000,-1.570796,-0.000000,-0.000148,0.000000,7.999997,-8.000003
126.149877,27.566070,50.692255,-0.000003,3.141582,0.000000,-1.570796,0.000000,-0.000109,0.000000,7.999997,-8.000003
126.349797,27.366150,50.692255,-0.000003,3.141601,0.000000,-1.570796,-0.000000,-0.000078,0.000000,7.999997,-8.000003
126.549718,27.166229,50.692252,-0.000003,3.141614,0.000000,-1.570796,0.000000,-0.000053,0.000000,7.999997,-8.000003
126.749638,26.966308,50.692247,-0.000003,3.141623,0.000000,-1.570796,-0.000000,-0.000034,0.000000,7.999997,-8.000003
126.949559,26.766388,50.692241,-0.000003,3.141628,0.000000,-1.570796,0.000000,-0.000020,0.000000,7.999997,-8.000003
127.149479,26.566467,50.692233,-0.000003,3.141631,0.000000,-1.570796,-0.000000,-0.000010,0.000000,7.999997,-8.000003
127.349400,26.366547,50.692225,-0.000003,3.141632,0.000000,-1.570796,0.000000,-0.000003,0.000000,7.999997,-8.000003
127.549321,26.166626,50.692218,-0.000003,3.141633,0.000000,-1.570796,-0.000000,0.000001,0.000000,7.999997,-8.000003
127.749241,25.966706,50.692210,-0.000003,3.141632,0.000000,-1.570796,0.000000,0.000004,0.000000,7.999997,-8.000003
127.949162,25.766785,50.692202,-0.000003,3.141631,0.000000,-1.570796,-0.000000,0.000005,0.000000,7.999997,-8.000003
128.149082,25.566864,50.692194,-0.000003,3.141630,0.000000,-1.570796,0.000000,0.000006,0.000000,7.999997,-8.000003
128.349003,25.366944,50.692187,-0.000003,3.141629,0.000000,-1.570796,-0.000001,0.000006,0.000000,7.999997,-8.000003
128.548923,25.167023,50.692180,-0.000003,3.141628,0.000000,-1.570796,0.000001,0.000005,0.000000,7.999997,-8.000003
128.748844,24.967103,50.692173,-0.000003,3.141627,0.000000,-1.570794,0.000015,0.000005,0.000000,7.999997,-8.000003
128.948764,24.767182,50.692166,-0.000003,3.141626,0.000000,-1.570787,0.000055,0.000005,0.000000,7.999997,-8.000003
129.148685,24.567262,50.692159,-0.000003,3.141625,0.000000,-1.570772,0.000102,0.000005,0.000000,7.999997,-8.000003
129.348606,24.367341,50.692153,-0.000004,3.141624,0.000000,-1.570736,0.000250,0.000005,0.000000,7.999996,-8.000004
129.548526,24.167421,50.692147,-0.000004,3.141623,0.000000,-1.570667,0.000447,0.000005,0.000000,7.999996,-8.000004
129.748447,23.967500,50.692141,-0.000004,3.141622,0.000000,-1.570551,0.000707,0.000005,0.000000,7.999996,-8.000004
129.948367,23.767579,50.692135,-0.000004,3.141621,0.000000,-1.570364,0.001167,0.000006,0.000000,7.999996,-8.000004
130.148288,23.567659,50.692130,-0.000004,3.141619,0.000000,-1.570083,0.001640,0.000006,0.000000,7.999995,-8.000003
130.348208,23.367738,50.692125,-0.000004,3.141618,0.000000,-1.569690,0.002296,0.000006,0.000000,7.999995,-8.000002
130.548129,23.167818,50.692120,-0.000004,3.141617,0.000000,-1.569143,0.003179,0.000006,0.000000,7.999994,-8.000002
130.748050,22.967897,50.692115,-0.000004,3.141616,0.000000,-1.568423,0.004022,0.000006,-0.000000,7.999992,-8.000000
130.947970,22.767977,50.692110,-0.000004,3.141615,0.000000,-1.567502,0.005192,0.000005,-0.000000,7.999989,-7.999997
131.147891,22.568056,50.692106,-0.000004,3.141614,0.000000,-1.566329,0.006537,0.000005,-0.000000,7.999984,-7.999992
131.347811,22.368135,50.692102,-0.000004,3.141613,0.000000,-1.564894,0.007821,0.000005,-0.000000,7.999978,-7.999986
131.547732,22.168215,50.692098,-0.000004,3.141612,0.000000,-1.563156,0.009567,0.000005,-0.000000,7.999969,-7.999978
131.747652,21.968294,50.692094,-0.000004,3.141611,0.000000,-1.561064,0.011355,0.000004,-0.000000,7.999959,-7.999968
131.947573,21.768374,50.692091,-0.000004,3.141610,0.000000,-1.558618,0.013124,0.000005,0.000000,7.999945,-7.999954
132.147494,21.568453,50.692087,-0.000005,3.141609,0.000000,-1.555760,0.015461,0.000005,0.000000,7.999928,-7.999937
132.347414,21.368533,50.692084,-0.000005,3.141608,0.000000,-1.552452,0.017639,0.000005,0.000000,7.999908,-7.999917
132.547335,21.168612,50.692081,-0.000005,3.141607,0.000000,-1.548696,0.019933,0.000005,0.000000,7.999883,-7.999892
132.747255,20.968691,50.692078,-0.000005,3.141606,0.000001,-1.544426,0.022785,0.000004,0.000000,7.999853,-7.999863
132.947176,20.768771,50.692076,-0.000005,3.141605,0.000001,-1.539617,0.025323,0.000003,0.000000,7.999819,-7.999828
133.147096,20.568850,50.692073,-0.000005,3.141605,0.000001,-1.534275,0.028118,0.000002,0.000000,7.999779,-7.999789
133.347017,20.368930,50.692071,-0.000005,3.141605,0.000001,-1.528323,0.031426,0.000001,0.000001,7.999735,-7.999745
133.546937,20.169009,50.692069,-0.000005,3.141604,0.000001,-1.521760,0.034232,0.000001,0.000001,7.999686,-7.999695
133.746858,19.969089,50.692066,-0.000006,3.141604,0.000001,-1.514587,0.037524,0.000003,0.000001,7.999630,-7.999640
133.946779,19.769168,50.692064,-0.000006,3.141603,0.000001,-1.506727,0.041111,0.000006,0.000000,7.999570,-7.999582
134.146699,19.569248,50.692062,-0.000006,3.141602,0.000001,-1.498202,0.044172,0.000007,0.000000,7.999507,-7.999517
134.346620,19.369327,50.692060,-0.000006,3.141600,0.000002,-1.489001,0.047874,0.000008,0.000000,7.999439,-7.999450
134.546540,19.169406,50.692059,-0.000007,3.141599,0.000002,-1.479055,0.051625,0.000007,0.000000,7.999370,-7.999381
134.746461,18.969486,50.692058,-0.000007,3.141598,0.000002,-1.468407,0.054899,0.000004,0.000001,7.999296,-7.999309
134.946381,18.769565,50.692057,-0.000007,3.141597,0.000002,-1.457036,0.058853,0.000002,0.000001,7.999221,-7.999233
135.146302,18.569645,50.692056,-0.000008,3.141597,0.000002,-1.444886,0.062693,0.000003,0.000001,7.999144,-7.999155
135.346223,18.369724,50.692055,-0.000008,3.141596,0.000002,-1.432015,0.066068,0.000004,0.000001,7.999061,-7.999073
135.546143,18.169804,50.692055,-0.000009,3.141595,0.000003,-1.418390,0.070240,0.000005,0.000001,7.998985,-7.998996
135.746064,17.969883,50.692054,-0.000009,3.141594,0.000003,-1.403978,0.073932,0.000004,0.000001,7.998912,-7.998923
135.945984,17.769962,50.692054,-0.000010,3.141594,0.000003,-1.388847,0.077441,0.000002,0.000001,7.998837,-7.998849
136.145905,17.570042,50.692054,-0.000011,3.141594,0.000003,-1.372953,0.081565,0.000001,0.000001,7.998770,-7.998781
136.345825,17.370121,50.692053,-0.000011,3.141594,0.000004,-1.356292,0.085108,0.000000,0.000001,7.998710,-7.998719
136.545746,17.170201,50.692053,-0.000012,3.141594,0.000004,-1.338925,0.088627,0.000000,0.000001,7.998642,-7.998651
136.745667,16.970280,50.692053,-0.000013,3.141594,0.000004,-1.320810,0.092598,-0.000001,0.000001,7.998582,-7.998591
136.945587,16.770360,50.692053,-0.000014,3.141594,0.000004,-1.301971,0.095871,-0.000000,0.000001,7.998532,-7.998542
137.145508,16.570439,50.692053,-0.000015,3.141594,0.000005,-1.282464,0.099275,0.000001,0.000001,7.998479,-7.998489
137.345428,16.370518,50.692052,-0.000016,3.141593,0.000005,-1.262246,0.102983,0.000003,-0.000000,7.998435,-7.998444
137.545349,16.170598,50.692052,-0.000016,3.141593,0.000005,-1.241366,0.105902,0.000002,-0.000000,7.998405,-7.998412
137.745269,15.970677,50.692052,-0.000017,3.141593,0.000005,-1.219866,0.109176,-0.000001,0.000001,7.998376,-7.998383
137.945190,15.770757,50.692052,-0.000018,3.141594,0.000005,-1.197718,0.112392,-0.000004,0.000002,7.998351,-7.998359
138.145110,15.570836,50.692052,-0.000019,3.141594,0.000005,-1.174989,0.114987,-0.000005,0.000002,7.998333,-7.998339
138.345031,15.370916,50.692052,-0.000020,3.141595,0.000005,-1.151711,0.117893,-0.000004,0.000001,7.998316,-7.998321
138.544952,15.170995,50.692051,-0.000021,3.141596,0.000005,-1.127870,0.120612,-0.000003,0.000001,7.998304,-7.998308
138.744872,14.971075,50.692050,-0.000022,3.141597,0.000005,-1.103539,0.122796,-0.000002,0.000000,7.998306,-7.998308
138.944793,14.771154,50.692049,-0.000023,3.141597,0.000005,-1.078741,0.125275,-0.000000,-0.000001,7.998308,-7.998309
139.144713,14.571233,50.692049,-0.000024,3.141597,0.000004,-1.053485,0.127387,-0.000001,-0.000001,7.998313,-7.998313
139.344634,14.371313,50.692048,-0.000025,3.141597,0.000004,-1.027843,0.129133,-0.000002,0.000000,7.998329,-7.998328
139.544554,14.171392,50.692047,-0.000026,3.141597,0.000004,-1.001833,0.131075,-0.000003,0.000000,7.998348,-7.998346
139.744475,13.971472,50.692046,-0.000027,3.141598,0.000004,-0.975482,0.132538,-0.000001,-0.000001,7.998369,-7.998366
139.944396,13.771551,50.692045,-0.000027,3.141598,0.000003,-0.948857,0.133814,-0.000001,-0.000002,7.998385,-7.998381
140.144316,13.571631,50.692044,-0.000028,3.141598,0.000003,-0.921976,0.135110,-0.000004,0.000001,7.998412,-7.998406
140.344237,13.371710,50.692043,-0.000028,3.141599,0.000003,-0.894880,0.135950,-0.000003,0.000000,7.998447,-7.998439
140.544157,13.171789,50.692041,-0.000029,3.141599,0.000002,-0.867626,0.136702,-0.000002,-0.000001,7.998482,-7.998473
140.744078,12.971869,50.692040,-0.000029,3.141599,0.000002,-0.840237,0.137299,-0.000001,-0.000001,7.998522,-7.998512
140.943998,12.771948,50.692039,-0.000030,3.141599,0.000001,-0.812766,0.137521,-0.000002,-0.000001,7.998568,-7.998556
141.143919,12.572028,50.692038,-0.000030,3.141599,0.000001,-0.785256,0.137685,-0.000002,-0.000001,7.998604,-7.998591
141.343840,12.372107,50.692036,-0.000030,3.141600,0.000001,-0.757742,0.137568,-0.000004,0.000001,7.998648,-7.998634
141.543760,12.172187,50.692035,-0.000030,3.141600,0.000000,-0.730274,0.137218,-0.000003,0.000001,7.998701,-7.998687
141.743681,11.972266,50.692033,-0.000030,3.141601,-0.000000,-0.702886,0.136772,-0.000003,-0.000000,7.998754,-7.998737
141.943601,11.772345,50.692032,-0.000030,3.141601,-0.000001,-0.675629,0.135901,-0.000002,-0.000001,7.998806,-7.998788
142.143522,11.572425,50.692030,-0.000030,3.141601,-0.000001,-0.648547,0.135030,-0.000001,-0.000002,7.998855,-7.998838
142.343442,11.372504,50.692029,-0.000030,3.141600,-0.000001,-0.621661,0.133933,-0.000001,-0.000002,7.998913,-7.998896
142.543363,11.172584,50.692027,-0.000029,3.141600,-0.000002,-0.595037,0.132419,-0.000001,-0.000002,7.998973,-7.998955
142.743283,10.972663,50.692025,-0.000029,3.141600,-0.000002,-0.568702,0.131034,-0.000002,-0.000001,7.999029,-7.999011
142.943204,10.772743,50.692024,-0.000028,3.141600,-0.000003,-0.542682,0.129262,-0.000001,-0.000001,7.999094,-7.999074
143.143125,10.572822,50.692022,-0.000028,3.141600,-0.000003,-0.517048,0.127189,-0.000001,-0.000002,7.999161,-7.999139
143.343045,10.372902,50.692021,-0.000027,3.141600,-0.000003,-0.491808,0.125308,-0.000001,-0.000001,7.999226,-7.999205
143.542966,10.172981,50.692020,-0.000027,3.141600,-0.000004,-0.466996,0.122904,-0.000002,-0.000000,7.999290,-7.999269
143.742886,9.973060,50.692018,-0.000026,3.141600,-0.000004,-0.442680,0.120353,-0.000001,-0.000001,7.999356,-7.999334
143.942807,9.773140,50.692017,-0.000025,3.141600,-0.000004,-0.418850,0.118046,-0.000000,-0.000002,7.999430,-7.999408
144.142727,9.573219,50.692015,-0.000024,3.141599,-0.000004,-0.395553,0.115014,-0.000000,-0.000002,7.999503,-7.999481
144.342648,9.373299,50.692014,-0.000023,3.141599,-0.000005,-0.372847,0.112134,-0.000000,-0.000002,7.999577,-7.999554
144.542569,9.173378,50.692013,-0.000022,3.141599,-0.000005,-0.350708,0.109349,-0.000000,-0.000001,7.999646,-7.999625
144.742489,8.973458,50.692012,-0.000021,3.141599,-0.000005,-0.329190,0.105910,-0.000000,-0.000001,7.999722,-7.999700
144.942410,8.773537,50.692011,-0.000020,3.141598,-0.000005,-0.308333,0.102747,-0.000000,-0.000001,7.999802,-7.999780
145.142330,8.573616,50.692009,-0.000019,3.141598,-0.000005,-0.288110,0.099567,0.000000,-0.000001,7.999884,-7.999863
145.342251,8.373696,50.692008,-0.000018,3.141598,-0.000005,-0.268587,0.095742,0.000000,-0.000002,7.999964,-7.999945
145.542171,8.173775,50.692007,-0.000017,3.141598,-0.000005,-0.249777,0.092433,0.000000,-0.000002,8.000045,-8.000024
145.742092,7.973855,50.692006,-0.000016,3.141597,-0.000005,-0.231646,0.088943,0.000001,-0.000001,8.000123,-8.000102
145.942013,7.773934,50.692005,-0.000015,3.141597,-0.000005,-0.214271,0.084876,0.000001,-0.000003,8.000201,-8.000181
146.141933,7.574014,50.692005,-0.000014,3.141596,-0.000005,-0.197637,0.081535,0.000001,-0.000001,8.000281,-8.000262
146.341854,7.374093,50.692004,-0.000013,3.141596,-0.000005,-0.181717,0.077731,0.000001,0.000000,8.000360,-8.000341
146.541774,7.174172,50.692003,-0.000012,3.141596,-0.000005,-0.166583,0.073663,0.000001,-0.000001,8.000439,-8.000420
146.741695,6.974252,50.692003,-0.000012,3.141596,-0.000005,-0.152196,0.070267,0.000001,-0.000001,8.000517,-8.000498
146.941615,6.774331,50.692002,-0.000011,3.141596,-0.000004,-0.138540,0.066349,0.000001,0.000001,8.000591,-8.000572
147.141536,6.574411,50.692001,-0.000010,3.141596,-0.000004,-0.125674,0.062361,0.000001,-0.000001,8.000660,-8.000643
147.341456,6.374490,50.692001,-0.000009,3.141596,-0.000004,-0.113539,0.059034,0.000001,-0.000002,8.000725,-8.000708
147.541377,6.174570,50.692000,-0.000008,3.141595,-0.000004,-0.102133,0.055077,0.000001,-0.000002,8.000786,-8.000770
147.741298,5.974649,50.692000,-0.000007,3.141595,-0.000004,-0.091496,0.051330,0.000001,-0.000000,8.000843,-8.000828
147.941218,5.774729,50.691999,-0.000007,3.141595,-0.000003,-0.081556,0.048108,0.000001,0.000000,8.000896,-8.000882
148.141139,5.574808,50.691999,-0.000006,3.141595,-0.000003,-0.072324,0.044252,0.000001,-0.000000,8.000943,-8.000929
148.341059,5.374887,50.691998,-0.000006,3.141595,-0.000003,-0.063816,0.040865,0.000001,-0.000002,8.000986,-8.000972
148.540980,5.174967,50.691998,-0.000005,3.141594,-0.000003,-0.055953,0.037788,0.000001,-0.000003,8.001019,-8.001006
148.740900,4.975046,50.691997,-0.000005,3.141594,-0.000002,-0.048756,0.034218,0.000001,-0.000000,8.001046,-8.001033
148.940821,4.775126,50.691997,-0.000004,3.141594,-0.000002,-0.042212,0.031241,0.000001,0.000002,8.001066,-8.001054
149.140742,4.575205,50.691997,-0.000004,3.141595,-0.000002,-0.036250,0.028405,0.000001,0.000003,8.001079,-8.001067
149.340662,4.375285,50.691996,-0.000003,3.141595,-0.000002,-0.030891,0.025212,0.000001,0.000001,8.001085,-8.001074
149.540583,4.175364,50.691996,-0.000003,3.141595,-0.000002,-0.026100,0.022710,0.000001,-0.000002,8.001085,-8.001076
149.740503,3.975443,50.691995,-0.000003,3.141594,-0.000001,-0.021815,0.020158,0.000001,-0.000003,8.001079,-8.001070
149.940424,3.775523,50.691995,-0.000002,3.141594,-0.000001,-0.018051,0.017496,0.000001,-0.000001,8.001068,-8.001060
150.140344,3.575602,50.691995,-0.000002,3.141594,-0.000001,-0.014758,0.015448,0.000001,0.000000,8.001052,-8.001045
150.340265,3.375682,50.691995,-0.000002,3.141594,-0.000001,-0.011887,0.013277,0.000001,0.000000,8.001033,-8.001025
150.540186,3.175761,50.691994,-0.000002,3.141594,-0.000001,-0.009441,0.011184,0.000001,-0.000000,8.001011,-8.001002
150.740106,2.975841,50.691994,-0.000002,3.141594,-0.000001,-0.007363,0.009609,0.000000,-0.000000,8.000986,-8.000978
150.940027,2.775920,50.691994,-0.000001,3.141594,-0.000001,-0.005614,0.007884,0.000000,-0.000000,8.000957,-8.000950
151.139947,2.575999,50.691994,-0.000001,3.141594,-0.000001,-0.004187,0.006393,0.000000,-0.000000,8.000928,-8.000921
151.339868,2.376079,50.691993,-0.000001,3.141594,-0.000001,-0.003023,0.005253,0.000000,-0.000000,8.000900,-8.000891
151.539788,2.176158,50.691993,-0.000001,3.141594,-0.000001,-0.002096,0.004022,0.000000,-0.000000,8.000869,-8.000862
151.739709,1.976238,50.691993,-0.000001,3.141594,-0.000000,-0.001386,0.003079,0.000000,-0.000000,8.000838,-8.000833
151.939629,1.776317,50.691992,-0.000001,3.141594,-0.000000,-0.000845,0.002335,0.000000,0.000000,8.000808,-8.000803
152.139550,1.576397,50.691992,-0.000001,3.141594,-0.000000,-0.000452,0.001598,0.000000,-0.000000,8.000778,-8.000774
152.339471,1.376476,50.691992,-0.000001,3.141594,-0.000000,-0.000182,0.001105,0.000000,-0.000002,8.000749,-8.000745
152.539391,1.176556,50.691992,-0.000001,3.141593,-0.000000,-0.000000,0.000711,0.000000,-0.000002,8.000721,-8.000717
152.739312,0.976635,50.691992,-0.000001,3.141593,-0.000000,0.000109,0.000379,0.000000,0.000003,8.000694,-8.000690
152.939232,0.776714,50.691992,-0.000001,3.141594,-0.000000,0.000168,0.000216,0.000000,0.000002,8.000668,-8.000663
153.139153,0.576794,50.691991,-0.000000,3.141594,-0.000000,0.000197,0.000073,0.000000,-0.000000,8.000640,-8.000638
153.339073,0.376873,50.691991,-0.000000,3.141594,-0.000000,0.000205,0.000003,0.000000,-0.000000,8.000615,-8.000612
153.538994,0.176953,50.691991,-0.000000,3.141594,-0.000000,0.000202,-0.000028,0.000000,-0.000000,8.000591,-8.000587
153.738915,-0.022968,50.691990,-0.000000,3.141594,-0.000000,0.000193,-0.000058,0.000000,0.000000,8.000567,-8.000565
153.938835,-0.222888,50.691990,-0.000000,3.141594,-0.000000,0.000179,-0.000087,0.000000,0.000000,8.000544,-8.000543
154.138756,-0.422809,50.691990,-0.000000,3.141594,-0.000000,0.000152,-0.000182,0.000000,-0.000002,8.000522,-8.000522
154.338676,-0.622730,50.691990,-0.000000,3.141593,-0.000000,0.000105,-0.000288,0.000000,-0.000003,8.000501,-8.000500
154.538597,-0.822650,50.691990,-0.000000,3.141593,-0.000000,0.000024,-0.000528,0.000000,-0.000001,8.000481,-8.000480
154.738517,-1.022571,50.691990,-0.000000,3.141593,-0.000000,-0.000112,-0.000831,0.000000,0.000000,8.000460,-8.000461
154.938438,-1.222491,50.691990,-0.000000,3.141593,-0.000000,-0.000316,-0.001208,0.000000,0.000000,8.000441,-8.000441
155.138359,-1.422412,50.691990,-0.000000,3.141593,-0.000000,-0.000619,-0.001820,0.000000,-0.000000,8.000423,-8.000422
155.338279,-1.622332,50.691990,-0.000000,3.141593,-0.000000,-0.001045,-0.002446,0.000000,-0.000000,8.000405,-8.000404
155.538200,-1.822253,50.691989,0.000000,3.141593,-0.000000,-0.001614,-0.003241,0.000000,-0.000000,8.000388,-8.000387
155.738120,-2.022174,50.691989,0.000000,3.141593,-0.000000,-0.002370,-0.004322,0.000000,0.000000,8.000370,-8.000369
155.938041,-2.222094,50.691989,0.000000,3.141593,-0.000000,-0.003334,-0.005328,0.000000,0.000000,8.000352,-8.000351
156.137961,-2.422015,50.691989,0.000000,3.141593,-0.000000,-0.004531,-0.006649,0.000000,-0.000000,8.000333,-8.000332
156.337882,-2.621935,50.691989,0.000000,3.141593,-0.000000,-0.006017,-0.008211,0.000000,-0.000000,8.000312,-8.000312
156.537802,-2.821856,50.691989,0.000000,3.141593,-0.000000,-0.007802,-0.009643,-0.000000,0.000001,8.000290,-8.000289
156.737723,-3.021776,50.691989,0.000000,3.141593,-0.000000,-0.009921,-0.011560,-0.000000,0.000003,8.000264,-8.000264
156.937644,-3.221697,50.691989,0.000000,3.141594,-0.000000,-0.012433,-0.013567,-0.000000,-0.000001,8.000237,-8.000237
157.137564,-3.421617,50.691989,0.000000,3.141593,-0.000000,-0.015335,-0.015468,0.000000,-0.000003,8.000206,-8.000206
157.337485,-3.621538,50.691989,0.000000,3.141593,-0.000000,-0.018675,-0.017945,-0.000000,-0.000000,8.000171,-8.000172
157.537405,-3.821459,50.691989,0.000000,3.141593,-0.000000,-0.022503,-0.020354,-0.000000,0.000000,8.000133,-8.000134
157.737326,-4.021379,50.691989,0.000000,3.141593,-0.000000,-0.026809,-0.022719,-0.000000,0.000000,8.000090,-8.000091
157.937246,-4.221300,50.691989,0.000000,3.141593,-0.000000,-0.031653,-0.025739,-0.000000,-0.000000,8.000043,-8.000044
158.137167,-4.421220,50.691988,0.000001,3.141593,-0.000000,-0.037069,-0.028448,-0.000000,-0.000000,7.999991,-7.999992
158.337088,-4.621141,50.691988,0.000001,3.141593,-0.000000,-0.043041,-0.031295,-0.000000,-0.000000,7.999934,-7.999935
158.537008,-4.821061,50.691988,0.000001,3.141593,-0.000000,-0.049641,-0.034724,-0.000000,-0.000000,7.999873,-7.999874
158.736929,-5.020982,50.691988,0.000001,3.141593,-0.000000,-0.056880,-0.037695,-0.000000,-0.000000,7.999806,-7.999808
158.936849,-5.220903,50.691988,0.000001,3.141593,-0.000000,-0.064743,-0.040970,-0.000000,-0.000000,7.999736,-7.999737
159.136770,-5.420823,50.691988,0.000001,3.141593,-0.000000,-0.073308,-0.044715,-0.000000,0.000000,7.999662,-7.999664
159.336690,-5.620744,50.691988,0.000001,3.141593,-0.000000,-0.082561,-0.047852,-0.000000,0.000000,7.999584,-7.999586
159.536611,-5.820664,50.691988,0.000001,3.141593,-0.000000,-0.092492,-0.051499,-0.000000,0.000000,7.999504,-7.999506
159.736532,-6.020585,50.691988,0.000001,3.141593,-0.000000,-0.103176,-0.055385,-0.000000,0.000000,7.999422,-7.999424
159.936452,-6.220505,50.691988,0.000001,3.141593,-0.000000,-0.114576,-0.058658,-0.000000,0.000000,7.999339,-7.999341
160.136373,-6.420426,50.691988,0.000001,3.141593,-0.000000,-0.126696,-0.062586,0.000000,-0.000000,7.999255,-7.999257
160.336293,-6.620347,50.691988,0.000001,3.141593,-0.000000,-0.139597,-0.066475,0.000000,-0.000001,7.999170,-7.999172
160.536214,-6.820267,50.691988,0.000001,3.141593,-0.000000,-0.153223,-0.069845,0.000000,-0.000001,7.999084,-7.999086
160.736134,-7.020188,50.691988,0.000001,3.141593,-0.000000,-0.167588,-0.073862,0.000000,-0.000000,7.999005,-7.999007
160.936055,-7.220108,50.691988,0.000001,3.141593,-0.000000,-0.182737,-0.077683,0.000000,0.000000,7.998930,-7.998931
161.135975,-7.420029,50.691988,0.000002,3.141593,-0.000000,-0.198602,-0.081032,0.000000,0.000001,7.998853,-7.998855
161.335896,-7.619949,50.691988,0.000002,3.141593,-0.000000,-0.215209,-0.085108,0.000000,0.000000,7.998782,-7.998784
161.535817,-7.819870,50.691987,0.000002,3.141593,-0.000000,-0.232577,-0.088641,0.000000,-0.000001,7.998716,-7.998716
161.735737,-8.019790,50.691987,0.000002,3.141593,-0.000000,-0.250633,-0.091990,0.000001,-0.000001,7.998649,-7.998650
161.935658,-8.219711,50.691987,0.000002,3.141593,-0.000000,-0.269411,-0.095861,-0.000000,0.000002,7.998595,-7.998595
162.135578,-8.419632,50.691987,0.000002,3.141593,-0.000000,-0.288899,-0.099103,-0.000001,0.000003,7.998550,-7.998551
162.335499,-8.619552,50.691987,0.000002,3.141594,-0.000000,-0.309034,-0.102323,-0.000000,0.000002,7.998511,-7.998513
162.535419,-8.819473,50.691987,0.000002,3.141594,0.000000,-0.329846,-0.105884,0.000001,-0.000002,7.998470,-7.998472
162.735340,-9.019393,50.691987,0.000002,3.141593,0.000000,-0.351302,-0.108759,0.000001,-0.000002,7.998426,-7.998428
162.935261,-9.219314,50.691987,0.000002,3.141593,0.000000,-0.373343,-0.111742,0.000000,-0.000000,7.998400,-7.998402
163.135181,-9.419234,50.691987,0.000002,3.141593,0.000000,-0.395998,-0.114891,0.000001,-0.000002,7.998379,-7.998381
163.335102,-9.619155,50.691987,0.000002,3.141592,0.000000,-0.419210,-0.117319,0.000001,-0.000001,7.998365,-7.998366
163.535022,-9.819076,50.691987,0.000002,3.141592,0.000000,-0.442934,-0.120018,0.000000,0.000000,7.998353,-7.998354
163.734943,-10.018996,50.691987,0.000002,3.141592,0.000000,-0.467185,-0.122585,-0.000000,0.000001,7.998348,-7.998350
163.934863,-10.218917,50.691987,0.000002,3.141593,0.000000,-0.491893,-0.124600,-0.000001,0.000001,7.998358,-7.998359
164.134784,-10.418837,50.691987,0.000001,3.141593,0.000000,-0.517026,-0.126831,-0.000001,0.000001,7.998366,-7.998368
164.334705,-10.618758,50.691987,0.000001,3.141593,0.000000,-0.542579,-0.128793,0.000001,-0.000001,7.998375,-7.998378
164.534625,-10.818678,50.691987,0.000001,3.141593,0.000000,-0.568481,-0.130337,0.000001,-0.000002,7.998384,-7.998386
164.734546,-11.018599,50.691987,0.000001,3.141592,0.000000,-0.594709,-0.132046,0.000000,-0.000000,7.998405,-7.998406
164.934466,-11.218520,50.691987,0.000001,3.141592,0.000000,-0.621238,-0.133349,-0.000001,0.000001,7.998430,-7.998432
165.134387,-11.418440,50.691987,0.000001,3.141593,0.000000,-0.648003,-0.134401,-0.000001,0.000001,7.998453,-7.998454
165.334307,-11.618361,50.691987,0.000001,3.141593,0.000000,-0.674982,-0.135495,-0.000001,0.000001,7.998488,-7.998490
165.534228,-11.818281,50.691987,0.000001,3.141593,0.000000,-0.702134,-0.136137,0.000000,-0.000000,7.998529,-7.998532
165.734148,-12.018202,50.691987,0.000001,3.141593,0.000000,-0.729404,-0.136673,0.000001,-0.000001,7.998564,-7.998566
165.934069,-12.218122,50.691987,0.000001,3.141593,0.000000,-0.756765,-0.137046,0.000000,-0.000000,7.998604,-7.998606
166.133990,-12.418043,50.691987,0.000001,3.141593,0.000000,-0.784168,-0.137087,-0.000000,0.000000,7.998647,-7.998649
166.333910,-12.617963,50.691987,0.000001,3.141593,0.000000,-0.811572,-0.137070,-0.000000,0.000000,7.998698,-7.998700
166.533831,-12.817884,50.691987,0.000001,3.141593,0.000000,-0.838940,-0.136710,0.000000,-0.000000,7.998745,-7.998748
166.733751,-13.017805,50.691987,0.000001,3.141593,0.000000,-0.866217,-0.136174,0.000001,-0.000001,7.998788,-7.998792
166.933672,-13.217725,50.691987,0.000001,3.141593,0.000000,-0.893379,-0.135555,0.000001,-0.000001,7.998841,-7.998843
167.133592,-13.417646,50.691987,0.000001,3.141592,0.000000,-0.920375,-0.134507,0.000001,-0.000001,7.998895,-7.998896
167.333513,-13.617566,50.691987,0.000001,3.141592,0.000000,-0.947158,-0.133431,-0.000000,0.000000,7.998950,-7.998952
167.533434,-13.817487,50.691987,0.000001,3.141592,0.000000,-0.973709,-0.132192,-0.000002,0.000001,7.999012,-7.999013
167.733354,-14.017407,50.691987,0.000001,3.141593,0.000000,-0.999966,-0.130476,-0.000000,0.000000,7.999074,-7.999075
167.933275,-14.217328,50.691987,0.000001,3.141593,0.000000,-1.025895,-0.128919,-0.000000,0.000000,7.999133,-7.999133
168.133195,-14.417249,50.691987,0.000001,3.141593,0.000000,-1.051479,-0.127026,-0.000000,0.000000,7.999193,-7.999194
168.333116,-14.617169,50.691987,0.000001,3.141593,0.000000,-1.076649,-0.124775,-0.000000,0.000000,7.999256,-7.999257
168.533036,-14.817090,50.691987,0.000001,3.141593,0.000000,-1.101394,-0.122771,-0.000002,0.000001,7.999324,-7.999326
168.732957,-15.017010,50.691987,0.000001,3.141594,0.000000,-1.125687,-0.120257,-0.000002,0.000001,7.999391,-7.999392
168.932878,-15.216931,50.691987,0.000000,3.141594,0.000000,-1.149457,-0.117538,0.000002,-0.000001,7.999458,-7.999459
169.132798,-15.416851,50.691986,0.000000,3.141593,0.000000,-1.172712,-0.115106,0.000005,-0.000002,7.999531,-7.999532
169.332719,-15.616772,50.691986,0.000000,3.141592,0.000000,-1.195419,-0.112053,0.000003,-0.000001,7.999599,-7.999600
169.532639,-15.816693,50.691987,0.000000,3.141592,0.000000,-1.217512,-0.108961,0.000001,-0.000000,7.999667,-7.999668
169.732560,-16.016613,50.691987,0.000000,3.141592,0.000000,-1.239018,-0.106183,0.000000,-0.000000,7.999735,-7.999735
169.932480,-16.216534,50.691987,0.000000,3.141592,0.000000,-1.259892,-0.102644,-0.000001,0.000000,7.999809,-7.999809
170.132401,-16.416454,50.691987,0.000000,3.141592,0.000000,-1.280084,-0.099350,-0.000000,-0.000000,7.999886,-7.999887
170.332321,-16.616375,50.691987,0.000000,3.141592,0.000000,-1.299630,-0.096187,0.000000,-0.000000,7.999964,-7.999964
170.532242,-16.816295,50.691988,0.000000,3.141592,0.000000,-1.318475,-0.092345,-0.000000,-0.000000,8.000042,-8.000042
170.732163,-17.016216,50.691988,0.000000,3.141592,0.000000,-1.336595,-0.088926,0.000000,-0.000000,8.000120,-8.000122
170.932083,-17.216136,50.691988,0.000000,3.141592,0.000000,-1.354030,-0.085488,0.000001,-0.000000,8.000198,-8.000199
171.132004,-17.416057,50.691988,0.000000,3.141591,0.000000,-1.370713,-0.081413,-0.000000,-0.000000,8.000279,-8.000278
171.331924,-17.615978,50.691988,0.000000,3.141592,0.000000,-1.386645,-0.077964,-0.000001,0.000000,8.000361,-8.000361
171.531845,-17.815898,50.691989,-0.000000,3.141592,0.000000,-1.401868,-0.074331,-0.000002,0.000000,8.000440,-8.000440
171.731765,-18.015819,50.691989,-0.000000,3.141592,0.000000,-1.416314,-0.070182,-0.000001,0.000000,8.000515,-8.000516
171.931686,-18.215739,50.691989,-0.000000,3.141592,0.000000,-1.430009,-0.066819,-0.000000,-0.000000,8.000586,-8.000588
172.131607,-18.415660,50.691989,-0.000000,3.141592,0.000000,-1.442983,-0.062981,0.000000,-0.000000,8.000661,-8.000662
172.331527,-18.615580,50.691989,-0.000000,3.141592,0.000000,-1.455178,-0.059015,-0.000000,-0.000000,8.000733,-8.000733
172.531448,-18.815501,50.691989,-0.000000,3.141592,0.000000,-1.466647,-0.055717,-0.000001,0.000000,8.000800,-8.000800
172.731368,-19.015422,50.691989,-0.000000,3.141593,-0.000000,-1.477407,-0.051927,-0.000001,0.000000,8.000860,-8.000860
172.931289,-19.215342,50.691989,-0.000000,3.141593,-0.000000,-1.487413,-0.048171,-0.000001,0.000000,8.000915,-8.000916
173.131209,-19.415263,50.691989,-0.000000,3.141593,-0.000000,-1.496731,-0.045050,-0.000000,0.000000,8.000964,-8.000964
173.331130,-19.615183,50.691989,-0.000000,3.141593,-0.000000,-1.505370,-0.041369,-0.000000,0.000000,8.001007,-8.001008
173.531051,-19.815104,50.691989,-0.000000,3.141593,-0.000000,-1.513301,-0.037977,0.000000,-0.000000,8.001045,-8.001046
173.730971,-20.015024,50.691989,-0.000000,3.141593,-0.000000,-1.520604,-0.035075,0.000000,-0.000000,8.001076,-8.001076
173.930892,-20.214945,50.691989,-0.000000,3.141593,0.000000,-1.527272,-0.031634,0.000000,-0.000000,8.001100,-8.001100
174.130812,-20.414866,50.691989,-0.000000,3.141593,0.000000,-1.533303,-0.028701,0.000000,-0.000000,8.001118,-8.001118
174.330733,-20.614786,50.691989,-0.000000,3.141593,0.000000,-1.538774,-0.026030,0.000000,-0.000000,8.001129,-8.001129
174.530653,-20.814707,50.691989,-0.000000,3.141593,0.000000,-1.543676,-0.023013,0.000000,-0.000000,8.001135,-8.001135
174.730574,-21.014627,50.691989,-0.000000,3.141593,0.000000,-1.548031,-0.020553,0.000000,-0.000000,8.001136,-8.001136
174.930494,-21.214548,50.691989,-0.000000,3.141593,0.000000,-1.551906,-0.018213,-0.000000,-0.000000,8.001130,-8.001130
175.130415,-21.414468,50.691989,-0.000000,3.141593,-0.000000,-1.555293,-0.015672,-0.000000,-0.000000,8.001120,-8.001120
175.330336,-21.614389,50.691989,-0.000000,3.141593,-0.000000,-1.558232,-0.013730,-0.000000,-0.000000,8.001106,-8.001106
175.530256,-21.814309,50.691989,-0.000000,3.141593,-0.000000,-1.560780,-0.011763,-0.000000,-0.000000,8.001088,-8.001088
175.730177,-22.014230,50.691989,-0.000000,3.141593,-0.000000,-1.562935,-0.009789,-0.000000,-0.000000,8.001068,-8.001068
175.930097,-22.214151,50.691989,-0.000000,3.141593,-0.000000,-1.564745,-0.008327,-0.000000,-0.000000,8.001045,-8.001045
176.130018,-22.414071,50.691989,-0.000000,3.141593,-0.000000,-1.566256,-0.006788,0.000000,-0.000000,8.001018,-8.001019
176.329938,-22.613992,50.691989,-0.000000,3.141593,-0.000000,-1.567474,-0.005396,0.000000,-0.000000,8.000991,-8.000991
176.529859,-22.813912,50.691989,-0.000000,3.141593,-0.000000,-1.568452,-0.004383,0.000000,-0.000000,8.000961,-8.000961
176.729780,-23.013833,50.691989,-0.000000,3.141593,-0.000000,-1.569221,-0.003309,0.000000,-0.000000,8.000932,-8.000932
176.929700,-23.213753,50.691989,-0.000000,3.141593,-0.000000,-1.569797,-0.002457,-0.000000,-0.000000,8.000903,-8.000903
177.129621,-23.413674,50.691989,-0.000000,3.141593,-0.000000,-1.570226,-0.001835,-0.000000,0.000000,8.000873,-8.000873
177.329541,-23.613595,50.691989,-0.000000,3.141593,-0.000000,-1.570530,-0.001205,-0.000000,0.000000,8.000845,-8.000845
177.529462,-23.813515,50.691989,-0.000000,3.141593,-0.000000,-1.570731,-0.000804,-0.000000,0.000000,8.000816,-8.000816
177.729382,-24.013436,50.691989,-0.000000,3.141593,-0.000000,-1.570861,-0.000497,-0.000000,0.000000,8.000789,-8.000789
177.929303,-24.213356,50.691989,-0.000000,3.141593,-0.000000,-1.570934,-0.000239,-0.000000,0.000000,8.000762,-8.000762
178.129224,-24.413277,50.691989,-0.000000,3.141593,-0.000000,-1.570970,-0.000121,-0.000000,0.000000,8.000737,-8.000737
178.329144,-24.613197,50.691989,-0.000000,3.141593,-0.000000,-1.570985,-0.000025,-0.000000,0.000000,8.000712,-8.000713
178.529065,-24.813118,50.691989,-0.000000,3.141593,-0.000000,-1.570987,0.000009,-0.000000,0.000000,8.000689,-8.000689
178.728985,-25.013039,50.691989,-0.000000,3.141593,-0.000000,-1.570983,0.000022,-0.000000,0.000000,8.000667,-8.000667
178.928906,-25.212959,50.691989,-0.000000,3.141593,-0.000000,-1.570979,0.000027,-0.000000,0.000000,8.000644,-8.000644
179.128826,-25.412880,50.691989,-0.000000,3.141593,-0.000000,-1.570973,0.000029,-0.000001,0.000000,8.000623,-8.000623
179.328747,-25.612800,50.691989,-0.000000,3.141593,-0.000000,-1.570967,0.000029,-0.000001,-0.000000,8.000603,-8.000603
179.528667,-25.812721,50.691989,-0.000000,3.141593,-0.000000,-1.570961,0.000030,-0.000003,-0.000000,8.000583,-8.000584
179.728588,-26.012641,50.691988,-0.000000,3.141594,-0.000000,-1.570956,0.000026,-0.000005,-0.000000,8.000564,-8.000564
179.928509,-26.212562,50.691988,-0.000000,3.141596,-0.000000,-1.570950,0.000026,-0.000010,-0.000000,8.000545,-8.000545
180.128429,-26.412482,50.691987,-0.000000,3.141598,-0.000000,-1.570945,0.000027,-0.000016,-0.000000,8.000528,-8.000528
180.328350,-26.612403,50.691986,-0.000000,3.141603,-0.000000,-1.570940,0.000023,-0.000026,-0.000000,8.000510,-8.000510
180.528270,-26.812324,50.691983,-0.000000,3.141609,-0.000000,-1.570936,0.000023,-0.000039,-0.000000,8.000494,-8.000494
180.728191,-27.012244,50.691979,-0.000000,3.141619,-0.000000,-1.570931,0.000023,-0.000057,-0.000000,8.000476,-8.000477
180.928111,-27.212165,50.691972,-0.000000,3.141633,-0.000000,-1.570927,0.000023,-0.000080,-0.000000,8.000460,-8.000460
181.128032,-27.412085,50.691962,-0.000000,3.141651,-0.000000,-1.570922,0.000023,-0.000109,-0.000000,8.000444,-8.000444
181.327953,-27.612006,50.691948,-0.000000,3.141677,-0.000000,-1.570917,0.000023,-0.000145,-0.000000,8.000429,-8.000429
181.527873,-27.811926,50.691928,-0.000000,3.141710,-0.000000,-1.570913,0.000020,-0.000188,-0.000000,8.000414,-8.000414
181.727794,-28.011847,50.691901,-0.000000,3.141753,-0.000000,-1.570909,0.000019,-0.000239,-0.000000,8.000400,-8.000400
181.927714,-28.211768,50.691864,-0.000000,3.141807,-0.000000,-1.570906,0.000015,-0.000300,-0.000000,8.000387,-8.000387
182.127635,-28.411688,50.691814,-0.000000,3.141874,-0.000000,-1.570902,0.000019,-0.000371,-0.000000,8.000374,-8.000374
182.327555,-28.611609,50.691750,-0.000000,3.141956,-0.000000,-1.570898,0.000019,-0.000453,-0.000000,8.000361,-8.000361
182.527476,-28.811529,50.691668,-0.000000,3.142056,-0.000000,-1.570895,0.000016,-0.000548,-0.000000,8.000350,-8.000350
182.727397,-29.011450,50.691563,-0.000000,3.142176,-0.000000,-1.570892,0.000015,-0.000655,-0.000000,8.000339,-8.000339
182.927317,-29.211370,50.691433,-0.000000,3.142319,-0.000000,-1.570889,0.000012,-0.000775,-0.000000,8.000328,-8.000328
183.127238,-29.411291,50.691271,-0.000000,3.142488,-0.000000,-1.570886,0.000017,-0.000909,-0.000000,8.000317,-8.000318
183.327158,-29.611211,50.691073,-0.000000,3.142684,-0.000000,-1.570883,0.000014,-0.001058,-0.000000,8.000307,-8.000309
183.527079,-29.811132,50.690833,-0.000000,3.142912,-0.000000,-1.570880,0.000013,-0.001222,-0.000000,8.000298,-8.000298
183.726999,-30.011052,50.690543,-0.000000,3.143175,-0.000000,-1.570878,0.000013,-0.001402,-0.000000,8.000288,-8.000288
183.926920,-30.210972,50.690197,-0.000000,3.143475,-0.000000,-1.570875,0.000013,-0.001599,-0.000000,8.000278,-8.000278
184.126840,-30.410892,50.689788,-0.000000,3.143816,-0.000000,-1.570873,0.000013,-0.001813,-0.000000,8.000269,-8.000269
184.326761,-30.610812,50.689306,-0.000000,3.144201,-0.000000,-1.570870,0.000013,-0.002045,-0.000000,8.000260,-8.000261
184.526682,-30.810732,50.688742,-0.000000,3.144635,-0.000000,-1.570867,0.000013,-0.002295,-0.000000,8.000251,-8.000253
184.726602,-31.010652,50.688086,-0.000000,3.145121,-0.000000,-1.570865,0.000014,-0.002563,-0.000000,8.000243,-8.000244
184.926523,-31.210571,50.687327,-0.000000,3.145662,-0.000000,-1.570862,0.000010,-0.002849,-0.000000,8.000235,-8.000235
185.126443,-31.410489,50.686455,-0.000000,3.146262,-0.000000,-1.570860,0.000010,-0.003155,-0.000000,8.000226,-8.000227
185.326364,-31.610408,50.685456,-0.000000,3.146925,-0.000000,-1.570858,0.000010,-0.003479,-0.000000,8.000219,-8.000219
185.526284,-31.810325,50.684318,-0.000000,3.147655,-0.000000,-1.570856,0.000010,-0.003823,-0.000000,8.000212,-8.000212
185.726205,-32.010241,50.683028,-0.000000,3.148455,-0.000000,-1.570854,0.000010,-0.004186,-0.000000,8.000205,-8.000205
185.926126,-32.210156,50.681569,-0.000000,3.149331,-0.000000,-1.570853,0.000010,-0.004569,-0.000000,8.000198,-8.000198
186.126046,-32.410070,50.679928,-0.000000,3.150284,-0.000000,-1.570851,0.000010,-0.004970,-0.000000,8.000192,-8.000192
186.325967,-32.609982,50.678089,-0.000000,3.151320,-0.000000,-1.570849,0.000010,-0.005391,-0.000000,8.000186,-8.000186
186.525887,-32.809892,50.676033,-0.000000,3.152441,-0.000000,-1.570847,0.000005,-0.005829,-0.000000,8.000180,-8.000180
186.725808,-33.009800,50.673745,-0.000000,3.153652,-0.000000,-1.570846,0.000009,-0.006286,-0.000000,8.000174,-8.000174
186.925728,-33.209704,50.671205,-0.000000,3.154956,-0.000000,-1.570844,0.000010,-0.006760,-0.000000,8.000168,-8.000168
187.125649,-33.409605,50.668395,-0.000000,3.156357,-0.000000,-1.570842,0.000006,-0.007252,-0.000000,8.000162,-8.000162
187.325570,-33.609502,50.665296,-0.000000,3.157858,-0.000000,-1.570841,0.000007,-0.007761,-0.000000,8.000157,-8.000157
187.525490,-33.809393,50.661885,-0.000000,3.159462,-0.000000,-1.570840,0.000006,-0.008288,-0.000000,8.000151,-8.000151
187.725411,-34.009279,50.658144,-0.000000,3.161173,-0.000000,-1.570838,0.000011,-0.008832,-0.000000,8.000146,-8.000146
187.925331,-34.209157,50.654050,-0.000000,3.162995,-0.000000,-1.570836,0.000008,-0.009392,-0.000000,8.000141,-8.000141
188.125252,-34.409028,50.649580,-0.000000,3.164930,-0.000000,-1.570835,0.000006,-0.009968,-0.000000,8.000136,-8.000136
188.325172,-34.608889,50.644711,-0.000000,3.166982,-0.000000,-1.570833,0.000007,-0.010559,-0.000000,8.000132,-8.000132
188.525093,-34.808739,50.639421,-0.000000,3.169153,-0.000000,-1.570832,0.000006,-0.011164,-0.000000,8.000127,-8.000127
188.725013,-35.008578,50.633685,-0.000000,3.171447,-0.000000,-1.570831,0.000007,-0.011781,-0.000000,8.000123,-8.000123
188.924934,-35.208402,50.627478,-0.000000,3.173865,-0.000000,-1.570830,0.000003,-0.012409,-0.000000,8.000119,-8.000119
189.124855,-35.408210,50.620775,-0.000000,3.176410,-0.000000,-1.570829,0.000004,-0.013048,-0.000000,8.000116,-8.000116
189.324775,-35.608000,50.613550,-0.000000,3.179083,-0.000000,-1.570828,0.000008,-0.013696,-0.000000,8.000112,-8.000112
189.524696,-35.807769,50.605779,-0.000000,3.181887,-0.000000,-1.570827,0.000003,-0.014353,-0.000000,8.000108,-8.000108
189.724616,-36.007516,50.597435,-0.000000,3.184823,-0.000000,-1.570826,0.000004,-0.015019,-0.000000,8.000105,-8.000105
189.924537,-36.207236,50.588491,-0.000000,3.187893,-0.000000,-1.570825,0.000008,-0.015693,-0.000000,8.000101,-8.000101
190.124457,-36.406927,50.578920,-0.000000,3.191098,-0.000000,-1.570824,0.000003,-0.016374,-0.000000,8.000097,-8.000097
190.324378,-36.606586,50.568695,-0.000000,3.194441,-0.000000,-1.570823,0.000003,-0.017061,-0.000000,8.000094,-8.000094
190.524299,-36.806209,50.557790,-0.000000,3.197921,-0.000000,-1.570822,0.000008,-0.017753,-0.000000,8.000091,-8.000091
190.724219,-37.005792,50.546176,-0.000000,3.201540,-0.000000,-1.570821,0.000004,-0.018449,-0.000000,8.000089,-8.000089
190.924140,-37.205330,50.533825,-0.000000,3.205298,-0.000000,-1.570820,0.000003,-0.019147,-0.000000,8.000086,-8.000086
191.124060,-37.404820,50.520712,-0.000000,3.209196,-0.000000,-1.570820,0.000003,-0.019846,-0.000000,8.000083,-8.000083
191.323981,-37.604256,50.506806,-0.000000,3.213233,-0.000000,-1.570819,0.000003,-0.020544,-0.000000,8.000080,-8.000080
191.523901,-37.803634,50.492082,-0.000000,3.217410,-0.000000,-1.570818,0.000003,-0.021241,-0.000000,8.000077,-8.000077
191.723822,-38.002947,50.476512,-0.000000,3.221726,-0.000000,-1.570818,0.000003,-0.021935,-0.000000,8.000075,-8.000075
191.923743,-38.202190,50.460067,-0.000000,3.226180,0.000000,-1.570817,0.000003,-0.022628,-0.000000,8.000073,-8.000073
192.123663,-38.401356,50.442721,-0.000000,3.230773,0.000000,-1.570816,0.000003,-0.023317,-0.000000,8.000070,-8.000070
192.323584,-38.600440,50.424447,-0.000000,3.235503,0.000000,-1.570816,0.000003,-0.024003,-0.000000,8.000068,-8.000068
192.523504,-38.799433,50.405218,-0.000000,3.240370,0.000000,-1.570815,0.000003,-0.024683,-0.000000,8.000065,-8.000065
192.723425,-38.998329,50.385008,-0.000000,3.245372,0.000000,-1.570814,0.000003,-0.025357,-0.000000,8.000063,-8.000063
192.923345,-39.197121,50.363789,-0.000000,3.250507,0.000000,-1.570814,0.000003,-0.026023,-0.000000,8.000061,-8.000061
193.123266,-39.395799,50.341536,-0.000000,3.255776,0.000000,-1.570813,0.000003,-0.026679,-0.000000,8.000059,-8.000059
193.323186,-39.594355,50.318225,-0.000000,3.261174,0.000000,-1.570812,0.000003,-0.027323,-0.000000,8.000057,-8.000057
193.523107,-39.792781,50.293829,-0.000000,3.266699,0.000000,-1.570812,0.000003,-0.027955,-0.000000,8.000055,-8.000055
193.723028,-39.991068,50.268324,-0.000000,3.272350,0.000000,-1.570811,0.000003,-0.028573,-0.000000,8.000053,-8.000053
193.922948,-40.189206,50.241688,-0.000000,3.278123,0.000000,-1.570811,-0.000001,-0.029179,-0.000000,8.000051,-8.000051
194.122869,-40.387185,50.213896,-0.000000,3.284015,0.000000,-1.570811,0.000003,-0.029772,-0.000000,8.000050,-8.000050
194.322789,-40.584995,50.184926,-0.000000,3.290025,0.000000,-1.570810,0.000003,-0.030351,-0.000000,8.000048,-8.000048
194.522710,-40.782626,50.154757,-0.000000,3.296150,0.000000,-1.570809,0.000004,-0.030917,-0.000000,8.000047,-8.000047
194.722630,-40.980067,50.123367,-0.000000,3.302386,0.000000,-1.570809,0.000001,-0.031470,-0.000000,8.000046,-8.000046
194.922551,-41.177306,50.090735,-0.000000,3.308731,0.000000,-1.570809,-0.000000,-0.032007,-0.000000,8.000044,-8.000044
195.122472,-41.374332,50.056842,-0.000000,3.315182,0.000000,-1.570809,0.000004,-0.032527,-0.000000,8.000043,-8.000043
195.322392,-41.571134,50.021669,-0.000000,3.321735,0.000000,-1.570808,0.000003,-0.033030,-0.000000,8.000041,-8.000041
195.522313,-41.767699,49.985197,-0.000000,3.328387,0.000000,-1.570807,0.000004,-0.033513,-0.000000,8.000040,-8.000040
195.722233,-41.964015,49.947409,-0.000000,3.335133,0.000000,-1.570807,-0.000001,-0.033976,-0.000000,8.000038,-8.000038
195.922154,-42.160071,49.908288,-0.000000,3.341970,0.000000,-1.570807,0.000002,-0.034422,-0.000000,8.000037,-8.000037
196.122074,-42.355852,49.867820,-0.000000,3.348894,0.000000,-1.570806,0.000004,-0.034849,-0.000000,8.000036,-8.000036
196.321995,-42.551347,49.825988,-0.000000,3.355902,0.000000,-1.570806,-0.000001,-0.035259,-0.000000,8.000035,-8.000035
196.521915,-42.746542,49.782780,-0.000000,3.362991,0.000000,-1.570806,0.000002,-0.035651,-0.000000,8.000034,-8.000034
196.721836,-42.941424,49.738181,-0.000000,3.370155,0.000000,-1.570805,0.000004,-0.036024,-0.000000,8.000033,-8.000033
196.921757,-43.135980,49.692181,-0.000000,3.377393,0.000000,-1.570805,-0.000001,-0.036379,-0.000000,8.000031,-8.000031
197.121677,-43.330196,49.644766,-0.000000,3.384699,0.000000,-1.570805,0.000001,-0.036715,-0.000000,8.000030,-8.000030
197.321598,-43.524059,49.595928,-0.000000,3.392071,0.000000,-1.570804,0.000004,-0.037030,-0.000000,8.000029,-8.000029
197.521518,-43.717555,49.545656,-0.000000,3.399503,0.000000,-1.570804,-0.000000,-0.037324,-0.000000,8.000029,-8.000029
197.721439,-43.910671,49.493941,-0.000000,3.406993,0.000000,-1.570804,0.000000,-0.037598,-0.000000,8.000029,-8.000027
197.921359,-44.103392,49.440777,-0.000000,3.414535,-0.000000,-1.570804,-0.000001,-0.037851,-0.000000,8.000027,-8.000026
198.121280,-44.295706,49.386156,-0.000000,3.422125,-0.000000,-1.570804,0.000003,-0.038088,-0.000000,8.000026,-8.000026
198.321201,-44.487598,49.330072,-0.000000,3.429762,-0.000000,-1.570803,0.000003,-0.038308,-0.000000,8.000025,-8.000025
198.521121,-44.679056,49.272520,-0.000000,3.437441,-0.000000,-1.570803,-0.000001,-0.038512,-0.000000,8.000024,-8.000024
198.721042,-44.870064,49.213496,-0.000000,3.445159,-0.000000,-1.570803,0.000000,-0.038703,-0.000000,8.000023,-8.000023
198.920962,-45.060610,49.152996,-0.000000,3.452914,-0.000000,-1.570803,-0.000000,-0.038878,-0.000000,8.000022,-8.000022
199.120883,-45.250680,49.091017,-0.000000,3.460703,-0.000000,-1.570803,0.000005,-0.039038,-0.000000,8.000022,-8.000022
199.320803,-45.440261,49.027557,-0.000000,3.468522,-0.000000,-1.570802,0.000001,-0.039184,-0.000000,8.000021,-8.000021
199.520724,-45.629338,48.962613,-0.000000,3.476369,-0.000000,-1.570802,0.000000,-0.039313,-0.000000,8.000020,-8.000020
199.720645,-45.817900,48.896186,-0.000000,3.484239,-0.000000,-1.570802,-0.000001,-0.039425,-0.000000,8.000020,-8.000020
199.920565,-46.005932,48.828274,-0.000000,3.492131,-0.000000,-1.570802,0.000002,-0.039522,-0.000000,8.000019,-8.000019
200.120486,-46.193421,48.758879,-0.000000,3.500040,-0.000000,-1.570801,0.000004,-0.039604,-0.000000,8.000018,-8.000018
200.320406,-46.380356,48.688002,-0.000000,3.507965,-0.000000,-1.570801,-0.000001,-0.039676,-0.000000,8.000018,-8.000018
200.520327,-46.566722,48.615644,-0.000000,3.515904,-0.000000,-1.570801,0.000000,-0.039740,-0.000000,8.000017,-8.000017
200.720247,-46.752508,48.541808,-0.000000,3.523854,-0.000000,-1.570801,0.000000,-0.039795,-0.000000,8.000016,-8.000016
200.920168,-46.937700,48.466497,-0.000000,3.531815,-0.000000,-1.570801,-0.000000,-0.039843,-0.000000,8.000016,-8.000016
201.120088,-47.122286,48.389712,-0.000000,3.539785,-0.000000,-1.570801,0.000001,-0.039885,-0.000000,8.000015,-8.000015
201.320009,-47.306255,48.311459,-0.000000,3.547762,-0.000000,-1.570800,0.000004,-0.039920,-0.000000,8.000015,-8.000015
201.519930,-47.489593,48.231739,-0.000000,3.555745,-0.000000,-1.570800,-0.000000,-0.039947,-0.000000,8.000015,-8.000015
201.719850,-47.672288,48.150558,-0.000000,3.563734,-0.000000,-1.570800,0.000000,-0.039968,-0.000000,8.000014,-8.000014
201.919771,-47.854329,48.067920,-0.000000,3.571725,-0.000000,-1.570800,0.000000,-0.039980,-0.000000,8.000013,-8.000013
202.119691,-48.035704,47.983829,-0.000000,3.579719,-0.000000,-1.570800,-0.000000,-0.039988,-0.000000,8.000013,-8.000013
202.319612,-48.216401,47.898292,-0.000000,3.587714,-0.000000,-1.570800,0.000000,-0.039992,-0.000000,8.000013,-8.000013
202.519532,-48.396408,47.811312,-0.000000,3.595709,-0.000000,-1.570800,-0.000001,-0.039994,-0.000000,8.000012,-8.000012
202.719453,-48.575714,47.722896,-0.000000,3.603705,-0.000000,-1.570800,0.000003,-0.039997,-0.000000,8.000012,-8.000012
202.919374,-48.754307,47.633049,-0.000000,3.611701,-0.000000,-1.570799,0.000003,-0.040000,-0.000000,8.000012,-8.000012
203.119294,-48.932176,47.541776,-0.000000,3.619699,-0.000000,-1.570799,-0.000001,-0.040003,-0.000000,8.000012,-8.000012
203.319215,-49.109309,47.449085,-0.000000,3.627696,-0.000000,-1.570799,0.000000,-0.040008,-0.000000,8.000011,-8.000011
203.519135,-49.285696,47.354979,-0.000000,3.635695,-0.000000,-1.570799,-0.000000,-0.040011,-0.000000,8.000010,-8.000010
203.719056,-49.461324,47.259465,-0.000000,3.643694,-0.000000,-1.570799,0.000000,-0.040013,-0.000000,8.000010,-8.000010
203.918976,-49.636182,47.162550,-0.000000,3.651694,-0.000000,-1.570799,-0.000000,-0.040014,-0.000000,8.000010,-8.000010
204.118897,-49.810259,47.064239,-0.000000,3.659693,-0.000000,-1.570799,-0.000000,-0.040012,-0.000000,8.000009,-8.000009
204.318818,-49.983545,46.964538,-0.000000,3.667692,-0.000000,-1.570799,0.000000,-0.040008,-0.000000,8.000009,-8.000009
204.518738,-50.156027,46.863455,-0.000000,3.675690,-0.000000,-1.570799,-0.000000,-0.040006,-0.000000,8.000009,-8.000009
204.718659,-50.327696,46.760995,-0.000000,3.683688,-0.000000,-1.570799,0.000000,-0.040003,-0.000000,8.000008,-8.000008
204.918579,-50.498539,46.657166,-0.000000,3.691685,-0.000000,-1.570799,-0.000000,-0.040002,-0.000000,8.000008,-8.000008
205.118500,-50.668547,46.551974,-0.000000,3.699682,-0.000000,-1.570799,0.000001,-0.040003,-0.000000,8.000008,-8.000008
205.318420,-50.837708,46.445426,-0.000000,3.707680,-0.000000,-1.570798,0.000004,-0.040004,-0.000000,8.000008,-8.000008
205.518341,-51.006012,46.337528,-0.000000,3.715678,-0.000000,-1.570798,-0.000000,-0.040006,-0.000000,8.000008,-8.000008
205.718261,-51.173447,46.228288,-0.000000,3.723676,-0.000000,-1.570798,0.000000,-0.040009,-0.000000,8.000007,-8.000007
205.918182,-51.340003,46.117712,-0.000000,3.731675,-0.000000,-1.570798,-0.000000,-0.040009,-0.000000,8.000007,-8.000007
206.118103,-51.505669,46.005807,-0.000000,3.739673,-0.000000,-1.570798,0.000000,-0.040008,-0.000000,8.000007,-8.000007
206.318023,-51.670435,45.892581,-0.000000,3.747671,-0.000000,-1.570798,-0.000000,-0.040006,-0.000000,8.000007,-8.000007
206.517944,-51.834291,45.778040,-0.000000,3.755669,-0.000000,-1.570798,0.000000,-0.040002,-0.000000,8.000006,-8.000006
206.717864,-51.997225,45.662193,-0.000000,3.763666,-0.000000,-1.570798,-0.000000,-0.040000,-0.000000,8.000006,-8.000006
206.917785,-52.159227,45.545047,-0.000000,3.771663,-0.000000,-1.570798,0.000000,-0.039999,-0.000000,8.000006,-8.000006
207.117705,-52.320287,45.426609,-0.000000,3.779659,-0.000000,-1.570798,-0.000000,-0.039999,-0.000000,8.000006,-8.000006
207.317626,-52.480395,45.306887,-0.000000,3.787656,-0.000000,-1.570798,0.000000,-0.040002,-0.000000,8.000006,-8.000006
207.517547,-52.639541,45.185888,-0.000000,3.795654,-0.000000,-1.570798,-0.000000,-0.040004,-0.000000,8.000005,-8.000005
207.717467,-52.797714,45.063620,-0.000000,3.803652,-0.000000,-1.570798,0.000000,-0.040007,-0.000000,8.000005,-8.000005
207.917388,-52.954904,44.940091,-0.000000,3.811650,-0.000000,-1.570798,-0.000000,-0.040009,-0.000000,8.000005,-8.000005
208.117308,-53.111100,44.815309,-0.000000,3.819649,-0.000000,-1.570798,0.000000,-0.040009,-0.000000,8.000005,-8.000005
208.317229,-53.266294,44.689281,-0.000000,3.827647,-0.000000,-1.570798,-0.000001,-0.040006,-0.000000,8.000005,-8.000005
208.517149,-53.420475,44.562017,-0.000000,3.835645,-0.000000,-1.570798,0.000002,-0.040003,-0.000000,8.000005,-8.000005
208.717070,-53.573633,44.433523,-0.000000,3.843642,-0.000000,-1.570797,0.000004,-0.040000,-0.000000,8.000004,-8.000004
208.916991,-53.725758,44.303809,-0.000000,3.851639,-0.000000,-1.570797,-0.000001,-0.039998,-0.000000,8.000004,-8.000004
209.116911,-53.876842,44.172882,-0.000000,3.859635,-0.000000,-1.570797,0.000000,-0.039998,-0.000000,8.000004,-8.000004
209.316832,-54.026873,44.040751,-0.000000,3.867631,-0.000000,-1.570797,-0.000000,-0.039998,-0.000000,8.000004,-8.000004
209.516752,-54.175844,43.907425,-0.000000,3.875628,-0.000000,-1.570797,0.000000,-0.040001,-0.000000,8.000004,-8.000004
209.716673,-54.323743,43.772912,-0.000000,3.883626,-0.000000,-1.570797,-0.000000,-0.040004,-0.000000,8.000004,-8.000004
209.916593,-54.470562,43.637220,-0.000000,3.891623,-0.000000,-1.570797,0.000000,-0.040007,-0.000000,8.000003,-8.000003
210.116514,-54.616291,43.500359,-0.000000,3.899622,-0.000000,-1.570797,-0.000000,-0.040008,-0.000000,8.000003,-8.000003
210.316434,-54.760921,43.362336,-0.000000,3.907620,-0.000000,-1.570797,0.000000,-0.040008,-0.000000,8.000003,-8.000003
210.516355,-54.904442,43.223161,-0.000000,3.915618,-0.000000,-1.570797,-0.000000,-0.040004,-0.000000,8.000003,-8.000003
210.716276,-55.046845,43.082842,-0.000000,3.923616,-0.000000,-1.570797,0.000000,-0.040001,-0.000000,8.000003,-8.000003
210.916196,-55.188122,42.941389,-0.000000,3.931612,-0.000000,-1.570797,-0.000000,-0.039999,-0.000000,8.000003,-8.000003
211.116117,-55.328263,42.798811,-0.000000,3.939609,-0.000000,-1.570797,0.000000,-0.039997,-0.000000,8.000003,-8.000003
211.316037,-55.467259,42.655117,-0.000000,3.947605,-0.000000,-1.570797,-0.000000,-0.039998,-0.000000,8.000003,-8.000003
211.515958,-55.605102,42.510316,-0.000000,3.955602,-0.000000,-1.570797,0.000000,-0.040000,-0.000000,8.000003,-8.000003
211.715878,-55.741783,42.364417,-0.000000,3.963599,-0.000000,-1.570797,0.000000,-0.040002,-0.000000,8.000003,-8.000003
211.915799,-55.877292,42.217430,-0.000000,3.971596,-0.000000,-1.570797,0.000000,-0.040006,-0.000000,8.000003,-8.000003
212.115720,-56.011622,42.069364,-0.000000,3.979595,-0.000000,-1.570797,0.000000,-0.040007,-0.000000,8.000002,-8.000002
212.315640,-56.144763,41.920228,-0.000000,3.987593,-0.000000,-1.570797,0.000000,-0.040007,-0.000000,8.000002,-8.000002
212.515561,-56.276707,41.770032,-0.000000,3.995591,-0.000000,-1.570797,0.000000,-0.040006,-0.000000,8.000002,-8.000002
212.715481,-56.407445,41.618786,-0.000000,4.003588,-0.000000,-1.570797,0.000000,-0.040002,-0.000000,8.000002,-8.000002
212.915402,-56.536970,41.466499,-0.000000,4.011585,-0.000000,-1.570797,0.000000,-0.039999,-0.000000,8.000002,-8.000002
213.115322,-56.665273,41.313181,-0.000000,4.019582,-0.000000,-1.570797,0.000000,-0.039997,-0.000000,8.000002,-8.000002
213.315243,-56.792346,41.158842,-0.000000,4.027578,-0.000000,-1.570797,0.000000,-0.039997,-0.000000,8.000002,-8.000002
213.515164,-56.918180,41.003492,-0.000000,4.035574,-0.000000,-1.570797,0.000000,-0.039998,-0.000000,8.000002,-8.000002
213.715084,-57.042769,40.847140,-0.000000,4.043571,-0.000000,-1.570797,0.000000,-0.040000,-0.000000,8.000002,-8.000002
213.915005,-57.166103,40.689798,-0.000000,4.051568,-0.000000,-1.570797,0.000000,-0.040002,-0.000000,8.000002,-8.000002
214.114925,-57.288175,40.531474,-0.000000,4.059566,-0.000000,-1.570797,0.000000,-0.040005,-0.000000,8.000002,-8.000002
214.314846,-57.408976,40.372179,-0.000000,4.067564,-0.000000,-1.570797,0.000000,-0.040006,-0.000000,8.000002,-8.000002
214.514766,-57.528500,40.211922,-0.000000,4.075562,-0.000000,-1.570797,0.000000,-0.040005,-0.000000,8.000002,-8.000002
214.714687,-57.646739,40.050715,-0.000000,4.083559,-0.000000,-1.570797,0.000000,-0.040003,-0.000000,8.000002,-8.000002
214.914607,-57.763684,39.888568,-0.000000,4.091556,-0.000000,-1.570797,0.000000,-0.040001,-0.000000,8.000002,-8.000002
215.114528,-57.879329,39.725490,-0.000000,4.099553,-0.000000,-1.570797,0.000000,-0.039998,-0.000000,8.000001,-8.000001
215.314449,-57.993666,39.561493,-0.000000,4.107549,-0.000000,-1.570797,0.000000,-0.039997,-0.000000,8.000001,-8.000001
215.514369,-58.106688,39.396587,-0.000000,4.115546,-0.000000,-1.570797,0.000000,-0.039998,-0.000000,8.000001,-8.000001
215.714290,-58.218388,39.230782,-0.000000,4.123542,-0.000000,-1.570797,0.000000,-0.039999,-0.000000,8.000001,-8.000001
215.914210,-58.328758,39.064090,-0.000000,4.131539,-0.000000,-1.570797,0.000000,-0.040002,-0.000000,8.000001,-8.000001
216.114131,-58.437792,38.896520,-0.000000,4.139536,-0.000000,-1.570797,0.000000,-0.040004,-0.000000,8.000001,-8.000001
216.314051,-58.545483,38.728084,-0.000000,4.147534,-0.000000,-1.570797,0.000000,-0.040006,-0.000000,8.000001,-8.000001
216.513972,-58.651822,38.558791,-0.000000,4.155532,-0.000000,-1.570797,0.000000,-0.040007,-0.000000,8.000001,-8.000001
216.713893,-58.756804,38.388654,-0.000000,4.163530,-0.000000,-1.570797,0.000000,-0.040005,-0.000000,8.000001,-8.000001
216.913813,-58.860423,38.217682,-0.000000,4.171528,-0.000000,-1.570797,0.000000,-0.040001,-0.000000,8.000001,-8.000001
217.113734,-58.962670,38.045888,-0.000000,4.179524,-0.000000,-1.570797,0.000000,-0.039998,-0.000000,8.000001,-8.000001
217.313654,-59.063541,37.873281,-0.000000,4.187521,-0.000000,-1.570797,0.000000,-0.039996,-0.000000,8.000001,-8.000001
217.513575,-59.163028,37.699873,-0.000000,4.195517,-0.000000,-1.570797,0.000000,-0.039995,-0.000000,8.000001,-8.000001
217.713495,-59.261126,37.525675,-0.000000,4.203513,-0.000000,-1.570797,0.000000,-0.039997,-0.000000,8.000001,-8.000001
217.913416,-59.357827,37.350698,-0.000000,4.211509,-0.000000,-1.570797,-0.000000,-0.039999,-0.000000,8.000001,-8.000001
218.113337,-59.453126,37.174954,-0.000000,4.219506,-0.000000,-1.570797,0.000000,-0.040001,-0.000000,8.000001,-8.000001
218.313257,-59.547017,36.998453,-0.000000,4.227503,-0.000000,-1.570797,-0.000000,-0.040005,-0.000000,8.000001,-8.000001
218.513178,-59.639493,36.821207,-0.000000,4.235501,-0.000000,-1.570797,0.000000,-0.040006,-0.000000,8.000001,-8.000001
218.713098,-59.730549,36.643227,-0.000000,4.243499,-0.000000,-1.570797,-0.000000,-0.040007,-0.000000,8.000001,-8.000001
218.913019,-59.820178,36.464524,-0.000000,4.251497,-0.000000,-1.570797,0.000000,-0.040005,-0.000000,8.000001,-8.000001
219.112939,-59.908375,36.285110,-0.000000,4.259495,-0.000000,-1.570797,-0.000000,-0.040001,-0.000000,8.000001,-8.000001
219.312860,-59.995134,36.104997,-0.000000,4.267492,-0.000000,-1.570797,0.000000,-0.039998,-0.000000,8.000001,-8.000001
219.512780,-60.080451,35.924196,-0.000000,4.275488,-0.000000,-1.570797,-0.000000,-0.039996,-0.000000,8.000001,-8.000001
219.712701,-60.164319,35.742718,-0.000000,4.283484,-0.000000,-1.570797,0.000000,-0.039995,-0.000000,8.000001,-8.000001
219.912622,-60.246733,35.560575,-0.000000,4.291480,-0.000000,-1.570797,-0.000000,-0.039997,-0.000000,8.000001,-8.000001
220.112542,-60.327688,35.377780,-0.000000,4.299476,-0.000000,-1.570797,0.000000,-0.039999,-0.000000,8.000001,-8.000001
220.312463,-60.407179,35.194342,-0.000000,4.307473,-0.000000,-1.570797,0.000004,-0.040002,-0.000000,8.000001,-8.000001
220.512383,-60.485201,35.010275,-0.000000,4.315471,-0.000000,-1.570796,0.000001,-0.040005,0.000000,8.000001,-8.000001
220.712304,-60.561747,34.825590,-0.000000,4.323469,-0.000000,-1.570796,-0.000000,-0.040006,0.000000,8.000001,-8.000001
220.912224,-60.636814,34.640299,-0.000000,4.331467,-0.000000,-1.570796,0.000000,-0.040005,0.000000,8.000001,-8.000001
221.112145,-60.710397,34.454413,-0.000000,4.339464,-0.000000,-1.570796,-0.000000,-0.040003,0.000000,8.000001,-8.000001
221.312066,-60.782491,34.267944,-0.000000,4.347461,-0.000000,-1.570796,0.000000,-0.039999,0.000000,8.000001,-8.000001
221.511986,-60.853092,34.080905,-0.000000,4.355458,-0.000000,-1.570796,-0.000000,-0.039997,0.000000,8.000001,-8.000001
221.711907,-60.922195,33.893308,-0.000000,4.363454,-0.000000,-1.570796,0.000000,-0.039996,0.000000,8.000000,-8.000000
221.911827,-60.989795,33.705164,-0.000000,4.371450,-0.000000,-1.570796,-0.000000,-0.039996,0.000000,8.000000,-8.000000
222.111748,-61.055889,33.516485,-0.000000,4.379446,-0.000000,-1.570796,0.000000,-0.039998,0.000000,8.000000,-8.000000
222.311668,-61.120472,33.327284,-0.000000,4.387443,-0.000000,-1.570796,-0.000000,-0.040001,0.000000,8.000000,-8.000000
222.511589,-61.183540,33.137573,-0.000000,4.395440,-0.000000,-1.570796,0.000000,-0.040003,0.000000,8.000000,-8.000000
222.711510,-61.245089,32.947363,-0.000000,4.403437,-0.000000,-1.570796,-0.000000,-0.040005,0.000000,8.000000,-8.000000
222.911430,-61.305114,32.756667,-0.000000,4.411435,-0.000000,-1.570796,0.000000,-0.040006,0.000000,8.000000,-8.000000
223.111351,-61.363613,32.565497,-0.000000,4.419433,-0.000000,-1.570796,-0.000000,-0.040004,0.000000,8.000000,-8.000000
223.311271,-61.420580,32.373865,-0.000000,4.427431,-0.000000,-1.570796,0.000000,-0.040002,0.000000,8.000000,-8.000000
223.511192,-61.476014,32.181784,-0.000000,4.435428,-0.000000,-1.570796,0.000000,-0.040000,0.000000,8.000000,-8.000000
223.711112,-61.529910,31.989266,-0.000000,4.443424,-0.000000,-1.570796,0.000000,-0.039997,0.000000,8.000000,-8.000000
223.911033,-61.582264,31.796323,-0.000000,4.451420,-0.000000,-1.570796,0.000000,-0.039997,0.000000,8.000000,-8.000000
224.110953,-61.633074,31.602967,-0.000000,4.459417,-0.000000,-1.570796,0.000000,-0.039997,0.000000,8.000000,-8.000000
224.310874,-61.682336,31.409212,-0.000000,4.467413,-0.000000,-1.570796,0.000000,-0.039998,0.000000,8.000000,-8.000000
224.510795,-61.730048,31.215068,-0.000000,4.475410,-0.000000,-1.570796,0.000000,-0.040000,0.000000,8.000000,-8.000000
224.710715,-61.776205,31.020550,-0.000000,4.483407,-0.000000,-1.570796,0.000000,-0.040002,0.000000,8.000000,-8.000000
224.910636,-61.820805,30.825668,-0.000000,4.491404,-0.000000,-1.570796,0.000000,-0.040004,0.000000,8.000000,-8.000000
225.110556,-61.863845,30.630436,-0.000000,4.499402,-0.000000,-1.570796,0.000000,-0.040005,0.000000,8.000000,-8.000000
225.310477,-61.905323,30.434866,-0.000000,4.507399,-0.000000,-1.570796,0.000000,-0.040003,0.000000,8.000000,-8.000000
225.510397,-61.945235,30.238970,-0.000000,4.515397,-0.000000,-1.570796,0.000000,-0.040001,0.000000,8.000000,-8.000000
225.710318,-61.983579,30.042762,-0.000000,4.523393,-0.000000,-1.570796,0.000000,-0.039999,0.000000,8.000000,-8.000000
225.910239,-62.020353,29.846253,-0.000000,4.531390,-0.000000,-1.570796,0.000000,-0.039997,0.000000,8.000000,-8.000000
226.110159,-62.055555,29.649457,-0.000000,4.539386,-0.000000,-1.570796,0.000000,-0.039997,0.000000,8.000000,-8.000000
226.310080,-62.089182,29.452385,-0.000000,4.547383,-0.000000,-1.570796,0.000000,-0.039998,0.000000,8.000000,-8.000000
226.510000,-62.121232,29.255051,-0.000000,4.555379,-0.000000,-1.570796,0.000000,-0.039999,0.000000,8.000000,-8.000000
226.709921,-62.151702,29.057466,-0.000000,4.563376,-0.000000,-1.570796,0.000000,-0.040002,0.000000,8.000000,-8.000000
226.909841,-62.180592,28.859645,-0.000000,4.571374,-0.000000,-1.570796,0.000000,-0.040004,0.000000,8.000000,-8.000000
227.109762,-62.207899,28.661598,-0.000000,4.579371,-0.000000,-1.570796,0.000000,-0.040004,0.000000,8.000000,-8.000000
227.309683,-62.233621,28.463340,-0.000000,4.587369,-0.000000,-1.570796,0.000000,-0.040003,0.000000,8.000000,-8.000000
227.509603,-62.257756,28.264882,-0.000000,4.595366,-0.000000,-1.570796,0.000000,-0.040002,0.000000,8.000000,-8.000000
227.709524,-62.280304,28.066238,-0.000000,4.603363,-0.000000,-1.570796,0.000000,-0.039999,0.000000,8.000000,-8.000000
227.909444,-62.301263,27.867419,-0.000000,4.611359,-0.000000,-1.570796,0.000000,-0.039998,0.000000,8.000000,-8.000000
228.109365,-62.320631,27.668440,-0.000000,4.619356,-0.000000,-1.570796,0.000000,-0.039997,0.000000,8.000000,-8.000000
228.309285,-62.338407,27.469312,-0.000000,4.627352,-0.000000,-1.570796,0.000000,-0.039997,0.000000,8.000000,-8.000000
228.509206,-62.354591,27.270048,-0.000000,4.635348,-0.000000,-1.570796,0.000000,-0.039999,0.000000,8.000000,-8.000000
228.709126,-62.369181,27.070661,-0.000000,4.643345,-0.000000,-1.570796,0.000000,-0.040000,0.000000,8.000000,-8.000000
228.909047,-62.382175,26.871163,-0.000000,4.651342,-0.000000,-1.570796,0.000000,-0.040002,0.000000,8.000000,-8.000000
229.108968,-62.393574,26.671569,-0.000000,4.659340,-0.000000,-1.570796,0.000000,-0.040004,0.000000,8.000000,-8.000000
229.308888,-62.403376,26.471889,-0.000000,4.667337,-0.000000,-1.570796,0.000000,-0.040004,0.000000,8.000000,-8.000000
229.508809,-62.411581,26.272137,-0.000000,4.675335,-0.000000,-1.570796,0.000000,-0.040002,0.000000,8.000000,-8.000000
229.708729,-62.418189,26.072327,-0.000000,4.683332,-0.000000,-1.570796,0.000000,-0.040000,0.000000,8.000000,-8.000000
229.908650,-62.423198,25.872469,-0.000000,4.691328,-0.000000,-1.570796,0.000000,-0.039998,0.000000,8.000000,-8.000000
230.108570,-62.426609,25.672578,-0.000000,4.699325,-0.000000,-1.570796,0.000000,-0.039997,0.000000,8.000000,-8.000000
230.308491,-62.428421,25.472667,-0.000000,4.707321,-0.000000,-1.570796,0.000000,-0.039998,0.000000,8.000000,-8.000000
230.508412,-62.428635,25.272747,-0.000000,4.715317,-0.000000,-1.570796,0.000000,-0.039998,0.000000,8.000000,-8.000000
230.708332,-62.427250,25.072831,-0.000000,4.723314,-0.000000,-1.570796,0.000000,-0.040000,0.000000,8.000000,-8.000000
230.908253,-62.424267,24.872934,-0.000000,4.731311,-0.000000,-1.570796,0.000000,-0.040003,0.000000,8.000000,-8.000000
231.108173,-62.419685,24.673066,-0.000000,4.739309,-0.000000,-1.570796,0.000000,-0.040004,0.000000,8.000000,-8.000000
231.308094,-62.413505,24.473242,-0.000000,4.747306,-0.000000,-1.570796,0.000000,-0.040005,0.000000,8.000000,-8.000000
231.508014,-62.405727,24.273473,-0.000000,4.755304,-0.000000,-1.570796,0.000000,-0.040004,0.000000,8.000000,-8.000000
231.707935,-62.396351,24.073773,-0.000000,4.763301,-0.000000,-1.570796,0.000000,-0.040001,0.000000,8.000000,-8.000000
231.907856,-62.385379,23.874154,-0.000000,4.771298,-0.000000,-1.570796,0.000000,-0.039999,0.000000,8.000000,-8.000000
232.107776,-62.372811,23.674630,-0.000000,4.779295,-0.000000,-1.570796,0.000000,-0.039997,0.000000,8.000000,-8.000000
232.307697,-62.358648,23.475212,-0.000000,4.787291,-0.000000,-1.570796,0.000000,-0.039996,0.000000,8.000000,-8.000000
232.507617,-62.342890,23.275914,-0.000000,4.795287,-0.000000,-1.570796,0.000000,-0.039997,0.000000,8.000000,-8.000000
232.707538,-62.325540,23.076748,-0.000000,4.803283,-0.000000,-1.570796,0.000000,-0.039998,0.000000,8.000000,-8.000000
232.907458,-62.306597,22.877728,-0.000000,4.811280,-0.000000,-1.570796,0.000000,-0.039999,0.000000,8.000000,-8.000000
233.107379,-62.286064,22.678865,-0.000000,4.819277,-0.000000,-1.570796,0.000000,-0.040002,0.000000,8.000000,-8.000000
233.307299,-62.263941,22.480173,-0.000000,4.827274,-0.000000,-1.570796,0.000000,-0.040004,0.000000,8.000000,-8.000000
233.507220,-62.240230,22.281664,-0.000000,4.835272,-0.000000,-1.570796,0.000000,-0.040005,0.000000,8.000000,-8.000000
233.707141,-62.214931,22.083351,-0.000000,4.843270,-0.000000,-1.570796,0.000000,-0.040004,0.000000,8.000000,-8.000000
233.907061,-62.188048,21.885246,-0.000000,4.851267,-0.000000,-1.570796,0.000000,-0.040001,0.000000,8.000000,-8.000000
234.106982,-62.159581,21.687364,-0.000000,4.859264,-0.000000,-1.570796,0.000000,-0.039999,0.000000,8.000000,-8.000000
234.306902,-62.129533,21.489715,-0.000000,4.867260,-0.000000,-1.570796,0.000000,-0.039998,0.000000,8.000000,-8.000000
234.506823,-62.097905,21.292312,-0.000000,4.875257,-0.000000,-1.570796,0.000000,-0.039996,0.000000,8.000000,-8.000000
234.706743,-62.064700,21.095169,-0.000000,4.883253,-0.000000,-1.570796,0.000000,-0.039997,0.000000,8.000000,-8.000000
234.906664,-62.029919,20.898298,-0.000000,4.891249,-0.000000,-1.570796,0.000000,-0.039999,0.000000,8.000000,-8.000000
235.106585,-61.993566,20.701711,-0.000000,4.899246,-0.000000,-1.570796,0.000000,-0.040000,0.000000,8.000000,-8.000000
235.306505,-61.955641,20.505421,-0.000000,4.907243,-0.000000,-1.570796,0.000000,-0.040003,0.000000,8.000000,-8.000000
235.506426,-61.916148,20.309440,-0.000000,4.915241,-0.000000,-1.570796,0.000000,-0.040005,0.000000,8.000000,-8.000000
235.706346,-61.875088,20.113782,-0.000000,4.923239,-0.000000,-1.570796,0.000000,-0.040004,0.000000,8.000000,-8.000000
235.906267,-61.832466,19.918458,-0.000000,4.931236,-0.000000,-1.570796,0.000000,-0.040003,0.000000,8.000000,-8.000000
236.106187,-61.788282,19.723482,-0.000000,4.939233,-0.000000,-1.570796,0.000000,-0.040000,0.000000,8.000000,-8.000000
236.306108,-61.742541,19.528865,-0.000000,4.947230,-0.000000,-1.570796,0.000000,-0.039997,0.000000,8.000000,-8.000000
236.506029,-61.695245,19.334620,-0.000000,4.955226,-0.000000,-1.570796,0.000000,-0.039996,0.000000,8.000000,-8.000000
236.705949,-61.646397,19.140759,-0.000000,4.963222,-0.000000,-1.570796,0.000000,-0.039997,0.000000,8.000000,-8.000000
236.905870,-61.596001,18.947296,-0.000000,4.971218,-0.000000,-1.570796,0.000000,-0.039997,0.000000,8.000000,-8.000000
237.105790,-61.544059,18.754241,-0.000000,4.979215,-0.000000,-1.570796,0.000000,-0.040000,0.000000,8.000000,-8.000000
237.305711,-61.490576,18.561608,-0.000000,4.987212,-0.000000,-1.570796,0.000000,-0.040002,0.000000,8.000000,-8.000000
237.505631,-61.435553,18.369409,-0.000000,4.995209,-0.000000,-1.570796,0.000000,-0.040004,0.000000,8.000000,-8.000000
237.705552,-61.378995,18.177656,-0.000000,5.003207,-0.000000,-1.570796,0.000000,-0.040006,0.000000,8.000000,-8.000000
237.905472,-61.320905,17.986361,-0.000000,5.011205,-0.000000,-1.570796,0.000000,-0.040004,0.000000,8.000000,-8.000000
238.105393,-61.261288,17.795537,-0.000000,5.019202,-0.000000,-1.570796,0.000000,-0.040001,0.000000,8.000000,-8.000000
238.305314,-61.200146,17.605196,-0.000000,5.027199,-0.000000,-1.570796,0.000000,-0.039999,0.000000,8.000000,-8.000000
238.505234,-61.137484,17.415350,-0.000000,5.035196,-0.000000,-1.570796,0.000000,-0.039997,0.000000,8.000000,-8.000000
238.705155,-61.073306,17.226012,-0.000000,5.043192,-0.000000,-1.570796,0.000000,-0.039996,0.000000,8.000000,-8.000000
238.905075,-61.007616,17.037192,-0.000000,5.051188,-0.000000,-1.570796,0.000000,-0.039996,0.000000,8.000000,-8.000000
239.104996,-60.940418,16.848904,-0.000000,5.059184,-0.000000,-1.570796,0.000000,-0.039997,0.000000,8.000000,-8.000000
239.304916,-60.871717,16.661159,-0.000000,5.067181,-0.000000,-1.570796,0.000000,-0.040000,0.000000,8.000000,-8.000000
239.504837,-60.801517,16.473969,-0.000000,5.075178,-0.000000,-1.570796,0.000000,-0.040003,0.000000,8.000000,-8.000000
239.704758,-60.729822,16.287347,-0.000000,5.083175,-0.000000,-1.570796,0.000000,-0.040005,0.000000,8.000000,-8.000000
239.904678,-60.656636,16.101304,-0.000000,5.091173,-0.000000,-1.570796,0.000000,-0.040005,0.000000,8.000000,-8.000000
240.104599,-60.581966,15.915852,-0.000000,5.099171,-0.000000,-1.570796,0.000000,-0.040004,0.000000,8.000000,-8.000000
240.304519,-60.505814,15.731004,-0.000000,5.107168,-0.000000,-1.570796,0.000000,-0.040000,0.000000,8.000000,-8.000000
240.504440,-60.428187,15.546770,-0.000000,5.115165,-0.000000,-1.570796,0.000000,-0.039998,0.000000,8.000000,-8.000000
240.704360,-60.349089,15.363163,-0.000000,5.123161,-0.000000,-1.570796,0.000000,-0.039997,0.000000,8.000000,-8.000000
240.904281,-60.268525,15.180195,-0.000000,5.131157,-0.000000,-1.570796,0.000000,-0.039996,0.000000,8.000000,-8.000000
241.104202,-60.186501,14.997876,-0.000000,5.139153,-0.000000,-1.570796,0.000000,-0.039998,0.000000,8.000000,-8.000000
241.304122,-60.103021,14.816219,-0.000000,5.147150,-0.000000,-1.570796,0.000000,-0.039999,0.000000,8.000000,-8.000000
241.504043,-60.018092,14.635236,-0.000000,5.155147,-0.000000,-1.570796,0.000000,-0.040001,0.000000,8.000000,-8.000000
241.703963,-59.931718,14.454937,-0.000000,5.163144,-0.000000,-1.570796,0.000000,-0.040004,0.000000,8.000000,-8.000000
241.903884,-59.843905,14.275335,-0.000000,5.171142,-0.000000,-1.570796,0.000000,-0.040005,0.000000,8.000000,-8.000000
242.103804,-59.754658,14.096441,-0.000000,5.179140,-0.000000,-1.570796,0.000000,-0.040004,0.000000,8.000000,-8.000000
242.303725,-59.663983,13.918267,-0.000000,5.187137,-0.000000,-1.570796,0.000000,-0.040003,0.000000,8.000000,-8.000000
242.503645,-59.571887,13.740823,-0.000000,5.195134,-0.000000,-1.570796,0.000000,-0.040000,0.000000,8.000000,-8.000000
242.703566,-59.478374,13.564122,-0.000000,5.203131,-0.000000,-1.570796,0.000000,-0.039997,0.000000,8.000000,-8.000000
242.903487,-59.383452,13.388174,-0.000000,5.211127,-0.000000,-1.570796,0.000000,-0.039996,0.000000,8.000000,-8.000000
243.103407,-59.287125,13.212990,-0.000000,5.219123,-0.000000,-1.570796,0.000000,-0.039996,0.000000,8.000000,-8.000000
243.303328,-59.189401,13.038583,-0.000000,5.227119,-0.000000,-1.570796,0.000000,-0.039997,0.000000,8.000000,-8.000000
243.503248,-59.090285,12.864962,-0.000000,5.235115,-0.000000,-1.570796,0.000000,-0.039999,0.000000,8.000000,-8.000000
243.703169,-58.989785,12.692140,-0.000000,5.243112,-0.000000,-1.570796,0.000000,-0.040001,0.000000,8.000000,-8.000000
243.903089,-58.887905,12.520126,-0.000000,5.251110,-0.000000,-1.570796,0.000000,-0.040004,0.000000,8.000000,-8.000000
244.103010,-58.784653,12.348934,-0.000000,5.259108,-0.000000,-1.570796,0.000000,-0.040006,0.000000,8.000000,-8.000000
244.302931,-58.680035,12.178572,-0.000000,5.267105,-0.000000,-1.570796,0.000000,-0.040004,0.000000,8.000000,-8.000000
244.502851,-58.574058,12.009052,-0.000000,5.275103,-0.000000,-1.570796,0.000000,-0.040002,0.000000,8.000000,-8.000000
244.702772,-58.466729,11.840386,-0.000000,5.283100,-0.000000,-1.570796,0.000000,-0.040000,0.000000,8.000000,-8.000000
244.902692,-58.358054,11.672583,-0.000000,5.291096,-0.000000,-1.570796,0.000000,-0.039997,0.000000,8.000000,-8.000000
245.102613,-58.248041,11.505654,-0.000000,5.299092,-0.000000,-1.570796,0.000000,-0.039997,0.000000,8.000000,-8.000000
245.302533,-58.136697,11.339610,-0.000000,5.307089,-0.000000,-1.570796,0.000000,-0.039997,0.000000,8.000000,-8.000000
245.502454,-58.024029,11.174462,-0.000000,5.315085,-0.000000,-1.570796,0.000000,-0.039998,0.000000,8.000000,-8.000000
245.702375,-57.910043,11.010221,-0.000000,5.323081,-0.000000,-1.570796,0.000000,-0.040001,0.000000,8.000000,-8.000000
245.902295,-57.794748,10.846896,-0.000000,5.331079,-0.000000,-1.570796,0.000000,-0.040003,0.000000,8.000000,-8.000000
246.102216,-57.678151,10.684498,-0.000000,5.339076,-0.000000,-1.570796,0.000000,-0.040005,0.000000,8.000000,-8.000000
246.302136,-57.560258,10.523038,-0.000000,5.347074,-0.000000,-1.570796,0.000000,-0.040005,0.000000,8.000000,-8.000000
246.502057,-57.441078,10.362526,-0.000000,5.355072,-0.000000,-1.570796,0.000000,-0.040003,0.000000,8.000000,-8.000000
246.701977,-57.320618,10.202972,-0.000000,5.363069,-0.000000,-1.570796,0.000000,-0.040000,0.000000,8.000000,-8.000000
246.901898,-57.198886,10.044387,-0.000000,5.371066,-0.000000,-1.570796,0.000000,-0.039998,0.000000,8.000000,-8.000000
247.101818,-57.075889,9.886780,-0.000000,5.379062,-0.000000,-1.570796,0.000000,-0.039996,0.000000,8.000000,-8.000000
247.301739,-56.951637,9.730162,-0.000000,5.387058,-0.000000,-1.570796,0.000000,-0.039996,0.000000,8.000000,-8.000000
247.501660,-56.826136,9.574542,-0.000000,5.395054,-0.000000,-1.570796,0.000000,-0.039997,0.000000,8.000000,-8.000000
247.701580,-56.699394,9.419930,-0.000000,5.403050,-0.000000,-1.570796,0.000000,-0.039998,0.000000,8.000000,-8.000000
247.901501,-56.571421,9.266338,-0.000000,5.411047,-0.000000,-1.570796,0.000000,-0.040001,0.000000,8.000000,-8.000000
248.101421,-56.442223,9.113773,-0.000000,5.419044,-0.000000,-1.570796,0.000000,-0.040004,0.000000,8.000000,-8.000000
248.301342,-56.311809,8.962247,-0.000000,5.427042,-0.000000,-1.570796,0.000000,-0.040005,0.000000,8.000000,-8.000000
248.501262,-56.180188,8.811768,-0.000000,5.435040,-0.000000,-1.570796,0.000000,-0.040005,0.000000,8.000000,-8.000000
248.701183,-56.047367,8.662347,-0.000000,5.443038,-0.000000,-1.570796,0.000000,-0.040004,0.000000,8.000000,-8.000000
248.901104,-55.913355,8.513993,-0.000000,5.451035,-0.000000,-1.570796,0.000000,-0.040001,0.000000,8.000000,-8.000000
249.101024,-55.778162,8.366715,-0.000000,5.459032,-0.000000,-1.570796,0.000000,-0.039999,0.000000,8.000000,-8.000000
249.300945,-55.641795,8.220523,-0.000000,5.467028,-0.000000,-1.570796,0.000000,-0.039997,0.000000,8.000000,-8.000000
249.500865,-55.504263,8.075426,-0.000000,5.475024,-0.000000,-1.570796,0.000000,-0.039996,0.000000,8.000000,-8.000000
249.700786,-55.365576,7.931434,-0.000000,5.483020,-0.000000,-1.570796,0.000000,-0.039997,0.000000,8.000000,-8.000000
249.900706,-55.225741,7.788555,-0.000000,5.491017,-0.000000,-1.570796,0.000000,-0.039999,0.000000,8.000000,-8.000000
250.100627,-55.084769,7.646799,-0.000000,5.499013,-0.000000,-1.570796,0.000000,-0.040001,0.000000,8.000000,-8.000000
250.300548,-54.942668,7.506175,-0.000000,5.507011,-0.000000,-1.570796,0.000000,-0.040004,0.000000,8.000000,-8.000000
250.500468,-54.799446,7.366691,-0.000000,5.515008,-0.000000,-1.570796,0.000000,-0.040004,0.000000,8.000000,-8.000000
250.700389,-54.655114,7.228358,-0.000000,5.523006,-0.000000,-1.570796,0.000000,-0.040003,0.000000,8.000000,-8.000000
250.900309,-54.509679,7.091183,-0.000000,5.531003,-0.000000,-1.570796,0.000000,-0.040002,0.000000,8.000000,-8.000000
251.100230,-54.363153,6.955176,-0.000000,5.539000,-0.000000,-1.570796,0.000000,-0.040000,0.000000,8.000000,-8.000000
251.300150,-54.215543,6.820345,-0.000000,5.546997,-0.000000,-1.570796,0.000000,-0.039998,0.000000,8.000000,-8.000000
251.500071,-54.066860,6.686698,-0.000000,5.554993,-0.000000,-1.570796,0.000000,-0.039997,0.000000,8.000000,-8.000000
251.699991,-53.917114,6.554245,-0.000000,5.562989,-0.000000,-1.570796,0.000000,-0.039996,0.000000,8.000000,-8.000000
251.899912,-53.766312,6.422993,-0.000000,5.570986,-0.000000,-1.570796,0.000000,-0.039997,0.000000,8.000000,-8.000000
252.099833,-53.614466,6.292951,-0.000000,5.578982,-0.000000,-1.570796,0.000000,-0.040000,0.000000,8.000000,-8.000000
252.299753,-53.461586,6.164128,-0.000000,5.586979,-0.000000,-1.570796,0.000000,-0.040002,0.000000,8.000000,-8.000000
252.499674,-53.307679,6.036531,-0.000000,5.594977,-0.000000,-1.570796,0.000000,-0.040004,0.000000,8.000000,-8.000000
252.699594,-53.152758,5.910169,-0.000000,5.602974,-0.000000,-1.570796,0.000000,-0.040005,0.000000,8.000000,-8.000000
252.899515,-52.996830,5.785051,-0.000000,5.610972,-0.000000,-1.570796,0.000000,-0.040003,0.000000,8.000000,-8.000000
253.099435,-52.839907,5.661183,-0.000000,5.618969,-0.000000,-1.570796,0.000000,-0.040001,0.000000,8.000000,-8.000000
253.299356,-52.681998,5.538575,-0.000000,5.626966,-0.000000,-1.570796,0.000000,-0.039999,0.000000,8.000000,-8.000000
253.499277,-52.523114,5.417233,-0.000000,5.634962,-0.000000,-1.570796,0.000000,-0.039997,0.000000,8.000000,-8.000000
253.699197,-52.363265,5.297165,-0.000000,5.642958,-0.000000,-1.570796,0.000000,-0.039997,0.000000,8.000000,-8.000000
253.899118,-52.202461,5.178379,-0.000000,5.650955,-0.000000,-1.570796,0.000000,-0.039997,0.000000,8.000000,-8.000000
254.099038,-52.040712,5.060883,-0.000000,5.658951,-0.000000,-1.570796,0.000000,-0.039999,0.000000,8.000000,-8.000000
254.298959,-51.878029,4.944684,-0.000000,5.666948,-0.000000,-1.570796,0.000000,-0.040002,0.000000,8.000000,-8.000000
254.498879,-51.714422,4.829790,-0.000000,5.674946,-0.000000,-1.570796,0.000000,-0.040005,0.000000,8.000000,-8.000000
254.698800,-51.549901,4.716208,-0.000000,5.682943,-0.000000,-1.570796,0.000000,-0.040005,0.000000,8.000000,-8.000000
254.898721,-51.384477,4.603945,-0.000000,5.690941,-0.000000,-1.570796,0.000000,-0.040005,0.000000,8.000000,-8.000000
255.098641,-51.218160,4.493009,-0.000000,5.698939,-0.000000,-1.570796,0.000000,-0.040002,0.000000,8.000000,-8.000000
255.298562,-51.050962,4.383407,-0.000000,5.706935,-0.000000,-1.570796,0.000000,-0.039998,0.000000,8.000000,-8.000000
255.498482,-50.882892,4.275145,-0.000000,5.714932,-0.000000,-1.570796,0.000000,-0.039997,0.000000,8.000000,-8.000000
255.698403,-50.713963,4.168230,-0.000000,5.722928,-0.000000,-1.570796,0.000000,-0.039995,0.000000,8.000000,-8.000000
255.898323,-50.544183,4.062670,-0.000000,5.730924,-0.000000,-1.570796,0.000000,-0.039996,0.000000,8.000000,-8.000000
256.098244,-50.373565,3.958470,-0.000000,5.738920,-0.000000,-1.570796,0.000000,-0.039999,0.000000,8.000000,-8.000000
256.298164,-50.202120,3.855638,-0.000000,5.746917,-0.000000,-1.570796,0.000000,-0.040001,0.000000,8.000000,-8.000000
256.498085,-50.029857,3.754181,-0.000000,5.754914,0.000000,-1.570796,0.000000,-0.040004,0.000000,8.000000,-8.000000
256.698006,-49.856789,3.654104,-0.000000,5.762912,0.000000,-1.570796,-0.000000,-0.040007,0.000000,8.000000,-8.000000
256.897926,-49.682925,3.555415,-0.000000,5.770910,0.000000,-1.570796,-0.000000,-0.040005,0.000000,8.000000,-8.000000
257.097847,-49.508278,3.458119,-0.000000,5.778908,0.000000,-1.570796,-0.000000,-0.040003,0.000000,8.000000,-8.000000
257.297767,-49.332859,3.362224,-0.000000,5.786905,0.000000,-1.570796,-0.000000,-0.039999,0.000000,8.000000,-8.000000
257.497688,-49.156678,3.267734,-0.000000,5.794901,0.000000,-1.570796,-0.000000,-0.039996,0.000000,8.000000,-8.000000
257.697608,-48.979747,3.174655,-0.000000,5.802897,0.000000,-1.570796,-0.000000,-0.039994,0.000000,8.000000,-8.000000
257.897529,-48.802078,3.082995,-0.000000,5.810892,0.000000,-1.570796,-0.000000,-0.039993,0.000000,8.000000,-8.000000
258.097450,-48.623681,2.992758,-0.000000,5.818888,0.000000,-1.570796,-0.000000,-0.039993,0.000000,8.000000,-8.000000
258.297370,-48.444569,2.903950,-0.000000,5.826883,0.000000,-1.570796,-0.000000,-0.039993,0.000000,8.000000,-8.000000
258.497291,-48.264753,2.816577,-0.000000,5.834879,0.000000,-1.570796,-0.000000,-0.039992,0.000000,8.000000,-8.000000
258.697211,-48.084243,2.730645,-0.000000,5.842873,0.000000,-1.570796,-0.000000,-0.039988,0.000000,8.000000,-8.000000
258.897132,-47.903053,2.646158,-0.000000,5.850867,0.000000,-1.570796,-0.000000,-0.039980,0.000000,8.000000,-8.000000
259.097052,-47.721193,2.563122,-0.000000,5.858858,0.000000,-1.570796,-0.000000,-0.039964,0.000000,8.000000,-8.000000
259.296973,-47.538675,2.481542,-0.000000,5.866846,0.000000,-1.570796,-0.000000,-0.039943,0.000000,8.000000,-8.000000
259.496894,-47.355512,2.401422,-0.000000,5.874829,0.000000,-1.570796,-0.000000,-0.039916,0.000000,8.000000,-8.000000
259.696814,-47.171715,2.322766,-0.000000,5.882805,0.000000,-1.570796,-0.000000,-0.039883,0.000000,8.000000,-8.000000
259.896735,-46.987297,2.245577,-0.000000,5.890775,0.000000,-1.570796,-0.000000,-0.039844,0.000000,8.000000,-8.000000
260.096655,-46.802270,2.169861,-0.000000,5.898736,0.000000,-1.570796,-0.000000,-0.039800,0.000000,8.000000,-8.000000
260.296576,-46.616646,2.095619,-0.000000,5.906688,0.000000,-1.570796,-0.000000,-0.039748,0.000000,8.000000,-8.000000
260.496496,-46.430439,2.022854,-0.000000,5.914628,0.000000,-1.570796,-0.000000,-0.039688,0.000000,8.000000,-8.000000
260.696417,-46.243660,1.951569,-0.000000,5.922556,0.000000,-1.570796,-0.000000,-0.039620,0.000000,8.000000,-8.000000
260.896337,-46.056322,1.881765,-0.000000,5.930469,0.000000,-1.570796,-0.000000,-0.039539,0.000000,8.000000,-8.000000
261.096258,-45.868438,1.813445,-0.000000,5.938364,0.000000,-1.570796,-0.000000,-0.039444,0.000000,8.000000,-8.000000
261.296179,-45.680021,1.746608,-0.000000,5.946239,0.000000,-1.570796,-0.000000,-0.039335,0.000000,8.000000,-8.000000
261.496099,-45.491085,1.681254,-0.000000,5.954090,0.000000,-1.570796,-0.000000,-0.039209,0.000000,8.000000,-8.000000
261.696020,-45.301642,1.617384,-0.000000,5.961915,0.000000,-1.570796,-0.000000,-0.039070,0.000000,8.000000,-8.000000
261.895940,-45.111706,1.554995,-0.000000,5.969710,0.000000,-1.570796,0.000000,-0.038916,0.000000,8.000000,-8.000000
262.095861,-44.921290,1.494085,-0.000000,5.977474,-0.000000,-1.570796,0.000000,-0.038748,0.000000,8.000000,-8.000000
262.295781,-44.730409,1.434653,-0.000000,5.985202,-0.000000,-1.570796,0.000000,-0.038566,0.000000,8.000000,-8.000000
262.495702,-44.539075,1.376694,-0.000000,5.992892,-0.000000,-1.570796,0.000000,-0.038368,0.000000,8.000000,-8.000000
262.695623,-44.347302,1.320204,-0.000000,6.000541,-0.000000,-1.570796,0.000000,-0.038153,0.000000,8.000000,-8.000000
262.895543,-44.155103,1.265178,-0.000000,6.008146,-0.000000,-1.570796,0.000000,-0.037923,0.000000,8.000000,-8.000000
263.095464,-43.962493,1.211611,-0.000000,6.015702,-0.000000,-1.570796,0.000000,-0.037672,0.000000,8.000000,-8.000000
263.295384,-43.769485,1.159496,-0.000000,6.023207,-0.000000,-1.570796,0.000000,-0.037402,0.000000,8.000000,-8.000000
263.495305,-43.576093,1.108825,-0.000000,6.030655,-0.000000,-1.570796,0.000000,-0.037111,0.000000,8.000000,-8.000000
263.695225,-43.382330,1.059590,-0.000000,6.038043,-0.000000,-1.570796,0.000000,-0.036800,0.000000,8.000000,-8.000000
263.895146,-43.188211,1.011783,-0.000000,6.045367,-0.000000,-1.570796,0.000000,-0.036470,0.000000,8.000000,-8.000000
264.095067,-42.993748,0.965391,-0.000000,6.052623,-0.000000,-1.570796,0.000000,-0.036122,0.000000,8.000000,-8.000000
264.294987,-42.798955,0.920405,-0.000000,6.059808,-0.000000,-1.570796,0.000000,-0.035754,0.000000,8.000000,-8.000000
264.494908,-42.603845,0.876813,-0.000000,6.066918,-0.000000,-1.570796,0.000000,-0.035370,0.000000,8.000000,-8.000000
264.694828,-42.408432,0.834601,-0.000000,6.073949,-0.000000,-1.570796,0.000000,-0.034967,0.000000,8.000000,-8.000000
264.894749,-42.212729,0.793756,-0.000000,6.080897,-0.000000,-1.570796,0.000000,-0.034547,0.000000,8.000000,-8.000000
265.094669,-42.016748,0.754263,-0.000000,6.087760,-0.000000,-1.570796,0.000000,-0.034108,0.000000,8.000000,-8.000000
265.294590,-41.820503,0.716108,-0.000000,6.094533,-0.000000,-1.570796,0.000000,-0.033649,0.000000,8.000000,-8.000000
265.494510,-41.624005,0.679273,-0.000000,6.101212,-0.000000,-1.570796,0.000000,-0.033171,0.000000,8.000000,-8.000000
265.694431,-41.427268,0.643742,-0.000000,6.107794,-0.000000,-1.570796,0.000000,-0.032674,0.000000,8.000000,-8.000000
265.894352,-41.230302,0.609498,-0.000000,6.114275,-0.000000,-1.570796,0.000000,-0.032160,0.000000,8.000000,-8.000000
266.094272,-41.033121,0.576520,-0.000000,6.120651,-0.000000,-1.570796,0.000000,-0.031628,0.000000,8.000000,-8.000000
266.294193,-40.835735,0.544789,-0.000000,6.126920,-0.000000,-1.570796,0.000000,-0.031081,0.000000,8.000000,-8.000000
266.494113,-40.638155,0.514285,-0.000000,6.133077,-0.000000,-1.570796,0.000000,-0.030519,0.000000,8.000000,-8.000000
266.694034,-40.440393,0.484987,-0.000000,6.139121,-0.000000,-1.570796,0.000000,-0.029942,0.000000,8.000000,-8.000000
266.893954,-40.242460,0.456874,-0.000000,6.145048,-0.000000,-1.570796,0.000000,-0.029353,0.000000,8.000000,-8.000000
267.093875,-40.044364,0.429922,0.000000,6.150856,-0.000000,-1.570796,0.000000,-0.028751,0.000000,8.000000,-8.000000
267.293796,-39.846117,0.404110,0.000000,6.156542,-0.000000,-1.570796,0.000000,-0.028135,0.000000,8.000000,-8.000000
267.493716,-39.647728,0.379413,0.000000,6.162104,-0.000000,-1.570796,0.000000,-0.027506,0.000000,8.000000,-8.000000
267.693637,-39.449207,0.355807,0.000000,6.167539,-0.000000,-1.570796,0.000000,-0.026864,0.000000,8.000000,-8.000000
267.893557,-39.250561,0.333267,0.000000,6.172845,-0.000000,-1.570796,0.000000,-0.026211,0.000000,8.000000,-8.000000
268.093478,-39.051800,0.311769,0.000000,6.178019,-0.000000,-1.570796,0.000000,-0.025549,0.000000,8.000000,-8.000000
268.293398,-38.852932,0.291286,0.000000,6.183059,-0.000000,-1.570796,0.000000,-0.024878,0.000000,8.000000,-8.000000
268.493319,-38.653964,0.271792,0.000000,6.187965,-0.000000,-1.570796,0.000000,-0.024200,0.000000,8.000000,-8.000000
268.693240,-38.454904,0.253262,0.000000,6.192735,-0.000000,-1.570796,0.000000,-0.023517,0.000000,8.000000,-8.000000
268.893160,-38.255760,0.235667,0.000000,6.197368,-0.000000,-1.570796,0.000000,-0.022830,0.000000,8.000000,-8.000000
269.093081,-38.056537,0.218981,0.000000,6.201863,-0.000000,-1.570796,0.000000,-0.022141,0.000000,8.000000,-8.000000
269.293001,-37.857242,0.203178,0.000000,6.206220,-0.000000,-1.570796,0.000000,-0.021449,0.000000,8.000000,-8.000000
269.492922,-37.657881,0.188229,0.000000,6.210439,-0.000000,-1.570796,0.000000,-0.020754,0.000000,8.000000,-8.000000
269.692842,-37.458460,0.174107,0.000000,6.214518,-0.000000,-1.570796,0.000000,-0.020057,0.000000,8.000000,-8.000000
269.892763,-37.258984,0.160785,0.000000,6.218458,-0.000000,-1.570796,0.000000,-0.019358,0.000000,8.000000,-8.000000
270.092683,-37.059458,0.148236,0.000000,6.222258,-0.000000,-1.570796,0.000000,-0.018659,0.000000,8.000000,-8.000000
270.292604,-36.859886,0.136430,0.000000,6.225919,-0.000000,-1.570796,0.000000,-0.017961,0.000000,8.000000,-8.000000
270.492525,-36.660274,0.125341,0.000000,6.229440,-0.000000,-1.570796,0.000000,-0.017266,0.000000,8.000000,-8.000000
270.692445,-36.460624,0.114942,0.000000,6.232823,-0.000000,-1.570796,0.000000,-0.016576,0.000000,8.000000,-8.000000
270.892366,-36.260941,0.105204,0.000000,6.236068,-0.000000,-1.570796,0.000000,-0.015891,0.000000,8.000000,-8.000000
271.092286,-36.061228,0.096100,0.000000,6.239178,-0.000000,-1.570796,0.000000,-0.015213,0.000000,8.000000,-8.000000
271.292207,-35.861488,0.087605,0.000000,6.242152,-0.000000,-1.570796,0.000000,-0.014543,0.000000,8.000000,-8.000000
271.492127,-35.661724,0.079689,0.000000,6.244993,-0.000000,-1.570796,0.000000,-0.013882,0.000000,8.000000,-8.000000
271.692048,-35.461939,0.072329,0.000000,6.247703,-0.000000,-1.570796,0.000000,-0.013230,0.000000,8.000000,-8.000000
271.891969,-35.262135,0.065497,0.000000,6.250284,-0.000000,-1.570796,0.000000,-0.012587,0.000000,8.000000,-8.000000
272.091889,-35.062315,0.059167,0.000000,6.252737,-0.000000,-1.570796,0.000000,-0.011956,0.000000,8.000000,-8.000000
272.291810,-34.862480,0.053316,0.000000,6.255066,-0.000000,-1.570796,0.000000,-0.011336,0.000000,8.000000,-8.000000
272.491730,-34.662632,0.047917,0.000000,6.257271,-0.000000,-1.570796,0.000000,-0.010729,0.000000,8.000000,-8.000000
272.691651,-34.462774,0.042948,0.000000,6.259357,-0.000000,-1.570796,0.000000,-0.010136,0.000000,8.000000,-8.000000
272.891571,-34.262905,0.038383,0.000000,6.261326,-0.000000,-1.570796,0.000000,-0.009558,0.000000,8.000000,-8.000000
273.091492,-34.063028,0.034200,0.000000,6.263180,-0.000000,-1.570796,0.000000,-0.008994,0.000000,8.000000,-8.000000
273.291412,-33.863144,0.030377,0.000000,6.264923,-0.000000,-1.570796,0.000000,-0.008447,0.000000,8.000000,-8.000000
273.491333,-33.663254,0.026892,0.000000,6.266559,-0.000000,-1.570796,0.000000,-0.007915,0.000000,8.000000,-8.000000
273.691254,-33.463359,0.023723,0.000000,6.268090,-0.000000,-1.570796,0.000000,-0.007400,0.000000,8.000000,-8.000000
273.891174,-33.263459,0.020849,0.000000,6.269520,-0.000000,-1.570796,0.000000,-0.006903,0.000000,8.000000,-8.000000
274.091095,-33.063555,0.018252,0.000000,6.270852,-0.000000,-1.570796,0.000000,-0.006422,0.000000,8.000000,-8.000000
274.291015,-32.863648,0.015912,0.000000,6.272089,-0.000000,-1.570796,0.000000,-0.005959,0.000000,8.000000,-8.000000
274.490936,-32.663739,0.013809,0.000000,6.273236,-0.000000,-1.570796,0.000000,-0.005514,0.000000,8.000000,-8.000000
274.690856,-32.463827,0.011928,0.000000,6.274296,-0.000000,-1.570796,0.000000,-0.005087,0.000000,8.000000,-8.000000
274.890777,-32.263914,0.010249,0.000000,6.275272,-0.000000,-1.570796,0.000000,-0.004678,0.000000,8.000000,-8.000000
275.090698,-32.063999,0.008758,0.000000,6.276168,-0.000000,-1.570796,0.000000,-0.004289,0.000000,8.000000,-8.000000
275.290618,-31.864083,0.007439,0.000000,6.276989,-0.000000,-1.570796,0.000000,-0.003919,0.000000,8.000000,-8.000000
275.490539,-31.664165,0.006276,0.000000,6.277737,-0.000000,-1.570796,0.000000,-0.003569,0.000000,8.000000,-8.000000
275.690459,-31.464247,0.005256,0.000000,6.278417,-0.000000,-1.570796,0.000000,-0.003238,0.000000,8.000000,-8.000000
275.890380,-31.264329,0.004365,0.000000,6.279034,-0.000000,-1.570796,0.000000,-0.002926,0.000000,8.000000,-8.000000
276.090300,-31.064410,0.003592,0.000000,6.279589,-0.000000,-1.570796,0.000000,-0.002634,0.000000,8.000000,-8.000000
276.290221,-30.864490,0.002924,0.000000,6.280089,0.000000,-1.570796,0.000000,-0.002361,0.000000,8.000000,-8.000000
276.490142,-30.664571,0.002350,0.000000,6.280535,0.000000,-1.570796,-0.000000,-0.002106,0.000000,8.000000,-8.000000
276.690062,-30.464651,0.001861,0.000000,6.280933,0.000000,-1.570796,-0.000000,-0.001870,0.000000,8.000000,-8.000000
276.889983,-30.264730,0.001446,0.000000,6.281285,0.000000,-1.570796,-0.000000,-0.001652,0.000000,8.000000,-8.000000
277.089903,-30.064810,0.001098,0.000000,6.281595,0.000000,-1.570796,-0.000000,-0.001450,0.000000,8.000000,-8.000000
277.289824,-29.864890,0.000808,0.000000,6.281866,0.000000,-1.570796,-0.000000,-0.001266,0.000000,8.000000,-8.000000
277.489744,-29.664969,0.000568,0.000000,6.282102,0.000000,-1.570796,-0.000000,-0.001097,0.000000,8.000000,-8.000000
277.689665,-29.465049,0.000373,0.000000,6.282307,0.000000,-1.570796,-0.000000,-0.000944,0.000000,8.000000,-8.000000
277.889585,-29.265128,0.000215,0.000000,6.282482,0.000000,-1.570796,-0.000000,-0.000806,0.000000,8.000000,-8.000000
278.089506,-29.065208,0.000090,0.000000,6.282630,0.000000,-1.570796,-0.000000,-0.000682,0.000000,8.000000,-8.000000
278.289427,-28.865287,-0.000009,0.000000,6.282756,0.000000,-1.570796,-0.000000,-0.000571,0.000000,8.000000,-8.000000
278.489347,-28.665367,-0.000084,0.000000,6.282860,0.000000,-1.570796,-0.000000,-0.000472,0.000000,8.000000,-8.000000
278.689268,-28.465446,-0.000140,0.000000,6.282945,0.000000,-1.570796,-0.000000,-0.000385,0.000000,8.000000,-8.000000
278.889188,-28.265526,-0.000181,0.000000,6.283015,0.000000,-1.570796,-0.000000,-0.000310,0.000000,8.000000,-8.000000
279.089109,-28.065605,-0.000209,0.000000,6.283070,0.000000,-1.570796,-0.000000,-0.000245,0.000000,8.000000,-8.000000
279.289029,-27.865685,-0.000227,0.000000,6.283114,0.000000,-1.570796,0.000000,-0.000190,0.000000,8.000000,-8.000000
279.488950,-27.665764,-0.000238,0.000000,6.283147,0.000000,-1.570796,-0.000000,-0.000145,0.000000,8.000000,-8.000000
279.688871,-27.465843,-0.000243,0.000000,6.283172,0.000000,-1.570796,0.000000,-0.000107,0.000000,8.000000,-8.000000
279.888791,-27.265923,-0.000244,0.000000,6.283191,0.000000,-1.570796,-0.000000,-0.000078,0.000000,8.000000,-8.000000
280.088712,-27.066002,-0.000241,0.000000,6.283204,0.000000,-1.570796,-0.000000,-0.000054,0.000000,8.000000,-8.000000
280.288632,-26.866082,-0.000237,0.000000,6.283213,0.000000,-1.570796,0.000000,-0.000036,0.000000,8.000000,-8.000000
280.488553,-26.666161,-0.000230,0.000000,6.283219,0.000000,-1.570796,-0.000000,-0.000023,0.000000,8.000000,-8.000000
280.688473,-26.466241,-0.000223,0.000000,6.283223,0.000000,-1.570796,0.000000,-0.000012,0.000000,8.000000,-8.000000
280.888394,-26.266320,-0.000216,0.000000,6.283224,0.000000,-1.570796,-0.000000,-0.000005,0.000000,8.000000,-8.000000
281.088315,-26.066400,-0.000208,0.000000,6.283225,0.000000,-1.570796,0.000000,-0.000000,-0.000000,8.000000,-8.000000
281.288235,-25.866479,-0.000200,0.000000,6.283225,0.000000,-1.570796,0.000000,0.000003,-0.000000,8.000000,-8.000000
281.488156,-25.666558,-0.000192,0.000000,6.283224,0.000000,-1.570796,-0.000000,0.000005,-0.000000,8.000000,-8.000000
281.688076,-25.466638,-0.000184,0.000000,6.283222,0.000000,-1.570796,0.000000,0.000006,-0.000000,8.000000,-8.000000
281.887997,-25.266717,-0.000177,0.000000,6.283221,0.000000,-1.570796,-0.000000,0.000007,-0.000000,8.000000,-8.000000
282.087917,-25.066797,-0.000170,0.000000,6.283220,0.000000,-1.570796,0.000000,0.000007,-0.000000,8.000000,-8.000000
282.287838,-24.866876,-0.000163,0.000000,6.283218,0.000000,-1.570796,-0.000000,0.000007,-0.000000,8.000000,-8.000000
282.487758,-24.666956,-0.000157,0.000000,6.283217,0.000000,-1.570796,0.000000,0.000007,-0.000000,8.000000,-8.000000
282.687679,-24.467035,-0.000151,0.000000,6.283215,0.000000,-1.570796,-0.000000,0.000007,-0.000000,8.000000,-8.000000
282.887600,-24.267114,-0.000145,0.000000,6.283214,0.000000,-1.570796,0.000000,0.000007,-0.000000,8.000000,-8.000000
283.087520,-24.067194,-0.000139,0.000000,6.283213,0.000000,-1.570796,-0.000000,0.000006,-0.000000,8.000000,-8.000000
283.287441,-23.867273,-0.000134,0.000000,6.283212,0.000000,-1.570796,0.000000,0.000006,-0.000000,8.000000,-8.000000
283.487361,-23.667353,-0.000129,0.000000,6.283210,0.000000,-1.570796,-0.000000,0.000006,-0.000000,8.000000,-8.000000
283.687282,-23.467432,-0.000124,0.000000,6.283209,0.000000,-1.570796,0.000000,0.000005,-0.000000,8.000000,-8.000000
283.887202,-23.267512,-0.000119,0.000000,6.283208,0.000000,-1.570796,-0.000000,0.000005,-0.000000,8.000000,-8.000000
284.087123,-23.067591,-0.000115,0.000000,6.283207,0.000000,-1.570796,0.000000,0.000004,-0.000000,8.000000,-8.000000
284.287044,-22.867670,-0.000110,0.000000,6.283206,0.000000,-1.570796,0.000000,0.000004,-0.000000,8.000000,-8.000000
284.486964,-22.667750,-0.000106,0.000000,6.283206,0.000000,-1.570796,0.000000,0.000004,-0.000000,8.000000,-8.000000
284.686885,-22.467829,-0.000102,0.000000,6.283205,0.000000,-1.570796,0.000000,0.000004,-0.000000,8.000000,-8.000000
284.886805,-22.267909,-0.000098,0.000000,6.283204,0.000000,-1.570796,-0.000000,0.000003,-0.000000,8.000000,-8.000000
285.086726,-22.067988,-0.000095,0.000000,6.283204,0.000000,-1.570796,0.000000,0.000003,-0.000000,8.000000,-8.000000
285.286646,-21.868068,-0.000091,0.000000,6.283203,0.000000,-1.570796,-0.000000,0.000003,-0.000000,8.000000,-8.000000
285.486567,-21.668147,-0.000088,0.000000,6.283202,0.000000,-1.570796,-0.000000,0.000002,-0.000000,8.000000,-8.000000
285.686488,-21.468227,-0.000084,0.000000,6.283202,0.000000,-1.570796,0.000000,0.000002,-0.000000,8.000000,-8.000000
285.886408,-21.268306,-0.000081,0.000000,6.283202,0.000000,-1.570796,0.000000,0.000002,-0.000000,8.000000,-8.000000
286.086329,-21.068385,-0.000078,0.000000,6.283201,0.000000,-1.570796,-0.000000,0.000002,-0.000000,8.000000,-8.000000
286.286249,-20.868465,-0.000075,0.000000,6.283201,0.000000,-1.570796,0.000000,0.000003,-0.000000,8.000000,-8.000000
286.486170,-20.668544,-0.000072,0.000000,6.283200,0.000000,-1.570796,0.000000,0.000003,-0.000000,8.000000,-8.000000
286.686090,-20.468624,-0.000069,0.000000,6.283199,0.000000,-1.570796,-0.000000,0.000004,-0.000000,8.000000,-8.000000
286.886011,-20.268703,-0.000066,0.000000,6.283199,0.000000,-1.570796,0.000000,0.000004,-0.000000,8.000000,-8.000000
287.085931,-20.068783,-0.000063,0.000000,6.283198,0.000000,-1.570796,-0.000000,0.000004,-0.000000,8.000000,-8.000000
287.285852,-19.868862,-0.000061,0.000000,6.283197,0.000000,-1.570796,0.000000,0.000003,-0.000000,8.000000,-8.000000
287.485773,-19.668941,-0.000059,0.000000,6.283197,0.000000,-1.570796,-0.000000,0.000003,-0.000000,8.000000,-8.000000
287.685693,-19.469021,-0.000056,0.000000,6.283196,0.000000,-1.570796,0.000000,0.000003,-0.000000,8.000000,-8.000000
287.885614,-19.269100,-0.000054,0.000000,6.283196,0.000000,-1.570796,-0.000000,0.000002,-0.000000,8.000000,-8.000000
288.085534,-19.069180,-0.000052,0.000000,6.283195,0.000000,-1.570796,0.000000,0.000002,-0.000000,8.000000,-8.000000
288.285455,-18.869259,-0.000050,0.000000,6.283195,0.000000,-1.570796,-0.000000,0.000001,-0.000000,8.000000,-8.000000
288.485375,-18.669339,-0.000049,0.000000,6.283195,0.000000,-1.570796,0.000000,0.000001,-0.000000,8.000000,-8.000000
288.685296,-18.469418,-0.000047,0.000000,6.283194,0.000000,-1.570796,-0.000000,0.000001,-0.000000,8.000000,-8.000000
288.885217,-18.269497,-0.000045,0.000000,6.283194,0.000000,-1.570796,0.000000,0.000002,-0.000000,8.000000,-8.000000
289.085137,-18.069577,-0.000043,0.000000,6.283194,0.000000,-1.570796,-0.000000,0.000002,-0.000000,8.000000,-8.000000
289.285058,-17.869656,-0.000042,0.000000,6.283193,0.000000,-1.570796,0.000000,0.000002,-0.000000,8.000000,-8.000000
289.484978,-17.669736,-0.000040,0.000000,6.283193,0.000000,-1.570796,-0.000000,0.000002,-0.000000,8.000000,-8.000000
289.684899,-17.469815,-0.000038,0.000000,6.283193,0.000000,-1.570796,0.000000,0.000002,-0.000000,8.000000,-8.000000
289.884819,-17.269895,-0.000037,0.000000,6.283192,0.000000,-1.570796,-0.000000,0.000001,-0.000000,8.000000,-8.000000
290.084740,-17.069974,-0.000036,0.000000,6.283192,0.000000,-1.570796,0.000000,0.000001,-0.000000,8.000000,-8.000000
290.284661,-16.870054,-0.000034,0.000000,6.283192,0.000000,-1.570796,-0.000000,0.000001,-0.000000,8.000000,-8.000000
290.484581,-16.670133,-0.000033,0.000000,6.283192,0.000000,-1.570796,-0.000000,0.000001,-0.000000,8.000000,-8.000000
290.684502,-16.470212,-0.000032,0.000000,6.283192,0.000000,-1.570796,0.000000,0.000001,-0.000000,8.000000,-8.000000
290.884422,-16.270292,-0.000030,0.000000,6.283191,0.000000,-1.570796,-0.000000,0.000001,-0.000000,8.000000,-8.000000
291.084343,-16.070371,-0.000029,0.000000,6.283191,0.000000,-1.570796,0.000000,0.000001,-0.000000,8.000000,-8.000000
291.284263,-15.870451,-0.000028,0.000000,6.283191,0.000000,-1.570796,-0.000000,0.000001,-0.000000,8.000000,-8.000000
291.484184,-15.670530,-0.000027,0.000000,6.283191,0.000000,-1.570796,0.000000,0.000002,-0.000000,8.000000,-8.000000
291.684104,-15.470610,-0.000026,0.000000,6.283190,0.000000,-1.570796,-0.000000,0.000001,-0.000000,8.000000,-8.000000
291.884025,-15.270689,-0.000025,0.000000,6.283190,0.000000,-1.570796,0.000000,0.000001,-0.000000,8.000000,-8.000000
292.083946,-15.070768,-0.000024,0.000000,6.283190,0.000000,-1.570796,-0.000000,0.000001,-0.000000,8.000000,-8.000000
292.283866,-14.870848,-0.000023,0.000000,6.283190,0.000000,-1.570796,-0.000000,0.000001,-0.000000,8.000000,-8.000000
292.483787,-14.670927,-0.000022,0.000000,6.283190,0.000000,-1.570796,0.000000,0.000001,-0.000000,8.000000,-8.000000
292.683707,-14.471007,-0.000021,0.000000,6.283189,0.000000,-1.570796,-0.000000,0.000001,-0.000000,8.000000,-8.000000
292.883628,-14.271086,-0.000021,0.000000,6.283189,0.000000,-1.570796,0.000000,0.000001,-0.000000,8.000000,-8.000000
293.083548,-14.071166,-0.000020,0.000000,6.283189,0.000000,-1.570796,-0.000000,0.000001,-0.000000,8.000000,-8.000000
293.283469,-13.871245,-0.000019,0.000000,6.283189,0.000000,-1.570796,0.000000,0.000001,-0.000000,8.000000,-8.000000
293.483390,-13.671324,-0.000018,0.000000,6.283189,0.000000,-1.570796,-0.000000,0.000001,-0.000000,8.000000,-8.000000
293.683310,-13.471404,-0.000018,0.000000,6.283189,0.000000,-1.570796,0.000000,0.000001,-0.000000,8.000000,-8.000000
293.883231,-13.271483,-0.000017,0.000000,6.283189,0.000000,-1.570796,-0.000000,0.000000,-0.000000,8.000000,-8.000000
294.083151,-13.071563,-0.000016,0.000000,6.283189,0.000000,-1.570796,0.000000,0.000000,-0.000000,8.000000,-8.000000
294.283072,-12.871642,-0.000016,0.000000,6.283189,0.000000,-1.570796,-0.000000,0.000000,-0.000000,8.000000,-8.000000
294.482992,-12.671722,-0.000015,0.000000,6.283188,0.000000,-1.570796,0.000000,0.000001,-0.000000,8.000000,-8.000000
294.682913,-12.471801,-0.000014,0.000000,6.283188,0.000000,-1.570796,-0.000000,0.000001,-0.000000,8.000000,-8.000000
294.882834,-12.271881,-0.000014,0.000000,6.283188,0.000000,-1.570796,0.000000,0.000001,-0.000000,8.000000,-8.000000
295.082754,-12.071960,-0.000013,0.000000,6.283188,0.000000,-1.570796,-0.000000,0.000001,-0.000000,8.000000,-8.000000
295.282675,-11.872039,-0.000013,0.000000,6.283188,0.000000,-1.570796,0.000000,0.000001,-0.000000,8.000000,-8.000000
295.482595,-11.672119,-0.000012,0.000000,6.283187,0.000000,-1.570796,-0.000000,0.000001,-0.000000,8.000000,-8.000000
295.682516,-11.472198,-0.000012,0.000000,6.283187,0.000000,-1.570796,0.000000,0.000001,-0.000000,8.000000,-8.000000
295.882436,-11.272278,-0.000011,0.000000,6.283187,0.000000,-1.570796,-0.000000,0.000000,-0.000000,8.000000,-8.000000
296.082357,-11.072357,-0.000011,0.000000,6.283187,0.000000,-1.570796,0.000000,-0.000000,-0.000000,8.000000,-8.000000
296.282277,-10.872437,-0.000011,0.000000,6.283187,0.000000,-1.570796,-0.000000,-0.000000,0.000000,8.000000,-8.000000
296.482198,-10.672516,-0.000010,0.000000,6.283187,0.000000,-1.570796,0.000000,-0.000000,0.000000,8.000000,-8.000000
296.682119,-10.472595,-0.000010,0.000000,6.283187,0.000000,-1.570796,-0.000000,-0.000000,-0.000000,8.000000,-8.000000
296.882039,-10.272675,-0.000009,0.000000,6.283187,0.000000,-1.570796,0.000000,0.000000,-0.000000,8.000000,-8.000000
297.081960,-10.072754,-0.000009,0.000000,6.283187,0.000000,-1.570796,-0.000000,0.000000,-0.000000,8.000000,-8.000000
297.281880,-9.872834,-0.000009,0.000000,6.283187,0.000000,-1.570796,0.000000,0.000001,-0.000000,8.000000,-8.000000
297.481801,-9.672913,-0.000008,0.000000,6.283187,0.000000,-1.570796,-0.000000,0.000001,-0.000000,8.000000,-8.000000
297.681721,-9.472993,-0.000008,0.000000,6.283187,0.000000,-1.570796,0.000000,0.000001,-0.000000,8.000000,-8.000000
297.881642,-9.273072,-0.000008,0.000000,6.283187,0.000000,-1.570796,-0.000000,0.000001,-0.000000,8.000000,-8.000000
298.081563,-9.073151,-0.000007,-0.000000,6.283187,0.000000,-1.570796,0.000000,0.000000,-0.000000,8.000000,-8.000000
298.281483,-8.873231,-0.000007,-0.000000,6.283187,0.000000,-1.570796,-0.000000,0.000000,-0.000000,8.000000,-8.000000
298.481404,-8.673310,-0.000007,-0.000000,6.283187,0.000000,-1.570796,-0.000000,-0.000000,-0.000000,8.000000,-8.000000
298.681324,-8.473390,-0.000007,-0.000000,6.283187,0.000000,-1.570796,0.000000,-0.000000,0.000000,8.000000,-8.000000
298.881245,-8.273469,-0.000006,-0.000000,6.283187,0.000000,-1.570796,-0.000000,-0.000000,0.000000,8.000000,-8.000000
299.081165,-8.073549,-0.000006,-0.000000,6.283187,0.000000,-1.570796,0.000000,-0.000000,0.000000,8.000000,-8.000000
299.281086,-7.873628,-0.000006,-0.000000,6.283187,0.000000,-1.570796,-0.000000,0.000000,-0.000000,8.000000,-8.000000
299.481007,-7.673708,-0.000006,-0.000000,6.283187,0.000000,-1.570796,0.000000,0.000001,-0.000000,8.000000,-8.000000
299.680927,-7.473787,-0.000005,-0.000000,6.283186,0.000000,-1.570796,0.000000,0.000001,-0.000000,8.000000,-8.000000
299.880848,-7.273866,-0.000005,-0.000000,6.283186,0.000000,-1.570796,0.000000,0.000001,-0.000000,8.000000,-8.000000
300.080768,-7.073946,-0.000005,-0.000000,6.283186,0.000000,-1.570796,0.000000,0.000000,-0.000000,8.000000,-8.000000
300.280689,-6.874025,-0.000005,-0.000000,6.283186,0.000000,-1.570796,-0.000000,0.000000,0.000000,8.000000,-8.000000
300.480609,-6.674105,-0.000005,-0.000000,6.283186,0.000000,-1.570796,-0.000000,-0.000000,0.000000,8.000000,-8.000000
300.680530,-6.474184,-0.000005,-0.000000,6.283186,0.000000,-1.570796,0.000000,-0.000000,0.000000,8.000000,-8.000000
300.880450,-6.274264,-0.000004,-0.000000,6.283186,0.000000,-1.570796,-0.000000,-0.000000,0.000000,8.000000,-8.000000
301.080371,-6.074343,-0.000004,-0.000000,6.283186,0.000000,-1.570796,0.000000,-0.000000,0.000000,8.000000,-8.000000
301.280292,-5.874422,-0.000004,-0.000000,6.283186,0.000000,-1.570796,0.000000,-0.000000,0.000000,8.000000,-8.000000
301.480212,-5.674502,-0.000004,-0.000000,6.283186,0.000000,-1.570796,-0.000000,-0.000000,0.000000,8.000000,-8.000000
301.680133,-5.474581,-0.000004,-0.000000,6.283186,0.000000,-1.570796,-0.000000,0.000000,0.000000,8.000000,-8.000000
301.880053,-5.274661,-0.000004,-0.000000,6.283186,0.000000,-1.570796,0.000000,0.000000,0.000000,8.000000,-8.000000
302.079974,-5.074740,-0.000003,-0.000000,6.283186,0.000000,-1.570796,-0.000000,0.000001,-0.000000,8.000000,-8.000000
302.279894,-4.874820,-0.000003,-0.000000,6.283186,0.000000,-1.570796,0.000000,0.000001,-0.000000,8.000000,-8.000000
302.479815,-4.674899,-0.000003,-0.000000,6.283186,0.000000,-1.570796,-0.000000,0.000001,-0.000000,8.000000,-8.000000
302.679736,-4.474978,-0.000003,-0.000000,6.283186,0.000000,-1.570796,0.000000,0.000000,-0.000000,8.000000,-8.000000
302.879656,-4.275058,-0.000003,-0.000000,6.283186,0.000000,-1.570796,0.000000,0.000000,0.000000,8.000000,-8.000000
303.079577,-4.075137,-0.000003,-0.000000,6.283186,0.000000,-1.570796,-0.000000,-0.000000,0.000000,8.000000,-8.000000
303.279497,-3.875217,-0.000003,-0.000000,6.283186,0.000000,-1.570796,0.000000,-0.000001,0.000000,8.000000,-8.000000
303.479418,-3.675296,-0.000003,-0.000000,6.283186,0.000000,-1.570796,0.000000,-0.000001,0.000000,8.000000,-8.000000
303.679338,-3.475376,-0.000003,-0.000000,6.283186,0.000000,-1.570796,-0.000000,-0.000001,0.000000,8.000000,-8.000000
303.879259,-3.275455,-0.000002,-0.000000,6.283186,0.000000,-1.570796,-0.000000,-0.000000,0.000000,8.000000,-8.000000
304.079180,-3.075535,-0.000002,-0.000000,6.283186,0.000000,-1.570796,0.000000,0.000000,-0.000000,8.000000,-8.000000
304.279100,-2.875614,-0.000002,-0.000000,6.283186,0.000000,-1.570796,0.000000,0.000001,-0.000000,8.000000,-8.000000
304.479021,-2.675693,-0.000002,-0.000000,6.283186,0.000000,-1.570796,-0.000000,0.000001,-0.000000,8.000000,-8.000000
304.678941,-2.475773,-0.000002,-0.000000,6.283186,0.000000,-1.570796,0.000000,0.000001,-0.000000,8.000000,-8.000000
304.878862,-2.275852,-0.000002,-0.000000,6.283185,0.000000,-1.570796,-0.000000,0.000001,-0.000000,8.000000,-8.000000
305.078782,-2.075932,-0.000002,-0.000000,6.283185,0.000000,-1.570796,0.000000,0.000001,-0.000000,8.000000,-8.000000
305.278703,-1.876011,-0.000002,-0.000000,6.283185,0.000000,-1.570796,-0.000000,0.000000,0.000000,8.000000,-8.000000
305.478623,-1.676091,-0.000002,-0.000000,6.283185,0.000000,-1.570796,0.000000,0.000000,0.000000,8.000000,-8.000000
305.678544,-1.476170,-0.000002,-0.000000,6.283185,0.000000,-1.570796,-0.000000,-0.000000,0.000000,8.000000,-8.000000
305.878465,-1.276249,-0.000002,-0.000000,6.283185,0.000000,-1.570796,0.000000,-0.000001,0.000000,8.000000,-8.000000
306.078385,-1.076329,-0.000002,-0.000000,6.283185,0.000000,-1.570796,0.000000,-0.000001,0.000000,8.000000,-8.000000
306.278306,-0.876408,-0.000002,-0.000000,6.283186,0.000000,-1.570796,-0.000000,-0.000002,0.000000,8.000000,-8.000000
306.478226,-0.676488,-0.000002,-0.000000,6.283186,0.000000,-1.570796,-0.000000,-0.000002,0.000000,8.000000,-8.000000
306.678147,-0.476567,-0.000002,-0.000000,6.283186,0.000000,-1.570796,0.000000,-0.000002,0.000000,8.000000,-8.000000
306.878067,-0.276647,-0.000002,-0.000000,6.283187,0.000000,-1.570796,-0.000000,-0.000002,0.000000,8.000000,-8.000000
307.077988,-0.076726,-0.000001,-0.000000,6.283187,0.000000,-1.570796,0.000000,-0.000001,0.000000,8.000000,-8.000000
